#
# There is insufficient memory for the Java Runtime Environment to continue.
# Native memory allocation (mmap) failed to map 1048576 bytes. Error detail: G1 virtual space
# Possible reasons:
#   The system is out of physical RAM or swap space
#   This process is running with CompressedOops enabled, and the Java Heap may be blocking the growth of the native heap
# Possible solutions:
#   Reduce memory load on the system
#   Increase physical memory or swap space
#   Check if swap backing store is full
#   Decrease Java heap size (-Xmx/-Xms)
#   Decrease number of Java threads
#   Decrease Java thread stack sizes (-Xss)
#   Set larger code cache with -XX:ReservedCodeCacheSize=
#   JVM is running with Unscaled Compressed Oops mode in which the Java heap is
#     placed in the first 4GB address space. The Java Heap base address is the
#     maximum limit for the native heap growth. Please use -XX:HeapBaseMinAddress
#     to set the Java Heap base and to place the Java Heap above 4GB virtual address.
# This output file may be truncated or incomplete.
#
#  Out of Memory Error (os_windows.cpp:3828), pid=1540, tid=19880
#
# JRE version: OpenJDK Runtime Environment (21.0.5) (build 21.0.5+-12932927-b750.29)
# Java VM: OpenJDK 64-Bit Server VM (21.0.5+-12932927-b750.29, mixed mode, tiered, compressed oops, compressed class ptrs, g1 gc, windows-amd64)
# No core dump will be written. Minidumps are not enabled by default on client versions of Windows
#

---------------  S U M M A R Y ------------

Command Line: --add-opens=java.base/java.lang=ALL-UNNAMED --add-opens=java.base/java.lang.invoke=ALL-UNNAMED --add-opens=java.base/java.util=ALL-UNNAMED --add-opens=java.prefs/java.util.prefs=ALL-UNNAMED --add-exports=jdk.compiler/com.sun.tools.javac.api=ALL-UNNAMED --add-exports=jdk.compiler/com.sun.tools.javac.util=ALL-UNNAMED --add-opens=java.base/java.util=ALL-UNNAMED --add-opens=java.prefs/java.util.prefs=ALL-UNNAMED --add-opens=java.base/java.nio.charset=ALL-UNNAMED --add-opens=java.base/java.net=ALL-UNNAMED --add-opens=java.base/java.util.concurrent.atomic=ALL-UNNAMED --add-opens=java.xml/javax.xml.namespace=ALL-UNNAMED -Xmx2048m -Dfile.encoding=UTF-8 -Duser.country=IN -Duser.language=en -Duser.variant -javaagent:C:\Users\prash\.gradle\wrapper\dists\gradle-8.11.1-bin\bpt9gzteqjrbo1mjrsomdt32c\gradle-8.11.1\lib\agents\gradle-instrumentation-agent-8.11.1.jar org.gradle.launcher.daemon.bootstrap.GradleDaemon 8.11.1

Host: 13th Gen Intel(R) Core(TM) i5-13450HX, 16 cores, 7G,  Windows 11 , 64 bit Build 26100 (10.0.26100.6725)
Time: Thu Oct  9 22:12:20 2025 India Standard Time elapsed time: 1706.638353 seconds (0d 0h 28m 26s)

---------------  T H R E A D  ---------------

Current thread (0x000001a8e7d242e0):  JavaThread "ForkJoinPool.commonPool-worker-68" daemon [_thread_in_vm, id=19880, stack(0x00000057b6500000,0x00000057b6600000) (1024K)]

Stack: [0x00000057b6500000,0x00000057b6600000]
Native frames: (J=compiled Java code, j=interpreted, Vv=VM code, C=native code)
V  [jvm.dll+0x6cfb29]
V  [jvm.dll+0x85ded3]
V  [jvm.dll+0x86042e]
V  [jvm.dll+0x860b13]
V  [jvm.dll+0x27e6b6]
V  [jvm.dll+0x6cc385]
V  [jvm.dll+0x6c078a]
V  [jvm.dll+0x35525b]
V  [jvm.dll+0x35ceb6]
V  [jvm.dll+0x3aeadb]
V  [jvm.dll+0x3af194]
V  [jvm.dll+0x3aece6]
V  [jvm.dll+0x327d64]
V  [jvm.dll+0x325f2f]
V  [jvm.dll+0x661ff0]
V  [jvm.dll+0x23ed82]
V  [jvm.dll+0x8224a7]
V  [jvm.dll+0x72c3e7]
C  0x000001a8c32724a9

The last pc belongs to _new_array_Java (printed below).
Java frames: (J=compiled Java code, j=interpreted, Vv=VM code)
v  ~RuntimeStub::_new_array_Java 0x000001a8c32724a9
J 9363 c2 java.nio.ByteBuffer.allocate(I)Ljava/nio/ByteBuffer; java.base@21.0.5 (20 bytes) @ 0x000001a8c3a4acf4 [0x000001a8c3a4aaa0+0x0000000000000254]
J 33551 c1 com.android.apksig.internal.apk.ApkSigningBlockUtils$ChunkSupplier.get()Lcom/android/apksig/internal/apk/ApkSigningBlockUtils$ChunkSupplier$Chunk; (161 bytes) @ 0x000001a8bd3f4c0c [0x000001a8bd3f4880+0x000000000000038c]
j  com.android.apksig.internal.apk.ApkSigningBlockUtils$ChunkDigester.run()V+226
J 44292 c2 java.util.concurrent.ForkJoinTask.doExec()V java.base@21.0.5 (32 bytes) @ 0x000001a8c4d94b4c [0x000001a8c4d94560+0x00000000000005ec]
J 44293 c2 java.util.concurrent.ForkJoinPool.scan(Ljava/util/concurrent/ForkJoinPool$WorkQueue;JI)J java.base@21.0.5 (301 bytes) @ 0x000001a8c4d98a38 [0x000001a8c4d98780+0x00000000000002b8]
j  java.util.concurrent.ForkJoinPool.runWorker(Ljava/util/concurrent/ForkJoinPool$WorkQueue;)V+62 java.base@21.0.5
j  java.util.concurrent.ForkJoinWorkerThread.run()V+31 java.base@21.0.5
v  ~StubRoutines::call_stub 0x000001a8c316100d
--------------------------------------------------------------------------------
Decoding CodeBlob, name: _new_array_Java, at  [0x000001a8c3272480, 0x000001a8c32724f0]  112 bytes
[MachCode]
  0x000001a8c3272480: 4881 ec28 | 0000 0048 | 896c 2420 | 4989 a798 | 0300 0048 | 8bca 418b | d04d 8bc7 | 49ba b0c3 
  0x000001a8c32724a0: 2426 fc7f | 0000 41ff | d20f 1f84 | 0000 0000 | 004d 89a7 | 9803 0000 | 4d89 a7a0 | 0300 0049 
  0x000001a8c32724c0: 8b87 f003 | 0000 4d89 | a7f0 0300 | 004d 3b67 | 0875 0648 | 83c4 205d | c333 db49 | ba00 0f16 
  0x000001a8c32724e0: c3a8 0100 | 0048 83c4 | 205d 41ff | e2f4 f4f4 
[/MachCode]
--------------------------------------------------------------------------------


Compiled method (c2) 1706736 9363       4       java.nio.ByteBuffer::allocate (20 bytes)
 total in heap  [0x000001a8c3a4a910,0x000001a8c3a4aee0] = 1488
 relocation     [0x000001a8c3a4aa70,0x000001a8c3a4aaa0] = 48
 main code      [0x000001a8c3a4aaa0,0x000001a8c3a4ad58] = 696
 stub code      [0x000001a8c3a4ad58,0x000001a8c3a4ad70] = 24
 metadata       [0x000001a8c3a4ad70,0x000001a8c3a4adf0] = 128
 scopes data    [0x000001a8c3a4adf0,0x000001a8c3a4ae30] = 64
 scopes pcs     [0x000001a8c3a4ae30,0x000001a8c3a4ae80] = 80
 dependencies   [0x000001a8c3a4ae80,0x000001a8c3a4aeb0] = 48
 handler table  [0x000001a8c3a4aeb0,0x000001a8c3a4aee0] = 48

[Constant Pool (empty)]

[MachCode]
[Verified Entry Point]
  # {method} {0x000001a8d2246990} 'allocate' '(I)Ljava/nio/ByteBuffer;' in 'java/nio/ByteBuffer'
  # parm0:    rdx       = int
  #           [sp+0x60]  (sp of caller)
  0x000001a8c3a4aaa0: 8984 2400 | 80ff ff55 | 4883 ec50 | 4181 7f20 | 2c00 0000 | 0f85 9202 | 0000 8954 | 2420 85d2 
  0x000001a8c3a4aac0: 0f8c 4602 | 0000 498b | afb8 0100 | 004c 8bd5 | 4983 c238 | 4d3b 97c8 | 0100 000f | 83d9 0100 
  0x000001a8c3a4aae0: 004d 8997 | b801 0000 | 410f 0d8a | c000 0000 | 48c7 4500 | 0100 0000 

  0x000001a8c3a4aaf8: ;   {metadata('java/nio/HeapByteBuffer')}
  0x000001a8c3a4aaf8: c745 081a | e900 2044 | 8965 0c4c | 8965 104c | 8965 184c | 8965 204c | 8965 284c | 8965 3044 
  0x000001a8c3a4ab18: 8b5c 2420 | 4181 fb00 | 0010 000f | 87db 0100 | 0049 63cb | 4181 fb00 | 0010 000f | 87a7 0100 
  0x000001a8c3a4ab38: 004d 8b87 | b801 0000 | 4883 c117 | 4c8b d149 | 83e2 f84d | 8bd8 4d03 | da4d 3b9f | c801 0000 
  0x000001a8c3a4ab58: 0f83 8201 | 0000 4d89 | 9fb8 0100 | 0041 0f0d | 8bc0 0000 | 0049 c700 | 0100 0000 | 410f 0d8b 
  0x000001a8c3a4ab78: 0001 0000 

  0x000001a8c3a4ab7c: ;   {metadata({type array byte})}
  0x000001a8c3a4ab7c: 41c7 4008 | 4581 0020 | 448b 4c24 | 2045 8948 | 0c41 0f0d | 8b40 0100 | 0049 8bf8 | 4883 c710 
  0x000001a8c3a4ab9c: 410f 0d8b | 8001 0000 | 48c1 e903 | 4883 c1fe | 4833 c048 | 83f9 087f | 1048 ffc9 | 784f 4889 
  0x000001a8c3a4abbc: 04cf 48ff | c97d f7eb | 44c5 fdef | c0e9 0d00 | 0000 c5fe | 7f07 c5fe | 7f47 2048 | 83c7 4048 
  0x000001a8c3a4abdc: 83e9 087d | ed48 83c1 | 047c 0cc5 | fe7f 0748 | 83c7 2048 | 83e9 0448 | 83c1 047e | 1048 ffc9 
  0x000001a8c3a4abfc: c5f9 d607 | 4883 c708 | 48ff c97d | f3c7 450c | ffff ffff | 448b 5424 | 2044 8955 | 1c44 8955 
  0x000001a8c3a4ac1c: 20c6 452d | 0144 8865 | 2e4d 8bd8 | 4489 5d30 | 4d8b d04c | 8bdd 4d33 | d349 c1ea | 144d 85d2 
  0x000001a8c3a4ac3c: 7416 49c1 | eb09 48b9 | 0000 cecb | a801 0000 | 4903 cb80 | 3902 7522 | 4489 6528 | 48c7 4510 
  0x000001a8c3a4ac5c: 1000 0000 | 488b c548 | 83c4 505d 

  0x000001a8c3a4ac68: ;   {poll_return}
  0x000001a8c3a4ac68: 493b a748 | 0400 000f | 87c1 0000 | 00c3 4d8b | 5748 4d8b | 5f58 f083 | 4424 c000 | 8039 0074 
  0x000001a8c3a4ac88: cb44 8821 | 4d85 d275 | 1a49 8bd7 | 49ba 50ed | e325 fc7f | 0000 41ff 

  0x000001a8c3a4aca0: ;   {other}
  0x000001a8c3a4aca0: d20f 1f84 | 0000 0000 | 00eb a94b | 894c 13f8 | 4983 c2f8 | 4d89 5748 

  0x000001a8c3a4acb8: ;   {metadata('java/nio/HeapByteBuffer')}
  0x000001a8c3a4acb8: eb9a 48ba | d048 0700 | 0100 0000 | 8b6c 2420 

  0x000001a8c3a4acc8: ;   {runtime_call _new_instance_Java}
  0x000001a8c3a4acc8: 6666 90e8 

  0x000001a8c3a4accc: ; ImmutableOopMap {}
                      ;*new {reexecute=0 rethrow=0 return_oop=1}
                      ; - java.nio.ByteBuffer::allocate@9
  0x000001a8c3a4accc: b07a 82ff 

  0x000001a8c3a4acd0: ;   {other}
  0x000001a8c3a4acd0: 0f1f 8400 | c003 0000 | 488b e8e9 | 37fe ffff 

  0x000001a8c3a4ace0: ;   {metadata({type array byte})}
  0x000001a8c3a4ace0: 48ba 280a | 0400 0100 | 0000 448b 

  0x000001a8c3a4acec: ;   {runtime_call _new_array_Java}
  0x000001a8c3a4acec: 4424 20e8 

  0x000001a8c3a4acf0: ; ImmutableOopMap {rbp=Oop }
                      ;*newarray {reexecute=0 rethrow=0 return_oop=1}
                      ; - java.nio.HeapByteBuffer::<init>@6
                      ; - java.nio.ByteBuffer::allocate@16
  0x000001a8c3a4acf0: 8c77 82ff 

  0x000001a8c3a4acf4: ;   {other}
  0x000001a8c3a4acf4: 0f1f 8400 | e403 0001 | 4c8b c0e9 | 05ff ffff | 4963 cbe9 | 20fe ffff | ba45 ffff | ff8b 6c24 
  0x000001a8c3a4ad14: ;   {runtime_call UncommonTrapBlob}
  0x000001a8c3a4ad14: 2066 90e8 

  0x000001a8c3a4ad18: ; ImmutableOopMap {}
                      ;*ifge {reexecute=1 rethrow=0 return_oop=0}
                      ; - (reexecute) java.nio.ByteBuffer::allocate@1
  0x000001a8c3a4ad18: e498 76ff 

  0x000001a8c3a4ad1c: ;   {other}
  0x000001a8c3a4ad1c: 0f1f 8400 | 0c04 0002 | 488b d0eb | 0348 8bd0 | 4883 c450 

  0x000001a8c3a4ad30: ;   {runtime_call _rethrow_Java}
  0x000001a8c3a4ad30: 5de9 ca06 

  0x000001a8c3a4ad34: ;   {internal_word}
  0x000001a8c3a4ad34: 83ff 49ba | 68ac a4c3 | a801 0000 | 4d89 9760 

  0x000001a8c3a4ad44: ;   {runtime_call SafepointBlob}
  0x000001a8c3a4ad44: 0400 00e9 | b4a9 76ff 

  0x000001a8c3a4ad4c: ;   {runtime_call StubRoutines (final stubs)}
  0x000001a8c3a4ad4c: e8cf ed74 | ffe9 64fd | ffff f4f4 
[Exception Handler]
  0x000001a8c3a4ad58: ;   {no_reloc}
  0x000001a8c3a4ad58: e923 7d82 | ffe8 0000 | 0000 4883 

  0x000001a8c3a4ad64: ;   {runtime_call DeoptimizationBlob}
  0x000001a8c3a4ad64: 2c24 05e9 | 349c 76ff | f4f4 f4f4 
[/MachCode]


Compiled method (c1) 1706747 33551   !   3       com.android.apksig.internal.apk.ApkSigningBlockUtils$ChunkSupplier::get (161 bytes)
 total in heap  [0x000001a8bd3f4610,0x000001a8bd3f5740] = 4400
 relocation     [0x000001a8bd3f4770,0x000001a8bd3f4878] = 264
 main code      [0x000001a8bd3f4880,0x000001a8bd3f51d8] = 2392
 stub code      [0x000001a8bd3f51d8,0x000001a8bd3f5270] = 152
 oops           [0x000001a8bd3f5270,0x000001a8bd3f5278] = 8
 metadata       [0x000001a8bd3f5278,0x000001a8bd3f52a0] = 40
 scopes data    [0x000001a8bd3f52a0,0x000001a8bd3f5470] = 464
 scopes pcs     [0x000001a8bd3f5470,0x000001a8bd3f5660] = 496
 dependencies   [0x000001a8bd3f5660,0x000001a8bd3f5670] = 16
 handler table  [0x000001a8bd3f5670,0x000001a8bd3f56e8] = 120
 nul chk table  [0x000001a8bd3f56e8,0x000001a8bd3f5740] = 88

[Constant Pool (empty)]

[MachCode]
[Entry Point]
  # {method} {0x000001a8f1902730} 'get' '()Lcom/android/apksig/internal/apk/ApkSigningBlockUtils$ChunkSupplier$Chunk;' in 'com/android/apksig/internal/apk/ApkSigningBlockUtils$ChunkSupplier'
  #           [sp+0xd0]  (sp of caller)
  0x000001a8bd3f4880: 448b 5208 | 49c1 e203 

  0x000001a8bd3f4888: ;   {runtime_call ic_miss_stub}
  0x000001a8bd3f4888: 4c3b d00f | 85ef 9edb | 0566 6666 | 0f1f 8400 | 0000 0000 | 6666 6690 
[Verified Entry Point]
  0x000001a8bd3f48a0: 8984 2400 | 80ff ff55 | 4881 ecc0 | 0000 0090 | 4181 7f20 | 2c00 0000 

  0x000001a8bd3f48b8: ;   {runtime_call StubRoutines (final stubs)}
  0x000001a8bd3f48b8: 7405 e861 | 52da 0548 | 8994 2480 

  0x000001a8bd3f48c4: ;   {metadata(method data for {method} {0x000001a8f1902730} 'get' '()Lcom/android/apksig/internal/apk/ApkSigningBlockUtils$ChunkSupplier$Chunk;' in 'com/android/apksig/internal/apk/ApkSigningBlockUtils$ChunkSupplier')}
  0x000001a8bd3f48c4: 0000 0048 | be78 c5a3 | f1a8 0100 | 008b becc | 0000 0083 | c702 89be | cc00 0000 | 81e7 fe07 
  0x000001a8bd3f48e4: 0000 85ff | 0f84 0b07 | 0000 8b72 | 1848 3b06 

  0x000001a8bd3f48f4: ;   {metadata(method data for {method} {0x000001a8f1902730} 'get' '()Lcom/android/apksig/internal/apk/ApkSigningBlockUtils$ChunkSupplier$Chunk;' in 'com/android/apksig/internal/apk/ApkSigningBlockUtils$ChunkSupplier')}
  0x000001a8bd3f48f4: 488b fe48 | bb78 c5a3 | f1a8 0100 | 0048 8383 | 1001 0000 | 0148 8bd6 

  0x000001a8bd3f490c: ;   {optimized virtual_call}
  0x000001a8bd3f490c: 6666 90e8 

  0x000001a8bd3f4910: ; ImmutableOopMap {[128]=Oop }
                      ;*invokevirtual getAndIncrement {reexecute=0 rethrow=0 return_oop=0}
                      ; - com.android.apksig.internal.apk.ApkSigningBlockUtils$ChunkSupplier::get@4 (line 552)
  0x000001a8bd3f4910: ac15 4f07 

  0x000001a8bd3f4914: ;   {other}
  0x000001a8bd3f4914: 0f1f 8400 | 0403 0000 | 8984 2494 | 0000 0085 

  0x000001a8bd3f4924: ;   {metadata(method data for {method} {0x000001a8f1902730} 'get' '()Lcom/android/apksig/internal/apk/ApkSigningBlockUtils$ChunkSupplier$Chunk;' in 'com/android/apksig/internal/apk/ApkSigningBlockUtils$ChunkSupplier')}
  0x000001a8bd3f4924: c048 ba78 | c5a3 f1a8 | 0100 0048 | c7c6 4801 | 0000 7c07 | 48c7 c658 | 0100 0048 | 8b3c 3248 
  0x000001a8bd3f4944: 8d7f 0148 | 893c 320f | 8cc8 0500 | 0048 8b94 | 2480 0000 | 008b 720c 

  0x000001a8bd3f495c: ;   {metadata(method data for {method} {0x000001a8f1902730} 'get' '()Lcom/android/apksig/internal/apk/ApkSigningBlockUtils$ChunkSupplier$Chunk;' in 'com/android/apksig/internal/apk/ApkSigningBlockUtils$ChunkSupplier')}
  0x000001a8bd3f495c: 3bc6 48be | 78c5 a3f1 | a801 0000 | 48c7 c778 | 0100 007d | 0748 c7c7 | 6801 0000 | 488b 1c3e 
  0x000001a8bd3f497c: 488d 5b01 | 4889 1c3e | 0f8d 8f05 | 0000 4863 | f0bf 0000 | 0000 e990 | 0000 0090 | 8b4a 143b 
  0x000001a8bd3f499c: 790c 0f83 | 8506 0000 | 4c63 c742 | 8b4c 8110 | 4863 c94c | 8bc6 4c3b 

  0x000001a8bd3f49b4: ;   {metadata(method data for {method} {0x000001a8f1902730} 'get' '()Lcom/android/apksig/internal/apk/ApkSigningBlockUtils$ChunkSupplier$Chunk;' in 'com/android/apksig/internal/apk/ApkSigningBlockUtils$ChunkSupplier')}
  0x000001a8bd3f49b4: c149 b878 | c5a3 f1a8 | 0100 0049 | c7c1 b801 | 0000 7c07 | 49c7 c1a8 | 0100 004f | 8b1c 084d 
  0x000001a8bd3f49d4: 8d5b 014f | 891c 080f | 8c7f 0000 | 0048 2bf1 

  0x000001a8bd3f49e4: ;   {metadata(method data for {method} {0x000001a8f1902730} 'get' '()Lcom/android/apksig/internal/apk/ApkSigningBlockUtils$ChunkSupplier$Chunk;' in 'com/android/apksig/internal/apk/ApkSigningBlockUtils$ChunkSupplier')}
  0x000001a8bd3f49e4: ffc7 48bb | 78c5 a3f1 | a801 0000 | 8b8b d000 | 0000 83c1 | 0289 8bd0 | 0000 0081 | e1fe 3f00 
  0x000001a8bd3f4a04: 0085 c90f | 842a 0600 | 004d 8b97 

  0x000001a8bd3f4a10: ; ImmutableOopMap {rdx=Oop [128]=Oop }
                      ;*goto {reexecute=1 rethrow=0 return_oop=0}
                      ; - (reexecute) com.android.apksig.internal.apk.ApkSigningBlockUtils$ChunkSupplier::get@64 (line 559)
  0x000001a8bd3f4a10: 5004 0000 

  0x000001a8bd3f4a14: ;   {poll}
  0x000001a8bd3f4a14: 4185 0248 | bb78 c5a3 | f1a8 0100 | 00ff 83e0 | 0100 008b | 5a10 8b4b 

  0x000001a8bd3f4a2c: ;   {metadata(method data for {method} {0x000001a8f1902730} 'get' '()Lcom/android/apksig/internal/apk/ApkSigningBlockUtils$ChunkSupplier$Chunk;' in 'com/android/apksig/internal/apk/ApkSigningBlockUtils$ChunkSupplier')}
  0x000001a8bd3f4a2c: 0c3b f948 | b978 c5a3 | f1a8 0100 | 0049 c7c0 | 8801 0000 | 7d07 49c7 | c098 0100 | 004e 8b0c 
  0x000001a8bd3f4a4c: 014d 8d49 | 014e 890c | 010f 8d15 | 0000 00e9 | 38ff ffff 

  0x000001a8bd3f4a60: ;   {metadata(method data for {method} {0x000001a8f1902730} 'get' '()Lcom/android/apksig/internal/apk/ApkSigningBlockUtils$ChunkSupplier$Chunk;' in 'com/android/apksig/internal/apk/ApkSigningBlockUtils$ChunkSupplier')}
  0x000001a8bd3f4a60: 48b9 78c5 | a3f1 a801 | 0000 ff81 | c801 0000 | 4889 b424 | 8800 0000 | 3b7b 0c0f | 83dc 0500 
  0x000001a8bd3f4a80: 0048 63cf | 8b5c 8b10 

  0x000001a8bd3f4a88: ; implicit exception: dispatches to 0x000001a8bd3f506b
  0x000001a8bd3f4a88: 483b 0348 

  0x000001a8bd3f4a8c: ;   {metadata(method data for {method} {0x000001a8f1902730} 'get' '()Lcom/android/apksig/internal/apk/ApkSigningBlockUtils$ChunkSupplier$Chunk;' in 'com/android/apksig/internal/apk/ApkSigningBlockUtils$ChunkSupplier')}
  0x000001a8bd3f4a8c: 8bcb 49b8 | 78c5 a3f1 | a801 0000 | 8b49 0848 | c1e1 0349 | 3b88 0802 | 0000 750d | 4983 8010 
  0x000001a8bd3f4aac: 0200 0001 | e960 0000 | 0049 3b88 | 1802 0000 | 750d 4983 | 8020 0200 | 0001 e94a | 0000 0049 
  0x000001a8bd3f4acc: 83b8 0802 | 0000 0075 | 1749 8988 | 0802 0000 | 49c7 8010 | 0200 0001 | 0000 00e9 | 2900 0000 
  0x000001a8bd3f4aec: 4983 b818 | 0200 0000 | 7517 4989 | 8818 0200 | 0049 c780 | 2002 0000 | 0100 0000 | e908 0000 
  0x000001a8bd3f4b0c: 0049 8380 | f801 0000 | 0148 8bd3 | 89bc 2490 | 0000 0066 | 0f1f 4400 | 0048 b850 | f43a e7a8 
  0x000001a8bd3f4b2c: ;   {virtual_call}
  0x000001a8bd3f4b2c: 0100 00e8 

  0x000001a8bd3f4b30: ; ImmutableOopMap {[128]=Oop }
                      ;*invokeinterface size {reexecute=0 rethrow=0 return_oop=0}
                      ; - com.android.apksig.internal.apk.ApkSigningBlockUtils$ChunkSupplier::get@73 (line 567)
  0x000001a8bd3f4b30: d47c e805 

  0x000001a8bd3f4b34: ;   {other}
  0x000001a8bd3f4b34: 0f1f 8400 | 2405 0002 | 488b d048 | c7c6 0000 | 1000 488b | fe48 8b84 | 2488 0000 | 0048 0faf 
  0x000001a8bd3f4b54: c748 2bd0 

  0x000001a8bd3f4b58: ;   {metadata(method data for {method} {0x000001a8f1902730} 'get' '()Lcom/android/apksig/internal/apk/ApkSigningBlockUtils$ChunkSupplier$Chunk;' in 'com/android/apksig/internal/apk/ApkSigningBlockUtils$ChunkSupplier')}
  0x000001a8bd3f4b58: 48bf 78c5 | a3f1 a801 | 0000 4883 | 8730 0200 

  0x000001a8bd3f4b68: ;   {metadata(method data for {method} {0x000001a8d21983f8} 'min' '(JJ)J' in 'java/lang/Math')}
  0x000001a8bd3f4b68: 0001 48bf | 7071 90d2 | a801 0000 | 8b9f cc00 | 0000 83c3 | 0289 9fcc | 0000 0081 | e3fe ff1f 
  0x000001a8bd3f4b88: 0085 db0f | 84df 0400 | 0048 3bf2 

  0x000001a8bd3f4b94: ;   {metadata(method data for {method} {0x000001a8d21983f8} 'min' '(JJ)J' in 'java/lang/Math')}
  0x000001a8bd3f4b94: 48be 7071 | 90d2 a801 | 0000 48c7 | c720 0100 | 007d 0748 | c7c7 1001 | 0000 488b | 1c3e 488d 
  0x000001a8bd3f4bb4: 5b01 4889 | 1c3e 0f8d | 0c00 0000 | 48c7 c200 | 0010 00e9 | 1000 0000 

  0x000001a8bd3f4bcc: ;   {metadata(method data for {method} {0x000001a8d21983f8} 'min' '(JJ)J' in 'java/lang/Math')}
  0x000001a8bd3f4bcc: 48be 7071 | 90d2 a801 | 0000 ff86 | 3001 0000 | 4889 8424 | 9800 0000 | 8bd2 8994 | 24a0 0000 
  0x000001a8bd3f4bec: ;   {metadata(method data for {method} {0x000001a8f1902730} 'get' '()Lcom/android/apksig/internal/apk/ApkSigningBlockUtils$ChunkSupplier$Chunk;' in 'com/android/apksig/internal/apk/ApkSigningBlockUtils$ChunkSupplier')}
  0x000001a8bd3f4bec: 0048 be78 | c5a3 f1a8 | 0100 0048 | 8386 4002 | 0000 0148 | 8bf2 488b 

  0x000001a8bd3f4c04: ;   {static_call}
  0x000001a8bd3f4c04: d666 90e8 

  0x000001a8bd3f4c08: ; ImmutableOopMap {[128]=Oop }
                      ;*invokestatic allocate {reexecute=0 rethrow=0 return_oop=0}
                      ; - com.android.apksig.internal.apk.ApkSigningBlockUtils$ChunkSupplier::get@99 (line 572)
  0x000001a8bd3f4c08: 945e 6506 

  0x000001a8bd3f4c0c: ;   {other}
  0x000001a8bd3f4c0c: 0f1f 8400 | fc05 0003 | 4889 8424 | a800 0000 | 4c8b 8424 | 9800 0000 | 488b b424 | 8800 0000 
  0x000001a8bd3f4c2c: 8bbc 2490 | 0000 0048 | 8b94 2480 | 0000 0044 | 8b4a 1041 | 3b79 0c0f | 8352 0400 | 0048 63ff 
  0x000001a8bd3f4c4c: 418b 54b9 | 1048 3b02 

  0x000001a8bd3f4c54: ;   {metadata(method data for {method} {0x000001a8f1902730} 'get' '()Lcom/android/apksig/internal/apk/ApkSigningBlockUtils$ChunkSupplier$Chunk;' in 'com/android/apksig/internal/apk/ApkSigningBlockUtils$ChunkSupplier')}
  0x000001a8bd3f4c54: 4c8b ca48 | bf78 c5a3 | f1a8 0100 | 0045 8b49 | 0849 c1e1 | 034c 3b8f | 6002 0000 | 750d 4883 
  0x000001a8bd3f4c74: 8768 0200 | 0001 e960 | 0000 004c | 3b8f 7002 | 0000 750d | 4883 8778 | 0200 0001 | e94a 0000 
  0x000001a8bd3f4c94: 0048 83bf | 6002 0000 | 0075 174c | 898f 6002 | 0000 48c7 | 8768 0200 | 0001 0000 | 00e9 2900 
  0x000001a8bd3f4cb4: 0000 4883 | bf70 0200 | 0000 7517 | 4c89 8f70 | 0200 0048 | c787 7802 | 0000 0100 | 0000 e908 
  0x000001a8bd3f4cd4: 0000 0048 | 8387 5002 | 0000 0144 | 8b8c 24a0 | 0000 0048 | 8bf8 6666 | 9048 b820 | f13a e7a8 
  0x000001a8bd3f4cf4: ;   {virtual_call}
  0x000001a8bd3f4cf4: 0100 00e8 

  0x000001a8bd3f4cf8: ; ImmutableOopMap {[168]=Oop }
                      ;*invokeinterface copyTo {reexecute=0 rethrow=0 return_oop=0}
                      ; - com.android.apksig.internal.apk.ApkSigningBlockUtils$ChunkSupplier::get@119 (line 574)
  0x000001a8bd3f4cf8: cc7c e805 

  0x000001a8bd3f4cfc: ;   {other}
  0x000001a8bd3f4cfc: 0f1f 8400 | ec06 0004 

  0x000001a8bd3f4d04: ;   {metadata(method data for {method} {0x000001a8f1902730} 'get' '()Lcom/android/apksig/internal/apk/ApkSigningBlockUtils$ChunkSupplier$Chunk;' in 'com/android/apksig/internal/apk/ApkSigningBlockUtils$ChunkSupplier')}
  0x000001a8bd3f4d04: 48ba 78c5 | a3f1 a801 | 0000 ff82 | 8802 0000 | 488b 8424 | a800 0000 

  0x000001a8bd3f4d1c: ; implicit exception: dispatches to 0x000001a8bd3f50ae
  0x000001a8bd3f4d1c: 483b 0048 

  0x000001a8bd3f4d20: ;   {metadata(method data for {method} {0x000001a8f1902730} 'get' '()Lcom/android/apksig/internal/apk/ApkSigningBlockUtils$ChunkSupplier$Chunk;' in 'com/android/apksig/internal/apk/ApkSigningBlockUtils$ChunkSupplier')}
  0x000001a8bd3f4d20: 8bf8 48bb | 78c5 a3f1 | a801 0000 | 8b7f 0848 | c1e7 0348 | 3bbb c002 | 0000 750d | 4883 83c8 
  0x000001a8bd3f4d40: 0200 0001 | e960 0000 | 0048 3bbb | d002 0000 | 750d 4883 | 83d8 0200 | 0001 e94a | 0000 0048 
  0x000001a8bd3f4d60: 83bb c002 | 0000 0075 | 1748 89bb | c002 0000 | 48c7 83c8 | 0200 0001 | 0000 00e9 | 2900 0000 
  0x000001a8bd3f4d80: 4883 bbd0 | 0200 0000 | 7517 4889 | bbd0 0200 | 0048 c783 | d802 0000 | 0100 0000 | e908 0000 
  0x000001a8bd3f4da0: 0048 8383 | b002 0000 | 0148 8bd0 | 9048 b8d0 | 4807 0001 

  0x000001a8bd3f4db4: ;   {virtual_call}
  0x000001a8bd3f4db4: 0000 00e8 

  0x000001a8bd3f4db8: ; ImmutableOopMap {[168]=Oop }
                      ;*invokevirtual rewind {reexecute=0 rethrow=0 return_oop=0}
                      ; - com.android.apksig.internal.apk.ApkSigningBlockUtils$ChunkSupplier::get@143 (line 580)
  0x000001a8bd3f4db8: 8434 0200 

  0x000001a8bd3f4dbc: ;   {other}
  0x000001a8bd3f4dbc: 0f1f 8400 | ac07 0005 

  0x000001a8bd3f4dc4: ;   {metadata('com/android/apksig/internal/apk/ApkSigningBlockUtils$ChunkSupplier$Chunk')}
  0x000001a8bd3f4dc4: 48ba 48fd | f201 0100 | 0000 498b | 87b8 0100 | 0048 8d78 | 1849 3bbf | c801 0000 | 0f87 cd02 
  0x000001a8bd3f4de4: 0000 4989 | bfb8 0100 | 0048 c700 | 0100 0000 | 488b ca48 | c1e9 0389 | 4808 4833 | c989 480c 
  0x000001a8bd3f4e04: 4833 c948 | 8948 1048 

  0x000001a8bd3f4e0c: ;   {metadata(method data for {method} {0x000001a8f1902730} 'get' '()Lcom/android/apksig/internal/apk/ApkSigningBlockUtils$ChunkSupplier$Chunk;' in 'com/android/apksig/internal/apk/ApkSigningBlockUtils$ChunkSupplier')}
  0x000001a8bd3f4e0c: 8bd0 48be | 78c5 a3f1 | a801 0000 | 4883 86e8 | 0200 0001 

  0x000001a8bd3f4e20: ;   {metadata(method data for {method} {0x000001a8f1906298} '<init>' '(ILjava/nio/ByteBuffer;ILcom/android/apksig/internal/apk/ApkSigningBlockUtils$1;)V' in 'com/android/apksig/internal/apk/ApkSigningBlockUtils$ChunkSupplier$Chunk')}
  0x000001a8bd3f4e20: 48ba c0c8 | a3f1 a801 | 0000 8bb2 | cc00 0000 | 83c6 0289 | b2cc 0000 | 0081 e6fe | ff1f 0085 
  0x000001a8bd3f4e40: f60f 8479 | 0200 0048 

  0x000001a8bd3f4e48: ;   {metadata(method data for {method} {0x000001a8f1906298} '<init>' '(ILjava/nio/ByteBuffer;ILcom/android/apksig/internal/apk/ApkSigningBlockUtils$1;)V' in 'com/android/apksig/internal/apk/ApkSigningBlockUtils$ChunkSupplier$Chunk')}
  0x000001a8bd3f4e48: 8bd0 48be | c0c8 a3f1 | a801 0000 | 4883 8610 | 0100 0001 

  0x000001a8bd3f4e5c: ;   {metadata(method data for {method} {0x000001a8f1905f60} '<init>' '(ILjava/nio/ByteBuffer;I)V' in 'com/android/apksig/internal/apk/ApkSigningBlockUtils$ChunkSupplier$Chunk')}
  0x000001a8bd3f4e5c: 48ba 20ca | a3f1 a801 | 0000 8bb2 | cc00 0000 | 83c6 0289 | b2cc 0000 | 0081 e6fe | ff1f 0085 
  0x000001a8bd3f4e7c: f60f 845e | 0200 0048 

  0x000001a8bd3f4e84: ;   {metadata(method data for {method} {0x000001a8f1905f60} '<init>' '(ILjava/nio/ByteBuffer;I)V' in 'com/android/apksig/internal/apk/ApkSigningBlockUtils$ChunkSupplier$Chunk')}
  0x000001a8bd3f4e84: 8bd0 48be | 20ca a3f1 | a801 0000 | 4883 8610 | 0100 0001 

  0x000001a8bd3f4e98: ;   {metadata(method data for {method} {0x000001a8d2000638} '<init>' '()V' in 'java/lang/Object')}
  0x000001a8bd3f4e98: 48ba a08f | 27d2 a801 | 0000 8bb2 | cc00 0000 | 83c6 0289 | b2cc 0000 | 0081 e6fe | ff1f 0085 
  0x000001a8bd3f4eb8: f60f 8443 | 0200 008b | 9424 9400 | 0000 8950 | 0c41 0fbe | 5740 85d2 | 0f85 4d02 | 0000 488b 
  0x000001a8bd3f4ed8: 9424 a800 | 0000 4c8b | d244 8950 | 1448 8bf0 | 4833 f248 | c1ee 1448 | 83fe 000f | 8545 0200 
  0x000001a8bd3f4ef8: 008b 9424 | a000 0000 | 8950 1048 | 81c4 c000 

  0x000001a8bd3f4f08: ;   {poll_return}
  0x000001a8bd3f4f08: 0000 5d49 | 3ba7 4804 | 0000 0f87 | 3e02 0000 

  0x000001a8bd3f4f18: ;   {oop(nullptr)}
  0x000001a8bd3f4f18: c348 b800 | 0000 0000 | 0000 0048 | 81c4 c000 

  0x000001a8bd3f4f28: ;   {poll_return}
  0x000001a8bd3f4f28: 0000 5d49 | 3ba7 4804 | 0000 0f87 | 3402 0000 | c349 8b87 | f804 0000 | 4d33 d24d | 8997 f804 
  0x000001a8bd3f4f48: 0000 4d33 | d24d 8997 | 0005 0000 | 4c8b c890 

  0x000001a8bd3f4f58: ;   {no_reloc}
  0x000001a8bd3f4f58: e934 0200 | 0000 0000 | 0000 80ba | 4101 0000 | 040f 8531 | 0200 0049 | 8b87 b801 | 0000 488d 
  0x000001a8bd3f4f78: 7828 493b | bfc8 0100 | 000f 8719 | 0200 0049 | 89bf b801 | 0000 48c7 | 0001 0000 | 0048 8bca 
  0x000001a8bd3f4f98: 48c1 e903 | 8948 0848 | 33c9 8948 | 0c48 33c9 | 4889 4810 | 4889 4818 | 4889 4820 

  0x000001a8bd3f4fb4: ;   {metadata(method data for {method} {0x000001a8f1902730} 'get' '()Lcom/android/apksig/internal/apk/ApkSigningBlockUtils$ChunkSupplier$Chunk;' in 'com/android/apksig/internal/apk/ApkSigningBlockUtils$ChunkSupplier')}
  0x000001a8bd3f4fb4: 4c8b c048 | ba78 c5a3 | f1a8 0100 | 0048 8382 | a002 0000 

  0x000001a8bd3f4fc8: ;   {oop("Failed to read chunk"{0x00000000f7d551d8})}
  0x000001a8bd3f4fc8: 0149 b8d8 | 51d5 f700 | 0000 0048 | 8bd0 4889 | 8424 b000 

  0x000001a8bd3f4fdc: ;   {optimized virtual_call}
  0x000001a8bd3f4fdc: 0000 90e8 

  0x000001a8bd3f4fe0: ; ImmutableOopMap {[176]=Oop }
                      ;*invokespecial <init> {reexecute=0 rethrow=0 return_oop=0}
                      ; - com.android.apksig.internal.apk.ApkSigningBlockUtils$ChunkSupplier::get@137 (line 578)
  0x000001a8bd3f4fe0: 9c9a db05 

  0x000001a8bd3f4fe4: ;   {other}
  0x000001a8bd3f4fe4: 0f1f 8400 | d409 0006 | 488b 8424 | b000 0000 | e9d1 0100 

  0x000001a8bd3f4ff8: ;   {metadata({method} {0x000001a8f1902730} 'get' '()Lcom/android/apksig/internal/apk/ApkSigningBlockUtils$ChunkSupplier$Chunk;' in 'com/android/apksig/internal/apk/ApkSigningBlockUtils$ChunkSupplier')}
  0x000001a8bd3f4ff8: 0049 ba28 | 2790 f1a8 | 0100 004c | 8954 2408 | 48c7 0424 | ffff ffff 

  0x000001a8bd3f5010: ;   {runtime_call counter_overflow Runtime1 stub}
  0x000001a8bd3f5010: e86b bbe7 

  0x000001a8bd3f5014: ; ImmutableOopMap {rdx=Oop [128]=Oop }
                      ;*synchronization entry
                      ; - com.android.apksig.internal.apk.ApkSigningBlockUtils$ChunkSupplier::get@-1 (line 552)
  0x000001a8bd3f5014: 05e9 d4f8 

  0x000001a8bd3f5018: ;   {runtime_call throw_null_pointer_exception Runtime1 stub}
  0x000001a8bd3f5018: ffff e861 

  0x000001a8bd3f501c: ; ImmutableOopMap {rdx=Oop rsi=Oop [128]=Oop }
                      ;*invokevirtual getAndIncrement {reexecute=0 rethrow=0 return_oop=0}
                      ; - com.android.apksig.internal.apk.ApkSigningBlockUtils$ChunkSupplier::get@4 (line 552)
                      ;   {runtime_call throw_null_pointer_exception Runtime1 stub}
  0x000001a8bd3f501c: 6ae7 05e8 

  0x000001a8bd3f5020: ; ImmutableOopMap {rdx=Oop rbx=Oop rcx=Oop [128]=Oop }
                      ;*iaload {reexecute=0 rethrow=0 return_oop=0}
                      ; - com.android.apksig.internal.apk.ApkSigningBlockUtils$ChunkSupplier::get@42 (line 560)
  0x000001a8bd3f5020: 5c6a e705 

  0x000001a8bd3f5024: ;   {runtime_call throw_null_pointer_exception Runtime1 stub}
  0x000001a8bd3f5024: e857 6ae7 

  0x000001a8bd3f5028: ; ImmutableOopMap {rdx=Oop rbx=Oop rcx=Oop [128]=Oop }
                      ;*iaload {reexecute=0 rethrow=0 return_oop=0}
                      ; - com.android.apksig.internal.apk.ApkSigningBlockUtils$ChunkSupplier::get@42 (line 560)
  0x000001a8bd3f5028: 0548 893c | 2448 894c 

  0x000001a8bd3f5030: ;   {runtime_call throw_range_check_failed Runtime1 stub}
  0x000001a8bd3f5030: 2408 e849 

  0x000001a8bd3f5034: ; ImmutableOopMap {rdx=Oop rbx=Oop rcx=Oop [128]=Oop }
                      ;*iaload {reexecute=0 rethrow=0 return_oop=0}
                      ; - com.android.apksig.internal.apk.ApkSigningBlockUtils$ChunkSupplier::get@42 (line 560)
                      ;   {metadata({method} {0x000001a8f1902730} 'get' '()Lcom/android/apksig/internal/apk/ApkSigningBlockUtils$ChunkSupplier$Chunk;' in 'com/android/apksig/internal/apk/ApkSigningBlockUtils$ChunkSupplier')}
  0x000001a8bd3f5034: 61e7 0549 | ba28 2790 | f1a8 0100 | 004c 8954 | 2408 48c7 | 0424 4000 

  0x000001a8bd3f504c: ;   {runtime_call counter_overflow Runtime1 stub}
  0x000001a8bd3f504c: 0000 e82d 

  0x000001a8bd3f5050: ; ImmutableOopMap {rdx=Oop [128]=Oop }
                      ;*goto {reexecute=1 rethrow=0 return_oop=0}
                      ; - (reexecute) com.android.apksig.internal.apk.ApkSigningBlockUtils$ChunkSupplier::get@64 (line 559)
  0x000001a8bd3f5050: bbe7 05e9 | b5f9 ffff 

  0x000001a8bd3f5058: ;   {runtime_call throw_null_pointer_exception Runtime1 stub}
  0x000001a8bd3f5058: e823 6ae7 

  0x000001a8bd3f505c: ; ImmutableOopMap {rdx=Oop rbx=Oop [128]=Oop }
                      ;*arraylength {reexecute=0 rethrow=0 return_oop=0}
                      ; - com.android.apksig.internal.apk.ApkSigningBlockUtils$ChunkSupplier::get@32 (line 559)
  0x000001a8bd3f505c: 0548 893c | 2448 895c 

  0x000001a8bd3f5064: ;   {runtime_call throw_range_check_failed Runtime1 stub}
  0x000001a8bd3f5064: 2408 e815 

  0x000001a8bd3f5068: ; ImmutableOopMap {rbx=Oop [128]=Oop }
                      ;*aaload {reexecute=0 rethrow=0 return_oop=0}
                      ; - com.android.apksig.internal.apk.ApkSigningBlockUtils$ChunkSupplier::get@72 (line 566)
                      ;   {runtime_call throw_null_pointer_exception Runtime1 stub}
  0x000001a8bd3f5068: 61e7 05e8 

  0x000001a8bd3f506c: ; ImmutableOopMap {rbx=Oop [128]=Oop }
                      ;*invokeinterface size {reexecute=0 rethrow=0 return_oop=0}
                      ; - com.android.apksig.internal.apk.ApkSigningBlockUtils$ChunkSupplier::get@73 (line 567)
  0x000001a8bd3f506c: 106a e705 

  0x000001a8bd3f5070: ;   {metadata({method} {0x000001a8d21983f8} 'min' '(JJ)J' in 'java/lang/Math')}
  0x000001a8bd3f5070: 49ba f083 | 19d2 a801 | 0000 4c89 | 5424 0848 | c704 24ff 

  0x000001a8bd3f5084: ;   {runtime_call counter_overflow Runtime1 stub}
  0x000001a8bd3f5084: ffff ffe8 

  0x000001a8bd3f5088: ; ImmutableOopMap {[128]=Oop }
                      ;*synchronization entry
                      ; - java.lang.Math::min@-1
                      ; - com.android.apksig.internal.apk.ApkSigningBlockUtils$ChunkSupplier::get@87 (line 566)
  0x000001a8bd3f5088: f4ba e705 | e900 fbff 

  0x000001a8bd3f5090: ;   {runtime_call throw_null_pointer_exception Runtime1 stub}
  0x000001a8bd3f5090: ffe8 ea69 

  0x000001a8bd3f5094: ; ImmutableOopMap {rax=Oop r9=Oop [168]=Oop }
                      ;*aaload {reexecute=0 rethrow=0 return_oop=0}
                      ; - com.android.apksig.internal.apk.ApkSigningBlockUtils$ChunkSupplier::get@109 (line 574)
                      ;   {runtime_call throw_null_pointer_exception Runtime1 stub}
  0x000001a8bd3f5094: e705 e8e5 

  0x000001a8bd3f5098: ; ImmutableOopMap {rax=Oop r9=Oop [168]=Oop }
                      ;*aaload {reexecute=0 rethrow=0 return_oop=0}
                      ; - com.android.apksig.internal.apk.ApkSigningBlockUtils$ChunkSupplier::get@109 (line 574)
  0x000001a8bd3f5098: 69e7 0548 | 893c 244c | 894c 2408 

  0x000001a8bd3f50a4: ;   {runtime_call throw_range_check_failed Runtime1 stub}
  0x000001a8bd3f50a4: e8d7 60e7 

  0x000001a8bd3f50a8: ; ImmutableOopMap {rax=Oop r9=Oop [168]=Oop }
                      ;*aaload {reexecute=0 rethrow=0 return_oop=0}
                      ; - com.android.apksig.internal.apk.ApkSigningBlockUtils$ChunkSupplier::get@109 (line 574)
                      ;   {runtime_call throw_null_pointer_exception Runtime1 stub}
  0x000001a8bd3f50a8: 05e8 d269 

  0x000001a8bd3f50ac: ; ImmutableOopMap {rax=Oop rdx=Oop [168]=Oop }
                      ;*invokeinterface copyTo {reexecute=0 rethrow=0 return_oop=0}
                      ; - com.android.apksig.internal.apk.ApkSigningBlockUtils$ChunkSupplier::get@119 (line 574)
                      ;   {runtime_call throw_null_pointer_exception Runtime1 stub}
  0x000001a8bd3f50ac: e705 e8cd 

  0x000001a8bd3f50b0: ; ImmutableOopMap {rax=Oop [168]=Oop }
                      ;*invokevirtual rewind {reexecute=0 rethrow=0 return_oop=0}
                      ; - com.android.apksig.internal.apk.ApkSigningBlockUtils$ChunkSupplier::get@143 (line 580)
  0x000001a8bd3f50b0: 69e7 0548 

  0x000001a8bd3f50b4: ;   {runtime_call fast_new_instance Runtime1 stub}
  0x000001a8bd3f50b4: 8bd2 e8c5 

  0x000001a8bd3f50b8: ; ImmutableOopMap {[168]=Oop }
                      ;*new {reexecute=0 rethrow=0 return_oop=0}
                      ; - com.android.apksig.internal.apk.ApkSigningBlockUtils$ChunkSupplier::get@147 (line 582)
  0x000001a8bd3f50b8: 72e7 05e9 | 4bfd ffff 

  0x000001a8bd3f50c0: ;   {metadata({method} {0x000001a8f1906298} '<init>' '(ILjava/nio/ByteBuffer;ILcom/android/apksig/internal/apk/ApkSigningBlockUtils$1;)V' in 'com/android/apksig/internal/apk/ApkSigningBlockUtils$ChunkSupplier$Chunk')}
  0x000001a8bd3f50c0: 49ba 9062 | 90f1 a801 | 0000 4c89 | 5424 0848 | c704 24ff 

  0x000001a8bd3f50d4: ;   {runtime_call counter_overflow Runtime1 stub}
  0x000001a8bd3f50d4: ffff ffe8 

  0x000001a8bd3f50d8: ; ImmutableOopMap {rax=Oop [168]=Oop }
                      ;*synchronization entry
                      ; - com.android.apksig.internal.apk.ApkSigningBlockUtils$ChunkSupplier$Chunk::<init>@-1 (line 585)
                      ; - com.android.apksig.internal.apk.ApkSigningBlockUtils$ChunkSupplier::get@157 (line 582)
  0x000001a8bd3f50d8: a4ba e705 | e966 fdff 

  0x000001a8bd3f50e0: ;   {metadata({method} {0x000001a8f1905f60} '<init>' '(ILjava/nio/ByteBuffer;I)V' in 'com/android/apksig/internal/apk/ApkSigningBlockUtils$ChunkSupplier$Chunk')}
  0x000001a8bd3f50e0: ff49 ba58 | 5f90 f1a8 | 0100 004c | 8954 2408 | 48c7 0424 | ffff ffff 

  0x000001a8bd3f50f8: ;   {runtime_call counter_overflow Runtime1 stub}
  0x000001a8bd3f50f8: e883 bae7 

  0x000001a8bd3f50fc: ; ImmutableOopMap {rax=Oop [168]=Oop }
                      ;*synchronization entry
                      ; - com.android.apksig.internal.apk.ApkSigningBlockUtils$ChunkSupplier$Chunk::<init>@-1 (line 590)
                      ; - com.android.apksig.internal.apk.ApkSigningBlockUtils$ChunkSupplier$Chunk::<init>@4 (line 585)
                      ; - com.android.apksig.internal.apk.ApkSigningBlockUtils$ChunkSupplier::get@157 (line 582)
  0x000001a8bd3f50fc: 05e9 81fd 

  0x000001a8bd3f5100: ;   {metadata({method} {0x000001a8d2000638} '<init>' '()V' in 'java/lang/Object')}
  0x000001a8bd3f5100: ffff 49ba | 3006 00d2 | a801 0000 | 4c89 5424 | 0848 c704 | 24ff ffff 

  0x000001a8bd3f5118: ;   {runtime_call counter_overflow Runtime1 stub}
  0x000001a8bd3f5118: ffe8 62ba 

  0x000001a8bd3f511c: ; ImmutableOopMap {rax=Oop [168]=Oop }
                      ;*synchronization entry
                      ; - java.lang.Object::<init>@-1
                      ; - com.android.apksig.internal.apk.ApkSigningBlockUtils$ChunkSupplier$Chunk::<init>@1 (line 590)
                      ; - com.android.apksig.internal.apk.ApkSigningBlockUtils$ChunkSupplier$Chunk::<init>@4 (line 585)
                      ; - com.android.apksig.internal.apk.ApkSigningBlockUtils$ChunkSupplier::get@157 (line 582)
  0x000001a8bd3f511c: e705 e99c | fdff ff8b | 5014 4883 | fa00 0f84 | a6fd ffff | 4889 1424 

  0x000001a8bd3f5134: ;   {runtime_call g1_pre_barrier_slow}
  0x000001a8bd3f5134: e847 c0e7 | 05e9 98fd | ffff 4883 | fa00 0f84 | b1fd ffff | 4889 0424 

  0x000001a8bd3f514c: ;   {runtime_call g1_post_barrier_slow}
  0x000001a8bd3f514c: e82f c3e7 | 05e9 a3fd 

  0x000001a8bd3f5154: ;   {internal_word}
  0x000001a8bd3f5154: ffff 49ba | 0b4f 3fbd | a801 0000 | 4d89 9760 

  0x000001a8bd3f5164: ;   {runtime_call SafepointBlob}
  0x000001a8bd3f5164: 0400 00e9 | 9405 dc05 

  0x000001a8bd3f516c: ;   {internal_word}
  0x000001a8bd3f516c: 49ba 2b4f | 3fbd a801 | 0000 4d89 | 9760 0400 

  0x000001a8bd3f517c: ;   {runtime_call SafepointBlob}
  0x000001a8bd3f517c: 00e9 7e05 

  0x000001a8bd3f5180: ;   {metadata(nullptr)}
  0x000001a8bd3f5180: dc05 48ba | 0000 0000 | 0000 0000 | b800 0f05 

  0x000001a8bd3f5190: ;   {runtime_call load_klass_patching Runtime1 stub}
  0x000001a8bd3f5190: 0ae8 6aa9 

  0x000001a8bd3f5194: ; ImmutableOopMap {r9=Oop }
                      ;*new {reexecute=1 rethrow=0 return_oop=0}
                      ; - (reexecute) com.android.apksig.internal.apk.ApkSigningBlockUtils$ChunkSupplier::get@129 (line 578)
  0x000001a8bd3f5194: e705 e9bd 

  0x000001a8bd3f5198: ;   {runtime_call throw_null_pointer_exception Runtime1 stub}
  0x000001a8bd3f5198: fdff ffe8 

  0x000001a8bd3f519c: ; ImmutableOopMap {r9=Oop }
                      ;*new {reexecute=0 rethrow=0 return_oop=0}
                      ; - com.android.apksig.internal.apk.ApkSigningBlockUtils$ChunkSupplier::get@129 (line 578)
  0x000001a8bd3f519c: e068 e705 

  0x000001a8bd3f51a0: ;   {runtime_call fast_new_instance_init_check Runtime1 stub}
  0x000001a8bd3f51a0: 488b d2e8 

  0x000001a8bd3f51a4: ; ImmutableOopMap {r9=Oop }
                      ;*new {reexecute=0 rethrow=0 return_oop=0}
                      ; - com.android.apksig.internal.apk.ApkSigningBlockUtils$ChunkSupplier::get@129 (line 578)
  0x000001a8bd3f51a4: d874 e705 | e907 feff | ff49 8b87 | f804 0000 | 49c7 87f8 | 0400 0000 | 0000 0049 | c787 0005 
  0x000001a8bd3f51c4: 0000 0000 | 0000 4881 | c4c0 0000 

  0x000001a8bd3f51d0: ;   {runtime_call unwind_exception Runtime1 stub}
  0x000001a8bd3f51d0: 005d e9a9 | 59e7 05f4 
[Stub Code]
  0x000001a8bd3f51d8: ;   {no_reloc}
  0x000001a8bd3f51d8: 0f1f 4400 

  0x000001a8bd3f51dc: ;   {static_stub}
  0x000001a8bd3f51dc: 0048 bb00 | 0000 0000 

  0x000001a8bd3f51e4: ;   {runtime_call nmethod}
  0x000001a8bd3f51e4: 0000 00e9 | fbff ffff 

  0x000001a8bd3f51ec: ;   {static_stub}
  0x000001a8bd3f51ec: 9048 bb00 | 0000 0000 

  0x000001a8bd3f51f4: ;   {runtime_call nmethod}
  0x000001a8bd3f51f4: 0000 00e9 | fbff ffff 

  0x000001a8bd3f51fc: ;   {static_stub}
  0x000001a8bd3f51fc: 9048 bb00 | 0000 0000 

  0x000001a8bd3f5204: ;   {runtime_call nmethod}
  0x000001a8bd3f5204: 0000 00e9 | fbff ffff 

  0x000001a8bd3f520c: ;   {static_stub}
  0x000001a8bd3f520c: 9048 bb00 | 0000 0000 

  0x000001a8bd3f5214: ;   {runtime_call nmethod}
  0x000001a8bd3f5214: 0000 00e9 | fbff ffff 

  0x000001a8bd3f521c: ;   {static_stub}
  0x000001a8bd3f521c: 48bb 0000 | 0000 0000 

  0x000001a8bd3f5224: ;   {runtime_call nmethod}
  0x000001a8bd3f5224: 0000 e9fb 

  0x000001a8bd3f5228: ;   {static_stub}
  0x000001a8bd3f5228: ffff ff48 | bb00 0000 | 0000 0000 

  0x000001a8bd3f5234: ;   {runtime_call nmethod}
  0x000001a8bd3f5234: 00e9 fbff 

  0x000001a8bd3f5238: ;   {runtime_call handle_exception_from_callee Runtime1 stub}
  0x000001a8bd3f5238: ffff e841 

  0x000001a8bd3f523c: ;   {external_word}
  0x000001a8bd3f523c: 86e7 0548 | b900 ce45 | 26fc 7f00 | 0048 83e4 

  0x000001a8bd3f524c: ;   {runtime_call}
  0x000001a8bd3f524c: f048 b870 | 7614 26fc | 7f00 00ff 

  0x000001a8bd3f5258: ;   {section_word}
  0x000001a8bd3f5258: d0f4 49ba | 5a52 3fbd | a801 0000 

  0x000001a8bd3f5264: ;   {runtime_call DeoptimizationBlob}
  0x000001a8bd3f5264: 4152 e935 | f7db 05f4 | f4f4 f4f4 
[/MachCode]


---------------  P R O C E S S  ---------------

Threads class SMR info:
_java_thread_list=0x000001a8e74c0a80, length=202, elements={
0x000001a8b735be20, 0x000001a8d17733b0, 0x000001a8d1775e10, 0x000001a8d1792ee0,
0x000001a8d1793540, 0x000001a8d1794b00, 0x000001a8d17960c0, 0x000001a8d17979b0,
0x000001a8d1798fb0, 0x000001a8d17f5990, 0x000001a8d1a3a920, 0x000001a8d7bcc7a0,
0x000001a8d7b13c40, 0x000001a8d7dfd120, 0x000001a8d7a727c0, 0x000001a8d7a72e50,
0x000001a8d7a734e0, 0x000001a8d7a74890, 0x000001a8dac51a30, 0x000001a8dac52de0,
0x000001a8dac53b00, 0x000001a8dac53470, 0x000001a8dac50680, 0x000001a8dac54190,
0x000001a8dac520c0, 0x000001a8dac50d10, 0x000001a8dac54820, 0x000001a8dac513a0,
0x000001a8dac55bd0, 0x000001a8dac54eb0, 0x000001a8dac55540, 0x000001a8dac56260,
0x000001a8dac57610, 0x000001a8dac568f0, 0x000001a8dac56f80, 0x000001a8dac57ca0,
0x000001a8dc7eeed0, 0x000001a8e7c8cce0, 0x000001a8e7c8da00, 0x000001a8dc333e60,
0x000001a8dc3358a0, 0x000001a8e7c31150, 0x000001a8e7c2fda0, 0x000001a8d92ac570,
0x000001a8e7e6d030, 0x000001a8e51d31c0, 0x000001a8e51d4570, 0x000001a8e7e6c9a0,
0x000001a8e51d3850, 0x000001a8e51d3ee0, 0x000001a8e7e6c310, 0x000001a8ee101420,
0x000001a8e7e6d6c0, 0x000001a8dbd58990, 0x000001a8e7e6af60, 0x000001a8e7e6b5f0,
0x000001a8e7e6bc80, 0x000001a8f06246f0, 0x000001a8f0624d80, 0x000001a8f0625410,
0x000001a8f0624060, 0x000001a8f0625aa0, 0x000001a8f0626130, 0x000001a8f06267c0,
0x000001a8f0623340, 0x000001a8f06239d0, 0x000001a8ef0fbcf0, 0x000001a8ef0fafd0,
0x000001a8ee100d90, 0x000001a8ee100700, 0x000001a8e5f30750, 0x000001a8e5f2ed10,
0x000001a8e67e5510, 0x000001a8e67e47f0, 0x000001a8e67e4160, 0x000001a8e67e3440,
0x000001a8e67e2720, 0x000001a8e67e4e80, 0x000001a8e67e2090, 0x000001a8eca169e0,
0x000001a8eca14280, 0x000001a8eca17070, 0x000001a8eca15630, 0x000001a8eca16350,
0x000001a8eca14fa0, 0x000001a8eca15cc0, 0x000001a8d61dbfa0, 0x000001a8ef0fe450,
0x000001a8ef0fb660, 0x000001a8ef0fc380, 0x000001a8ef0fca10, 0x000001a8ef0fd0a0,
0x000001a8ef0fd730, 0x000001a8ef0fddc0, 0x000001a8e7a76720, 0x000001a8dbd575e0,
0x000001a8da586470, 0x000001a8da585750, 0x000001a8ee101ab0, 0x000001a8da588bd0,
0x000001a8e7a787f0, 0x000001a8e7a78160, 0x000001a8e7a76db0, 0x000001a8ee1034f0,
0x000001a8e7a78e80, 0x000001a8e7a79510, 0x000001a8ee102140, 0x000001a8e7a77440,
0x000001a8e7a76090, 0x000001a8ee102e60, 0x000001a8ee1027d0, 0x000001a8e7a77ad0,
0x000001a8d8a874d0, 0x000001a8d8a846e0, 0x000001a8d8a85400, 0x000001a8ee100070,
0x000001a8dcc17330, 0x000001a8dcc19a90, 0x000001a8dcc179c0, 0x000001a8dcc18050,
0x000001a8dcc186e0, 0x000001a8dcc1a120, 0x000001a8dcc16ca0, 0x000001a8dcc18d70,
0x000001a8dcc19400, 0x000001a8eff9ab20, 0x000001a8da586b00, 0x000001a8da588540,
0x000001a8da587190, 0x000001a8da585de0, 0x000001a8da587820, 0x000001a8da587eb0,
0x000001a8dcc1e130, 0x000001a8dcc1c060, 0x000001a8dcc1acb0, 0x000001a8dcc1b340,
0x000001a8dd42c020, 0x000001a8dd42b300, 0x000001a8f80bbd20, 0x000001a8f80b88a0,
0x000001a8dcc1b9d0, 0x000001a8dcc1c6f0, 0x000001a8dcc1cd80, 0x000001a8dcc1d410,
0x000001a8dcc1daa0, 0x000001a8e6be9cd0, 0x000001a8e6be6ee0, 0x000001a8f80bb690,
0x000001a8e5b2a080, 0x000001a8e5b27290, 0x000001a8e5b26c00, 0x000001a8e5b27fb0,
0x000001a8d61db280, 0x000001a8e5f31470, 0x000001a8e5f2fa30, 0x000001a8e5f2f3a0,
0x000001a8d8a84050, 0x000001a8d8a84d70, 0x000001a8d8a86e40, 0x000001a8d8a85a90,
0x000001a8d8a86120, 0x000001a8d8a867b0, 0x000001a8eeb2c670, 0x000001a8eff9a490,
0x000001a8eff99e00, 0x000001a8eeb2d390, 0x000001a8eeb2cd00, 0x000001a8eeb2bfe0,
0x000001a8eeb29f10, 0x000001a8eeb2a5a0, 0x000001a8eeb2b950, 0x000001a8eeb2ac30,
0x000001a8eeb2b2c0, 0x000001a8e5d0d960, 0x000001a8eff9b1b0, 0x000001a8eff99770,
0x000001a8eff9b840, 0x000001a8eff9bed0, 0x000001a8f80b95c0, 0x000001a8e5d0dff0,
0x000001a8e5d100c0, 0x000001a8f80b8f30, 0x000001a8f80b9c50, 0x000001a8e5d0fa30,
0x000001a8e5d0d2d0, 0x000001a8e5d0cc40, 0x000001a8e5d0e680, 0x000001a8eff990e0,
0x000001a8db50a390, 0x000001a8d92acc00, 0x000001a8eca13bf0, 0x000001a8e5d0ed10,
0x000001a8f80ba2e0, 0x000001a8eff9c560, 0x000001a8e7d242e0, 0x000001a8e5d0f3a0,
0x000001a8f9328640, 0x000001a8f80bb000, 0x000001a8f9329360, 0x000001a8f9327fb0,
0x000001a8f80ba970, 0x000001a8e6be6850
}

Java Threads: ( => current thread )
  0x000001a8b735be20 JavaThread "main"                              [_thread_blocked, id=7720, stack(0x00000057a9500000,0x00000057a9600000) (1024K)]
  0x000001a8d17733b0 JavaThread "Reference Handler"          daemon [_thread_blocked, id=24276, stack(0x00000057a9d00000,0x00000057a9e00000) (1024K)]
  0x000001a8d1775e10 JavaThread "Finalizer"                  daemon [_thread_blocked, id=29592, stack(0x00000057a9e00000,0x00000057a9f00000) (1024K)]
  0x000001a8d1792ee0 JavaThread "Signal Dispatcher"          daemon [_thread_blocked, id=17744, stack(0x00000057a9f00000,0x00000057aa000000) (1024K)]
  0x000001a8d1793540 JavaThread "Attach Listener"            daemon [_thread_blocked, id=22732, stack(0x00000057aa000000,0x00000057aa100000) (1024K)]
  0x000001a8d1794b00 JavaThread "Service Thread"             daemon [_thread_blocked, id=28732, stack(0x00000057aa100000,0x00000057aa200000) (1024K)]
  0x000001a8d17960c0 JavaThread "Monitor Deflation Thread"   daemon [_thread_blocked, id=30164, stack(0x00000057aa200000,0x00000057aa300000) (1024K)]
  0x000001a8d17979b0 JavaThread "C2 CompilerThread0"         daemon [_thread_blocked, id=31084, stack(0x00000057aa300000,0x00000057aa400000) (1024K)]
  0x000001a8d1798fb0 JavaThread "C1 CompilerThread0"         daemon [_thread_blocked, id=15808, stack(0x00000057aa400000,0x00000057aa500000) (1024K)]
  0x000001a8d17f5990 JavaThread "Common-Cleaner"             daemon [_thread_blocked, id=3560, stack(0x00000057aa500000,0x00000057aa600000) (1024K)]
  0x000001a8d1a3a920 JavaThread "Notification Thread"        daemon [_thread_blocked, id=27316, stack(0x00000057aa900000,0x00000057aaa00000) (1024K)]
  0x000001a8d7bcc7a0 JavaThread "Daemon health stats"               [_thread_blocked, id=13016, stack(0x00000057ab400000,0x00000057ab500000) (1024K)]
  0x000001a8d7b13c40 JavaThread "Incoming local TCP Connector on port 64499"        [_thread_in_native, id=24836, stack(0x00000057ab500000,0x00000057ab600000) (1024K)]
  0x000001a8d7dfd120 JavaThread "Daemon periodic checks"            [_thread_blocked, id=21088, stack(0x00000057ab600000,0x00000057ab700000) (1024K)]
  0x000001a8d7a727c0 JavaThread "Cache worker for journal cache (C:\Users\prash\.gradle\caches\journal-1)"        [_thread_blocked, id=3160, stack(0x00000057ac400000,0x00000057ac500000) (1024K)]
  0x000001a8d7a72e50 JavaThread "File lock request listener"        [_thread_in_native, id=20284, stack(0x00000057ac500000,0x00000057ac600000) (1024K)]
  0x000001a8d7a734e0 JavaThread "Cache worker for file hash cache (C:\Users\prash\.gradle\caches\8.11.1\fileHashes)"        [_thread_blocked, id=23096, stack(0x00000057ac600000,0x00000057ac700000) (1024K)]
  0x000001a8d7a74890 JavaThread "Cache worker for file content cache (C:\Users\prash\.gradle\caches\8.11.1\fileContent)"        [_thread_blocked, id=21248, stack(0x00000057ac700000,0x00000057ac800000) (1024K)]
  0x000001a8dac51a30 JavaThread "File watcher server"        daemon [_thread_in_native, id=29732, stack(0x00000057acb00000,0x00000057acc00000) (1024K)]
  0x000001a8dac52de0 JavaThread "File watcher consumer"      daemon [_thread_blocked, id=18708, stack(0x00000057acc00000,0x00000057acd00000) (1024K)]
  0x000001a8dac53b00 JavaThread "jar transforms"                    [_thread_blocked, id=23744, stack(0x00000057acd00000,0x00000057ace00000) (1024K)]
  0x000001a8dac53470 JavaThread "jar transforms Thread 2"           [_thread_blocked, id=5320, stack(0x00000057ace00000,0x00000057acf00000) (1024K)]
  0x000001a8dac50680 JavaThread "jar transforms Thread 3"           [_thread_blocked, id=10676, stack(0x00000057acf00000,0x00000057ad000000) (1024K)]
  0x000001a8dac54190 JavaThread "jar transforms Thread 4"           [_thread_blocked, id=12940, stack(0x00000057ad000000,0x00000057ad100000) (1024K)]
  0x000001a8dac520c0 JavaThread "jar transforms Thread 5"           [_thread_blocked, id=15344, stack(0x00000057ad100000,0x00000057ad200000) (1024K)]
  0x000001a8dac50d10 JavaThread "jar transforms Thread 6"           [_thread_blocked, id=23420, stack(0x00000057ad200000,0x00000057ad300000) (1024K)]
  0x000001a8dac54820 JavaThread "jar transforms Thread 7"           [_thread_blocked, id=5916, stack(0x00000057ad300000,0x00000057ad400000) (1024K)]
  0x000001a8dac513a0 JavaThread "jar transforms Thread 8"           [_thread_blocked, id=20840, stack(0x00000057ad400000,0x00000057ad500000) (1024K)]
  0x000001a8dac55bd0 JavaThread "jar transforms Thread 9"           [_thread_blocked, id=25784, stack(0x00000057ad500000,0x00000057ad600000) (1024K)]
  0x000001a8dac54eb0 JavaThread "jar transforms Thread 10"          [_thread_blocked, id=13048, stack(0x00000057ad600000,0x00000057ad700000) (1024K)]
  0x000001a8dac55540 JavaThread "jar transforms Thread 11"          [_thread_blocked, id=7224, stack(0x00000057ad700000,0x00000057ad800000) (1024K)]
  0x000001a8dac56260 JavaThread "jar transforms Thread 12"          [_thread_blocked, id=19004, stack(0x00000057ad800000,0x00000057ad900000) (1024K)]
  0x000001a8dac57610 JavaThread "jar transforms Thread 13"          [_thread_blocked, id=5540, stack(0x00000057ad900000,0x00000057ada00000) (1024K)]
  0x000001a8dac568f0 JavaThread "jar transforms Thread 14"          [_thread_blocked, id=9756, stack(0x00000057ada00000,0x00000057adb00000) (1024K)]
  0x000001a8dac56f80 JavaThread "jar transforms Thread 15"          [_thread_blocked, id=10320, stack(0x00000057adb00000,0x00000057adc00000) (1024K)]
  0x000001a8dac57ca0 JavaThread "jar transforms Thread 16"          [_thread_blocked, id=25324, stack(0x00000057adc00000,0x00000057add00000) (1024K)]
  0x000001a8dc7eeed0 JavaThread "Memory manager"                    [_thread_blocked, id=12808, stack(0x00000057aab00000,0x00000057aac00000) (1024K)]
  0x000001a8e7c8cce0 JavaThread "RMI Scheduler(0)"           daemon [_thread_blocked, id=28020, stack(0x00000057b9b00000,0x00000057b9c00000) (1024K)]
  0x000001a8e7c8da00 JavaThread "RMI GC Daemon"              daemon [_thread_blocked, id=7592, stack(0x00000057b9d00000,0x00000057b9e00000) (1024K)]
  0x000001a8dc333e60 JavaThread "RMI TCP Accept-0"           daemon [_thread_in_native, id=4664, stack(0x00000057ba100000,0x00000057ba200000) (1024K)]
  0x000001a8dc3358a0 JavaThread "RMI Reaper"                        [_thread_blocked, id=29884, stack(0x00000057ba200000,0x00000057ba300000) (1024K)]
  0x000001a8e7c31150 JavaThread "Cache worker for Java compile cache (C:\Users\prash\.gradle\caches\8.11.1\javaCompile)"        [_thread_blocked, id=23004, stack(0x00000057ac900000,0x00000057aca00000) (1024K)]
  0x000001a8e7c2fda0 JavaThread "RMI TCP Connection(14)-127.0.0.1" daemon [_thread_in_native, id=12572, stack(0x00000057a9200000,0x00000057a9300000) (1024K)]
  0x000001a8d92ac570 JavaThread "Daemon Thread 6"                   [_thread_blocked, id=30752, stack(0x00000057a9300000,0x00000057a9400000) (1024K)]
  0x000001a8e7e6d030 JavaThread "Handler for socket connection from /127.0.0.1:64499 to /127.0.0.1:54237"        [_thread_in_native, id=15148, stack(0x00000057a9400000,0x00000057a9500000) (1024K)]
  0x000001a8e51d31c0 JavaThread "Cancel handler"                    [_thread_blocked, id=24476, stack(0x00000057aa600000,0x00000057aa700000) (1024K)]
  0x000001a8e51d4570 JavaThread "Daemon worker Thread 6"            [_thread_blocked, id=27104, stack(0x00000057aa700000,0x00000057aa800000) (1024K)]
  0x000001a8e7e6c9a0 JavaThread "Asynchronous log dispatcher for DefaultDaemonConnection: socket connection from /127.0.0.1:64499 to /127.0.0.1:54237"        [_thread_blocked, id=19592, stack(0x00000057aa800000,0x00000057aa900000) (1024K)]
  0x000001a8e51d3850 JavaThread "Stdin handler"                     [_thread_blocked, id=5744, stack(0x00000057aaa00000,0x00000057aab00000) (1024K)]
  0x000001a8e51d3ee0 JavaThread "Daemon client event forwarder"        [_thread_blocked, id=13656, stack(0x00000057ab700000,0x00000057ab800000) (1024K)]
  0x000001a8e7e6c310 JavaThread "Cache worker for file hash cache (C:\Users\prash\AndroidStudioProjects\scamdetector\.gradle\8.11.1\fileHashes)"        [_thread_blocked, id=19008, stack(0x00000057ab800000,0x00000057ab900000) (1024K)]
  0x000001a8ee101420 JavaThread "Cache worker for Build Output Cleanup Cache (C:\Users\prash\AndroidStudioProjects\scamdetector\.gradle\buildOutputCleanup)"        [_thread_blocked, id=10824, stack(0x00000057ab900000,0x00000057aba00000) (1024K)]
  0x000001a8e7e6d6c0 JavaThread "Cache worker for checksums cache (C:\Users\prash\AndroidStudioProjects\scamdetector\.gradle\8.11.1\checksums)"        [_thread_blocked, id=30652, stack(0x00000057aba00000,0x00000057abb00000) (1024K)]
  0x000001a8dbd58990 JavaThread "Cache worker for cache directory md-rule (C:\Users\prash\.gradle\caches\8.11.1\md-rule)"        [_thread_blocked, id=27348, stack(0x00000057abb00000,0x00000057abc00000) (1024K)]
  0x000001a8e7e6af60 JavaThread "Cache worker for cache directory md-supplier (C:\Users\prash\.gradle\caches\8.11.1\md-supplier)"        [_thread_blocked, id=23364, stack(0x00000057abc00000,0x00000057abd00000) (1024K)]
  0x000001a8e7e6b5f0 JavaThread "Unconstrained build operations"        [_thread_blocked, id=18312, stack(0x00000057ac800000,0x00000057ac900000) (1024K)]
  0x000001a8e7e6bc80 JavaThread "Unconstrained build operations Thread 2"        [_thread_blocked, id=25132, stack(0x00000057aca00000,0x00000057acb00000) (1024K)]
  0x000001a8f06246f0 JavaThread "Unconstrained build operations Thread 3"        [_thread_blocked, id=23880, stack(0x00000057add00000,0x00000057ade00000) (1024K)]
  0x000001a8f0624d80 JavaThread "Unconstrained build operations Thread 4"        [_thread_blocked, id=26724, stack(0x00000057ade00000,0x00000057adf00000) (1024K)]
  0x000001a8f0625410 JavaThread "Unconstrained build operations Thread 5"        [_thread_blocked, id=30584, stack(0x00000057adf00000,0x00000057ae000000) (1024K)]
  0x000001a8f0624060 JavaThread "Unconstrained build operations Thread 6"        [_thread_blocked, id=22396, stack(0x00000057ae000000,0x00000057ae100000) (1024K)]
  0x000001a8f0625aa0 JavaThread "Unconstrained build operations Thread 7"        [_thread_blocked, id=17752, stack(0x00000057ae100000,0x00000057ae200000) (1024K)]
  0x000001a8f0626130 JavaThread "Unconstrained build operations Thread 8"        [_thread_blocked, id=21104, stack(0x00000057ae200000,0x00000057ae300000) (1024K)]
  0x000001a8f06267c0 JavaThread "Unconstrained build operations Thread 9"        [_thread_blocked, id=25452, stack(0x00000057ae300000,0x00000057ae400000) (1024K)]
  0x000001a8f0623340 JavaThread "Unconstrained build operations Thread 10"        [_thread_blocked, id=25200, stack(0x00000057ae400000,0x00000057ae500000) (1024K)]
  0x000001a8f06239d0 JavaThread "Unconstrained build operations Thread 11"        [_thread_blocked, id=2844, stack(0x00000057ae500000,0x00000057ae600000) (1024K)]
  0x000001a8ef0fbcf0 JavaThread "Unconstrained build operations Thread 12"        [_thread_blocked, id=28904, stack(0x00000057ae600000,0x00000057ae700000) (1024K)]
  0x000001a8ef0fafd0 JavaThread "Unconstrained build operations Thread 13"        [_thread_blocked, id=12044, stack(0x00000057ae700000,0x00000057ae800000) (1024K)]
  0x000001a8ee100d90 JavaThread "Unconstrained build operations Thread 14"        [_thread_blocked, id=24508, stack(0x00000057ae800000,0x00000057ae900000) (1024K)]
  0x000001a8ee100700 JavaThread "Unconstrained build operations Thread 15"        [_thread_blocked, id=14240, stack(0x00000057ae900000,0x00000057aea00000) (1024K)]
  0x000001a8e5f30750 JavaThread "Unconstrained build operations Thread 16"        [_thread_blocked, id=2892, stack(0x00000057aea00000,0x00000057aeb00000) (1024K)]
  0x000001a8e5f2ed10 JavaThread "Unconstrained build operations Thread 17"        [_thread_blocked, id=9832, stack(0x00000057aeb00000,0x00000057aec00000) (1024K)]
  0x000001a8e67e5510 JavaThread "Unconstrained build operations Thread 18"        [_thread_blocked, id=9192, stack(0x00000057aec00000,0x00000057aed00000) (1024K)]
  0x000001a8e67e47f0 JavaThread "Unconstrained build operations Thread 19"        [_thread_blocked, id=25544, stack(0x00000057aed00000,0x00000057aee00000) (1024K)]
  0x000001a8e67e4160 JavaThread "Unconstrained build operations Thread 20"        [_thread_blocked, id=30248, stack(0x00000057aee00000,0x00000057aef00000) (1024K)]
  0x000001a8e67e3440 JavaThread "Unconstrained build operations Thread 21"        [_thread_blocked, id=12592, stack(0x00000057aef00000,0x00000057af000000) (1024K)]
  0x000001a8e67e2720 JavaThread "Unconstrained build operations Thread 22"        [_thread_blocked, id=17356, stack(0x00000057af000000,0x00000057af100000) (1024K)]
  0x000001a8e67e4e80 JavaThread "Unconstrained build operations Thread 23"        [_thread_blocked, id=16596, stack(0x00000057af100000,0x00000057af200000) (1024K)]
  0x000001a8e67e2090 JavaThread "Unconstrained build operations Thread 24"        [_thread_blocked, id=4192, stack(0x00000057af200000,0x00000057af300000) (1024K)]
  0x000001a8eca169e0 JavaThread "Unconstrained build operations Thread 25"        [_thread_blocked, id=24568, stack(0x00000057af300000,0x00000057af400000) (1024K)]
  0x000001a8eca14280 JavaThread "Unconstrained build operations Thread 26"        [_thread_blocked, id=28720, stack(0x00000057af400000,0x00000057af500000) (1024K)]
  0x000001a8eca17070 JavaThread "Unconstrained build operations Thread 27"        [_thread_blocked, id=3132, stack(0x00000057af500000,0x00000057af600000) (1024K)]
  0x000001a8eca15630 JavaThread "Unconstrained build operations Thread 28"        [_thread_blocked, id=19688, stack(0x00000057af600000,0x00000057af700000) (1024K)]
  0x000001a8eca16350 JavaThread "Unconstrained build operations Thread 29"        [_thread_blocked, id=28748, stack(0x00000057af700000,0x00000057af800000) (1024K)]
  0x000001a8eca14fa0 JavaThread "Unconstrained build operations Thread 30"        [_thread_blocked, id=30548, stack(0x00000057af800000,0x00000057af900000) (1024K)]
  0x000001a8eca15cc0 JavaThread "build event listener"              [_thread_blocked, id=23928, stack(0x00000057af900000,0x00000057afa00000) (1024K)]
  0x000001a8d61dbfa0 JavaThread "build event listener"              [_thread_blocked, id=3056, stack(0x00000057afa00000,0x00000057afb00000) (1024K)]
  0x000001a8ef0fe450 JavaThread "included builds"                   [_thread_blocked, id=23536, stack(0x00000057afc00000,0x00000057afd00000) (1024K)]
  0x000001a8ef0fb660 JavaThread "Execution worker"                  [_thread_blocked, id=2944, stack(0x00000057afd00000,0x00000057afe00000) (1024K)]
  0x000001a8ef0fc380 JavaThread "Execution worker Thread 2"         [_thread_blocked, id=31080, stack(0x00000057afe00000,0x00000057aff00000) (1024K)]
  0x000001a8ef0fca10 JavaThread "Execution worker Thread 3"         [_thread_blocked, id=5216, stack(0x00000057aff00000,0x00000057b0000000) (1024K)]
  0x000001a8ef0fd0a0 JavaThread "Execution worker Thread 4"         [_thread_blocked, id=26924, stack(0x00000057b0000000,0x00000057b0100000) (1024K)]
  0x000001a8ef0fd730 JavaThread "Execution worker Thread 5"         [_thread_blocked, id=25540, stack(0x00000057b0100000,0x00000057b0200000) (1024K)]
  0x000001a8ef0fddc0 JavaThread "Execution worker Thread 6"         [_thread_blocked, id=17912, stack(0x00000057b0200000,0x00000057b0300000) (1024K)]
  0x000001a8e7a76720 JavaThread "Execution worker Thread 7"         [_thread_blocked, id=2596, stack(0x00000057b0300000,0x00000057b0400000) (1024K)]
  0x000001a8dbd575e0 JavaThread "Execution worker Thread 8"         [_thread_blocked, id=21148, stack(0x00000057b0400000,0x00000057b0500000) (1024K)]
  0x000001a8da586470 JavaThread "Execution worker Thread 9"         [_thread_blocked, id=28416, stack(0x00000057b0500000,0x00000057b0600000) (1024K)]
  0x000001a8da585750 JavaThread "Execution worker Thread 10"        [_thread_blocked, id=22540, stack(0x00000057b0600000,0x00000057b0700000) (1024K)]
  0x000001a8ee101ab0 JavaThread "Execution worker Thread 11"        [_thread_blocked, id=16268, stack(0x00000057b0700000,0x00000057b0800000) (1024K)]
  0x000001a8da588bd0 JavaThread "Execution worker Thread 12"        [_thread_blocked, id=11248, stack(0x00000057b0800000,0x00000057b0900000) (1024K)]
  0x000001a8e7a787f0 JavaThread "Execution worker Thread 13"        [_thread_blocked, id=19188, stack(0x00000057b0900000,0x00000057b0a00000) (1024K)]
  0x000001a8e7a78160 JavaThread "Execution worker Thread 14"        [_thread_blocked, id=24848, stack(0x00000057b0a00000,0x00000057b0b00000) (1024K)]
  0x000001a8e7a76db0 JavaThread "Execution worker Thread 15"        [_thread_blocked, id=30388, stack(0x00000057b0b00000,0x00000057b0c00000) (1024K)]
  0x000001a8ee1034f0 JavaThread "Cache worker for execution history cache (C:\Users\prash\AndroidStudioProjects\scamdetector\.gradle\8.11.1\executionHistory)"        [_thread_blocked, id=8020, stack(0x00000057b0c00000,0x00000057b0d00000) (1024K)]
  0x000001a8e7a78e80 JavaThread "Unconstrained build operations Thread 31"        [_thread_blocked, id=28008, stack(0x00000057b0d00000,0x00000057b0e00000) (1024K)]
  0x000001a8e7a79510 JavaThread "Unconstrained build operations Thread 32"        [_thread_blocked, id=18648, stack(0x00000057b0e00000,0x00000057b0f00000) (1024K)]
  0x000001a8ee102140 JavaThread "Unconstrained build operations Thread 33"        [_thread_blocked, id=29892, stack(0x00000057b0f00000,0x00000057b1000000) (1024K)]
  0x000001a8e7a77440 JavaThread "Unconstrained build operations Thread 34"        [_thread_blocked, id=29324, stack(0x00000057b1000000,0x00000057b1100000) (1024K)]
  0x000001a8e7a76090 JavaThread "Unconstrained build operations Thread 35"        [_thread_blocked, id=21036, stack(0x00000057b1100000,0x00000057b1200000) (1024K)]
  0x000001a8ee102e60 JavaThread "Unconstrained build operations Thread 36"        [_thread_blocked, id=18624, stack(0x00000057b1200000,0x00000057b1300000) (1024K)]
  0x000001a8ee1027d0 JavaThread "Unconstrained build operations Thread 37"        [_thread_blocked, id=29424, stack(0x00000057b1300000,0x00000057b1400000) (1024K)]
  0x000001a8e7a77ad0 JavaThread "Unconstrained build operations Thread 38"        [_thread_blocked, id=19180, stack(0x00000057b1400000,0x00000057b1500000) (1024K)]
  0x000001a8d8a874d0 JavaThread "Unconstrained build operations Thread 39"        [_thread_blocked, id=11420, stack(0x00000057b1500000,0x00000057b1600000) (1024K)]
  0x000001a8d8a846e0 JavaThread "Unconstrained build operations Thread 40"        [_thread_blocked, id=17436, stack(0x00000057b1600000,0x00000057b1700000) (1024K)]
  0x000001a8d8a85400 JavaThread "Unconstrained build operations Thread 41"        [_thread_blocked, id=24668, stack(0x00000057b1700000,0x00000057b1800000) (1024K)]
  0x000001a8ee100070 JavaThread "Unconstrained build operations Thread 42"        [_thread_blocked, id=29092, stack(0x00000057b1800000,0x00000057b1900000) (1024K)]
  0x000001a8dcc17330 JavaThread "Unconstrained build operations Thread 43"        [_thread_blocked, id=10140, stack(0x00000057b1900000,0x00000057b1a00000) (1024K)]
  0x000001a8dcc19a90 JavaThread "Unconstrained build operations Thread 44"        [_thread_blocked, id=19952, stack(0x00000057b1a00000,0x00000057b1b00000) (1024K)]
  0x000001a8dcc179c0 JavaThread "Unconstrained build operations Thread 45"        [_thread_blocked, id=21628, stack(0x00000057b1b00000,0x00000057b1c00000) (1024K)]
  0x000001a8dcc18050 JavaThread "Unconstrained build operations Thread 46"        [_thread_blocked, id=17536, stack(0x00000057b1c00000,0x00000057b1d00000) (1024K)]
  0x000001a8dcc186e0 JavaThread "Unconstrained build operations Thread 47"        [_thread_blocked, id=11328, stack(0x00000057b1d00000,0x00000057b1e00000) (1024K)]
  0x000001a8dcc1a120 JavaThread "Unconstrained build operations Thread 48"        [_thread_blocked, id=14936, stack(0x00000057b1e00000,0x00000057b1f00000) (1024K)]
  0x000001a8dcc16ca0 JavaThread "Unconstrained build operations Thread 49"        [_thread_blocked, id=4548, stack(0x00000057b1f00000,0x00000057b2000000) (1024K)]
  0x000001a8dcc18d70 JavaThread "Unconstrained build operations Thread 50"        [_thread_blocked, id=8224, stack(0x00000057b2000000,0x00000057b2100000) (1024K)]
  0x000001a8dcc19400 JavaThread "Unconstrained build operations Thread 51"        [_thread_blocked, id=10164, stack(0x00000057b2100000,0x00000057b2200000) (1024K)]
  0x000001a8eff9ab20 JavaThread "Unconstrained build operations Thread 52"        [_thread_blocked, id=21716, stack(0x00000057afb00000,0x00000057afc00000) (1024K)]
  0x000001a8da586b00 JavaThread "Unconstrained build operations Thread 53"        [_thread_blocked, id=20088, stack(0x00000057b2200000,0x00000057b2300000) (1024K)]
  0x000001a8da588540 JavaThread "Unconstrained build operations Thread 54"        [_thread_blocked, id=26580, stack(0x00000057b2300000,0x00000057b2400000) (1024K)]
  0x000001a8da587190 JavaThread "Unconstrained build operations Thread 55"        [_thread_blocked, id=14948, stack(0x00000057b2400000,0x00000057b2500000) (1024K)]
  0x000001a8da585de0 JavaThread "Unconstrained build operations Thread 56"        [_thread_blocked, id=29448, stack(0x00000057b2500000,0x00000057b2600000) (1024K)]
  0x000001a8da587820 JavaThread "Unconstrained build operations Thread 57"        [_thread_blocked, id=19984, stack(0x00000057b2600000,0x00000057b2700000) (1024K)]
  0x000001a8da587eb0 JavaThread "Unconstrained build operations Thread 58"        [_thread_blocked, id=27652, stack(0x00000057b2700000,0x00000057b2800000) (1024K)]
  0x000001a8dcc1e130 JavaThread "Unconstrained build operations Thread 59"        [_thread_blocked, id=28808, stack(0x00000057b2800000,0x00000057b2900000) (1024K)]
  0x000001a8dcc1c060 JavaThread "Unconstrained build operations Thread 60"        [_thread_blocked, id=22236, stack(0x00000057b2900000,0x00000057b2a00000) (1024K)]
  0x000001a8dcc1acb0 JavaThread "Unconstrained build operations Thread 61"        [_thread_blocked, id=29804, stack(0x00000057b2a00000,0x00000057b2b00000) (1024K)]
  0x000001a8dcc1b340 JavaThread "Unconstrained build operations Thread 62"        [_thread_blocked, id=27056, stack(0x00000057b2b00000,0x00000057b2c00000) (1024K)]
  0x000001a8dd42c020 JavaThread "Unconstrained build operations Thread 63"        [_thread_blocked, id=15764, stack(0x00000057b2c00000,0x00000057b2d00000) (1024K)]
  0x000001a8dd42b300 JavaThread "Unconstrained build operations Thread 64"        [_thread_blocked, id=28320, stack(0x00000057b2d00000,0x00000057b2e00000) (1024K)]
  0x000001a8f80bbd20 JavaThread "Unconstrained build operations Thread 65"        [_thread_blocked, id=13924, stack(0x00000057b2e00000,0x00000057b2f00000) (1024K)]
  0x000001a8f80b88a0 JavaThread "Unconstrained build operations Thread 66"        [_thread_blocked, id=11272, stack(0x00000057b2f00000,0x00000057b3000000) (1024K)]
  0x000001a8dcc1b9d0 JavaThread "Unconstrained build operations Thread 67"        [_thread_blocked, id=16336, stack(0x00000057b3000000,0x00000057b3100000) (1024K)]
  0x000001a8dcc1c6f0 JavaThread "Unconstrained build operations Thread 68"        [_thread_blocked, id=14228, stack(0x00000057b3100000,0x00000057b3200000) (1024K)]
  0x000001a8dcc1cd80 JavaThread "Unconstrained build operations Thread 69"        [_thread_blocked, id=26824, stack(0x00000057b3200000,0x00000057b3300000) (1024K)]
  0x000001a8dcc1d410 JavaThread "Unconstrained build operations Thread 70"        [_thread_blocked, id=12372, stack(0x00000057b3300000,0x00000057b3400000) (1024K)]
  0x000001a8dcc1daa0 JavaThread "Unconstrained build operations Thread 71"        [_thread_blocked, id=21556, stack(0x00000057b3400000,0x00000057b3500000) (1024K)]
  0x000001a8e6be9cd0 JavaThread "Unconstrained build operations Thread 72"        [_thread_blocked, id=29964, stack(0x00000057b3500000,0x00000057b3600000) (1024K)]
  0x000001a8e6be6ee0 JavaThread "Unconstrained build operations Thread 73"        [_thread_blocked, id=21712, stack(0x00000057b3600000,0x00000057b3700000) (1024K)]
  0x000001a8f80bb690 JavaThread "WorkerExecutor Queue"              [_thread_blocked, id=12484, stack(0x00000057b3700000,0x00000057b3800000) (1024K)]
  0x000001a8e5b2a080 JavaThread "Unconstrained build operations Thread 74"        [_thread_blocked, id=26420, stack(0x00000057b3800000,0x00000057b3900000) (1024K)]
  0x000001a8e5b27290 JavaThread "Unconstrained build operations Thread 75"        [_thread_blocked, id=27636, stack(0x00000057b3900000,0x00000057b3a00000) (1024K)]
  0x000001a8e5b26c00 JavaThread "Unconstrained build operations Thread 76"        [_thread_blocked, id=31512, stack(0x00000057b3a00000,0x00000057b3b00000) (1024K)]
  0x000001a8e5b27fb0 JavaThread "Unconstrained build operations Thread 77"        [_thread_blocked, id=2616, stack(0x00000057b3b00000,0x00000057b3c00000) (1024K)]
  0x000001a8d61db280 JavaThread "RMI RenewClean-[127.0.0.1:17390,org.jetbrains.kotlin.daemon.common.LoopbackNetworkInterface$ClientLoopbackSocketFactory@2a9b7ed4]" daemon [_thread_blocked, id=3424, stack(0x00000057b3c00000,0x00000057b3d00000) (1024K)]
  0x000001a8e5f31470 JavaThread "RMI TCP Connection(15)-127.0.0.1" daemon [_thread_in_native, id=6664, stack(0x00000057b3d00000,0x00000057b3e00000) (1024K)]
  0x000001a8e5f2fa30 JavaThread "RMI TCP Connection(16)-127.0.0.1" daemon [_thread_in_native, id=30284, stack(0x00000057b3e00000,0x00000057b3f00000) (1024K)]
  0x000001a8e5f2f3a0 JavaThread "RMI TCP Connection(17)-127.0.0.1" daemon [_thread_in_native, id=23688, stack(0x00000057b3f00000,0x00000057b4000000) (1024K)]
  0x000001a8d8a84050 JavaThread "Build operations"                  [_thread_blocked, id=28504, stack(0x00000057abd00000,0x00000057abe00000) (1024K)]
  0x000001a8d8a84d70 JavaThread "Build operations Thread 2"         [_thread_blocked, id=5000, stack(0x00000057b4000000,0x00000057b4100000) (1024K)]
  0x000001a8d8a86e40 JavaThread "Build operations Thread 3"         [_thread_blocked, id=18672, stack(0x00000057b4100000,0x00000057b4200000) (1024K)]
  0x000001a8d8a85a90 JavaThread "Build operations Thread 4"         [_thread_blocked, id=30952, stack(0x00000057b4200000,0x00000057b4300000) (1024K)]
  0x000001a8d8a86120 JavaThread "Build operations Thread 5"         [_thread_blocked, id=12736, stack(0x00000057b4300000,0x00000057b4400000) (1024K)]
  0x000001a8d8a867b0 JavaThread "Build operations Thread 6"         [_thread_blocked, id=23276, stack(0x00000057b4400000,0x00000057b4500000) (1024K)]
  0x000001a8eeb2c670 JavaThread "Build operations Thread 7"         [_thread_blocked, id=15612, stack(0x00000057b4500000,0x00000057b4600000) (1024K)]
  0x000001a8eff9a490 JavaThread "Build operations Thread 8"         [_thread_blocked, id=10180, stack(0x00000057b4600000,0x00000057b4700000) (1024K)]
  0x000001a8eff99e00 JavaThread "Build operations Thread 9"         [_thread_blocked, id=25312, stack(0x00000057b4700000,0x00000057b4800000) (1024K)]
  0x000001a8eeb2d390 JavaThread "Build operations Thread 10"        [_thread_blocked, id=11408, stack(0x00000057b4800000,0x00000057b4900000) (1024K)]
  0x000001a8eeb2cd00 JavaThread "Build operations Thread 11"        [_thread_blocked, id=18688, stack(0x00000057b4900000,0x00000057b4a00000) (1024K)]
  0x000001a8eeb2bfe0 JavaThread "Build operations Thread 12"        [_thread_blocked, id=19864, stack(0x00000057b4a00000,0x00000057b4b00000) (1024K)]
  0x000001a8eeb29f10 JavaThread "Build operations Thread 13"        [_thread_blocked, id=13164, stack(0x00000057b4b00000,0x00000057b4c00000) (1024K)]
  0x000001a8eeb2a5a0 JavaThread "Build operations Thread 14"        [_thread_blocked, id=15048, stack(0x00000057b4c00000,0x00000057b4d00000) (1024K)]
  0x000001a8eeb2b950 JavaThread "Build operations Thread 15"        [_thread_blocked, id=21000, stack(0x00000057b4d00000,0x00000057b4e00000) (1024K)]
  0x000001a8eeb2ac30 JavaThread "WorkerExecutor Queue Thread 2"        [_thread_blocked, id=19124, stack(0x00000057b4f00000,0x00000057b5000000) (1024K)]
  0x000001a8eeb2b2c0 JavaThread "WorkerExecutor Queue Thread 3"        [_thread_blocked, id=28352, stack(0x00000057b5000000,0x00000057b5100000) (1024K)]
  0x000001a8e5d0d960 JavaThread "WorkerExecutor Queue Thread 4"        [_thread_blocked, id=26556, stack(0x00000057b5100000,0x00000057b5200000) (1024K)]
  0x000001a8eff9b1b0 JavaThread "WorkerExecutor Queue Thread 5"        [_thread_blocked, id=28048, stack(0x00000057b5200000,0x00000057b5300000) (1024K)]
  0x000001a8eff99770 JavaThread "WorkerExecutor Queue Thread 6"        [_thread_blocked, id=30996, stack(0x00000057b5300000,0x00000057b5400000) (1024K)]
  0x000001a8eff9b840 JavaThread "WorkerExecutor Queue Thread 7"        [_thread_blocked, id=11592, stack(0x00000057b5400000,0x00000057b5500000) (1024K)]
  0x000001a8eff9bed0 JavaThread "WorkerExecutor Queue Thread 8"        [_thread_blocked, id=13456, stack(0x00000057b5500000,0x00000057b5600000) (1024K)]
  0x000001a8f80b95c0 JavaThread "WorkerExecutor Queue Thread 9"        [_thread_blocked, id=15556, stack(0x00000057b5600000,0x00000057b5700000) (1024K)]
  0x000001a8e5d0dff0 JavaThread "WorkerExecutor Queue Thread 10"        [_thread_blocked, id=9080, stack(0x00000057b5700000,0x00000057b5800000) (1024K)]
  0x000001a8e5d100c0 JavaThread "WorkerExecutor Queue Thread 11"        [_thread_blocked, id=18536, stack(0x00000057b5800000,0x00000057b5900000) (1024K)]
  0x000001a8f80b8f30 JavaThread "WorkerExecutor Queue Thread 12"        [_thread_blocked, id=9356, stack(0x00000057b5900000,0x00000057b5a00000) (1024K)]
  0x000001a8f80b9c50 JavaThread "WorkerExecutor Queue Thread 13"        [_thread_blocked, id=15408, stack(0x00000057b5a00000,0x00000057b5b00000) (1024K)]
  0x000001a8e5d0fa30 JavaThread "WorkerExecutor Queue Thread 14"        [_thread_blocked, id=30384, stack(0x00000057b5b00000,0x00000057b5c00000) (1024K)]
  0x000001a8e5d0d2d0 JavaThread "WorkerExecutor Queue Thread 15"        [_thread_blocked, id=31392, stack(0x00000057b5c00000,0x00000057b5d00000) (1024K)]
  0x000001a8e5d0cc40 JavaThread "WorkerExecutor Queue Thread 16"        [_thread_blocked, id=27044, stack(0x00000057b5d00000,0x00000057b5e00000) (1024K)]
  0x000001a8e5d0e680 JavaThread "WorkerExecutor Queue Thread 17"        [_thread_blocked, id=14540, stack(0x00000057b5e00000,0x00000057b5f00000) (1024K)]
  0x000001a8eff990e0 JavaThread "ForkJoinPool.commonPool-worker-61" daemon [_thread_blocked, id=26176, stack(0x00000057b4e00000,0x00000057b4f00000) (1024K)]
  0x000001a8db50a390 JavaThread "ForkJoinPool.commonPool-worker-62" daemon [_thread_blocked, id=14036, stack(0x00000057b5f00000,0x00000057b6000000) (1024K)]
  0x000001a8d92acc00 JavaThread "ForkJoinPool.commonPool-worker-63" daemon [_thread_blocked, id=1844, stack(0x00000057b6000000,0x00000057b6100000) (1024K)]
  0x000001a8eca13bf0 JavaThread "ForkJoinPool.commonPool-worker-64" daemon [_thread_blocked, id=17208, stack(0x00000057b6100000,0x00000057b6200000) (1024K)]
  0x000001a8e5d0ed10 JavaThread "ForkJoinPool.commonPool-worker-65" daemon [_thread_blocked, id=10952, stack(0x00000057b6200000,0x00000057b6300000) (1024K)]
  0x000001a8f80ba2e0 JavaThread "ForkJoinPool.commonPool-worker-66" daemon [_thread_blocked, id=9404, stack(0x00000057b6300000,0x00000057b6400000) (1024K)]
  0x000001a8eff9c560 JavaThread "ForkJoinPool.commonPool-worker-67" daemon [_thread_blocked, id=7932, stack(0x00000057b6400000,0x00000057b6500000) (1024K)]
=>0x000001a8e7d242e0 JavaThread "ForkJoinPool.commonPool-worker-68" daemon [_thread_in_vm, id=19880, stack(0x00000057b6500000,0x00000057b6600000) (1024K)]
  0x000001a8e5d0f3a0 JavaThread "ForkJoinPool.commonPool-worker-69" daemon [_thread_blocked, id=16940, stack(0x00000057b6600000,0x00000057b6700000) (1024K)]
  0x000001a8f9328640 JavaThread "ForkJoinPool.commonPool-worker-70" daemon [_thread_blocked, id=12828, stack(0x00000057b6700000,0x00000057b6800000) (1024K)]
  0x000001a8f80bb000 JavaThread "ForkJoinPool.commonPool-worker-71" daemon [_thread_blocked, id=18420, stack(0x00000057b6800000,0x00000057b6900000) (1024K)]
  0x000001a8f9329360 JavaThread "ForkJoinPool.commonPool-worker-72" daemon [_thread_blocked, id=27408, stack(0x00000057b6900000,0x00000057b6a00000) (1024K)]
  0x000001a8f9327fb0 JavaThread "ForkJoinPool.commonPool-worker-73" daemon [_thread_blocked, id=6856, stack(0x00000057b6a00000,0x00000057b6b00000) (1024K)]
  0x000001a8f80ba970 JavaThread "ForkJoinPool.commonPool-worker-74" daemon [_thread_blocked, id=27704, stack(0x00000057b6b00000,0x00000057b6c00000) (1024K)]
  0x000001a8e6be6850 JavaThread "ForkJoinPool.commonPool-worker-75" daemon [_thread_blocked, id=10760, stack(0x00000057b6c00000,0x00000057b6d00000) (1024K)]
Total: 202

Other Threads:
  0x000001a8d1562e80 VMThread "VM Thread"                           [id=24548, stack(0x00000057a9c00000,0x00000057a9d00000) (1024K)]
  0x000001a8d150f000 WatcherThread "VM Periodic Task Thread"        [id=1464, stack(0x00000057a9b00000,0x00000057a9c00000) (1024K)]
  0x000001a8b73b5ba0 WorkerThread "GC Thread#0"                     [id=17684, stack(0x00000057a9600000,0x00000057a9700000) (1024K)]
  0x000001a8d1563d00 WorkerThread "GC Thread#1"                     [id=25860, stack(0x00000057aac00000,0x00000057aad00000) (1024K)]
  0x000001a8d15640a0 WorkerThread "GC Thread#2"                     [id=13884, stack(0x00000057aad00000,0x00000057aae00000) (1024K)]
  0x000001a8d1564440 WorkerThread "GC Thread#3"                     [id=10348, stack(0x00000057aae00000,0x00000057aaf00000) (1024K)]
  0x000001a8d15647e0 WorkerThread "GC Thread#4"                     [id=29676, stack(0x00000057aaf00000,0x00000057ab000000) (1024K)]
  0x000001a8d785f360 WorkerThread "GC Thread#5"                     [id=25740, stack(0x00000057ab000000,0x00000057ab100000) (1024K)]
  0x000001a8d785c440 WorkerThread "GC Thread#6"                     [id=18628, stack(0x00000057ab100000,0x00000057ab200000) (1024K)]
  0x000001a8d785faa0 WorkerThread "GC Thread#7"                     [id=28968, stack(0x00000057ab200000,0x00000057ab300000) (1024K)]
  0x000001a8d785ec20 WorkerThread "GC Thread#8"                     [id=22020, stack(0x00000057ab300000,0x00000057ab400000) (1024K)]
  0x000001a8d785e4e0 WorkerThread "GC Thread#9"                     [id=13528, stack(0x00000057abe00000,0x00000057abf00000) (1024K)]
  0x000001a8d785c7e0 WorkerThread "GC Thread#10"                    [id=9140, stack(0x00000057abf00000,0x00000057ac000000) (1024K)]
  0x000001a8d785d2c0 WorkerThread "GC Thread#11"                    [id=15112, stack(0x00000057ac000000,0x00000057ac100000) (1024K)]
  0x000001a8d785e140 WorkerThread "GC Thread#12"                    [id=21736, stack(0x00000057ac100000,0x00000057ac200000) (1024K)]
  0x000001a8b73c6a90 ConcurrentGCThread "G1 Main Marker"            [id=11780, stack(0x00000057a9700000,0x00000057a9800000) (1024K)]
  0x000001a8b73c82e0 WorkerThread "G1 Conc#0"                       [id=15924, stack(0x00000057a9800000,0x00000057a9900000) (1024K)]
  0x000001a8d785e880 WorkerThread "G1 Conc#1"                       [id=22960, stack(0x00000057ac200000,0x00000057ac300000) (1024K)]
  0x000001a8d785cb80 WorkerThread "G1 Conc#2"                       [id=25548, stack(0x00000057ac300000,0x00000057ac400000) (1024K)]
  0x000001a8d13e09d0 ConcurrentGCThread "G1 Refine#0"               [id=27916, stack(0x00000057a9900000,0x00000057a9a00000) (1024K)]
  0x000001a8d13e2200 ConcurrentGCThread "G1 Service"                [id=6028, stack(0x00000057a9a00000,0x00000057a9b00000) (1024K)]
Total: 21

Threads with active compile tasks:
Total: 0

VM state: not at safepoint (normal execution)

VM Mutex/Monitor currently owned by a thread:  ([mutex/lock_event])
[0x00007ffc266cd460] Heap_lock - owner thread: 0x000001a8e7d242e0

Heap address: 0x0000000080000000, size: 2048 MB, Compressed Oops mode: 32-bit

CDS archive(s) not mapped
Compressed class space mapped at: 0x0000000100000000-0x0000000140000000, reserved size: 1073741824
Narrow klass base: 0x0000000000000000, Narrow klass shift: 3, Narrow klass range: 0x140000000

GC Precious Log:
 CardTable entry size: 512
 Card Set container configuration: InlinePtr #cards 5 size 8 Array Of Cards #cards 12 size 40 Howl #buckets 4 coarsen threshold 1843 Howl Bitmap #cards 512 size 80 coarsen threshold 460 Card regions per heap region 1 cards per card region 2048
 CPUs: 16 total, 16 available
 Memory: 7876M
 Large Page Support: Disabled
 NUMA Support: Disabled
 Compressed Oops: Enabled (32-bit)
 Heap Region Size: 1M
 Heap Min Capacity: 8M
 Heap Initial Capacity: 124M
 Heap Max Capacity: 2G
 Pre-touch: Disabled
 Parallel Workers: 13
 Concurrent Workers: 3
 Concurrent Refinement Workers: 13
 Periodic GC: Disabled

Heap:
 garbage-first heap   total 1187840K, used 1166701K [0x0000000080000000, 0x0000000100000000)
  region size 1024K, 242 young (247808K), 14 survivors (14336K)
 Metaspace       used 253907K, committed 257408K, reserved 1310720K
  class space    used 32076K, committed 33856K, reserved 1048576K

Heap Regions: E=young(eden), S=young(survivor), O=old, HS=humongous(starts), HC=humongous(continues), CS=collection set, F=free, TAMS=top-at-mark-start, PB=parsable bottom
|   0|0x0000000080000000, 0x0000000080100000, 0x0000000080100000|100%|HS|  |TAMS 0x0000000080000000| PB 0x0000000080000000| Complete 
|   1|0x0000000080100000, 0x0000000080200000, 0x0000000080200000|100%|HC|  |TAMS 0x0000000080100000| PB 0x0000000080100000| Complete 
|   2|0x0000000080200000, 0x0000000080300000, 0x0000000080300000|100%|HC|  |TAMS 0x0000000080200000| PB 0x0000000080200000| Complete 
|   3|0x0000000080300000, 0x0000000080400000, 0x0000000080400000|100%| O|  |TAMS 0x0000000080300000| PB 0x0000000080300000| Untracked 
|   4|0x0000000080400000, 0x0000000080500000, 0x0000000080500000|100%| O|  |TAMS 0x0000000080400000| PB 0x0000000080400000| Untracked 
|   5|0x0000000080500000, 0x0000000080600000, 0x0000000080600000|100%| O|  |TAMS 0x0000000080500000| PB 0x0000000080500000| Untracked 
|   6|0x0000000080600000, 0x0000000080700000, 0x0000000080700000|100%| O|  |TAMS 0x0000000080600000| PB 0x0000000080600000| Untracked 
|   7|0x0000000080700000, 0x0000000080800000, 0x0000000080800000|100%|HS|  |TAMS 0x0000000080700000| PB 0x0000000080700000| Complete 
|   8|0x0000000080800000, 0x0000000080900000, 0x0000000080900000|100%| O|  |TAMS 0x0000000080800000| PB 0x0000000080800000| Untracked 
|   9|0x0000000080900000, 0x0000000080a00000, 0x0000000080a00000|100%| O|  |TAMS 0x0000000080900000| PB 0x0000000080900000| Untracked 
|  10|0x0000000080a00000, 0x0000000080b00000, 0x0000000080b00000|100%| O|  |TAMS 0x0000000080a00000| PB 0x0000000080a00000| Untracked 
|  11|0x0000000080b00000, 0x0000000080c00000, 0x0000000080c00000|100%| O|  |TAMS 0x0000000080b00000| PB 0x0000000080b00000| Untracked 
|  12|0x0000000080c00000, 0x0000000080cf67c0, 0x0000000080d00000| 96%| O|  |TAMS 0x0000000080c00000| PB 0x0000000080c00000| Untracked 
|  13|0x0000000080d00000, 0x0000000080e00000, 0x0000000080e00000|100%| O|  |TAMS 0x0000000080d00000| PB 0x0000000080d00000| Untracked 
|  14|0x0000000080e00000, 0x0000000080f00000, 0x0000000080f00000|100%| O|  |TAMS 0x0000000080e00000| PB 0x0000000080e00000| Untracked 
|  15|0x0000000080f00000, 0x0000000081000000, 0x0000000081000000|100%| O|  |TAMS 0x0000000080f00000| PB 0x0000000080f00000| Untracked 
|  16|0x0000000081000000, 0x0000000081100000, 0x0000000081100000|100%| O|  |TAMS 0x0000000081000000| PB 0x0000000081000000| Untracked 
|  17|0x0000000081100000, 0x0000000081200000, 0x0000000081200000|100%| O|  |TAMS 0x0000000081100000| PB 0x0000000081100000| Untracked 
|  18|0x0000000081200000, 0x0000000081300000, 0x0000000081300000|100%| O|  |TAMS 0x0000000081200000| PB 0x0000000081200000| Untracked 
|  19|0x0000000081300000, 0x0000000081400000, 0x0000000081400000|100%| O|  |TAMS 0x0000000081300000| PB 0x0000000081300000| Untracked 
|  20|0x0000000081400000, 0x0000000081500000, 0x0000000081500000|100%| O|  |TAMS 0x0000000081400000| PB 0x0000000081400000| Untracked 
|  21|0x0000000081500000, 0x0000000081600000, 0x0000000081600000|100%|HS|  |TAMS 0x0000000081500000| PB 0x0000000081500000| Complete 
|  22|0x0000000081600000, 0x0000000081700000, 0x0000000081700000|100%|HC|  |TAMS 0x0000000081600000| PB 0x0000000081600000| Complete 
|  23|0x0000000081700000, 0x0000000081800000, 0x0000000081800000|100%|HC|  |TAMS 0x0000000081700000| PB 0x0000000081700000| Complete 
|  24|0x0000000081800000, 0x0000000081900000, 0x0000000081900000|100%|HC|  |TAMS 0x0000000081800000| PB 0x0000000081800000| Complete 
|  25|0x0000000081900000, 0x0000000081a00000, 0x0000000081a00000|100%|HC|  |TAMS 0x0000000081900000| PB 0x0000000081900000| Complete 
|  26|0x0000000081a00000, 0x0000000081b00000, 0x0000000081b00000|100%|HC|  |TAMS 0x0000000081a00000| PB 0x0000000081a00000| Complete 
|  27|0x0000000081b00000, 0x0000000081c00000, 0x0000000081c00000|100%|HS|  |TAMS 0x0000000081b00000| PB 0x0000000081b00000| Complete 
|  28|0x0000000081c00000, 0x0000000081d00000, 0x0000000081d00000|100%|HC|  |TAMS 0x0000000081c00000| PB 0x0000000081c00000| Complete 
|  29|0x0000000081d00000, 0x0000000081e00000, 0x0000000081e00000|100%|HC|  |TAMS 0x0000000081d00000| PB 0x0000000081d00000| Complete 
|  30|0x0000000081e00000, 0x0000000081f00000, 0x0000000081f00000|100%|HC|  |TAMS 0x0000000081e00000| PB 0x0000000081e00000| Complete 
|  31|0x0000000081f00000, 0x0000000082000000, 0x0000000082000000|100%|HS|  |TAMS 0x0000000081f00000| PB 0x0000000081f00000| Complete 
|  32|0x0000000082000000, 0x0000000082100000, 0x0000000082100000|100%|HC|  |TAMS 0x0000000082000000| PB 0x0000000082000000| Complete 
|  33|0x0000000082100000, 0x0000000082200000, 0x0000000082200000|100%|HS|  |TAMS 0x0000000082100000| PB 0x0000000082100000| Complete 
|  34|0x0000000082200000, 0x0000000082300000, 0x0000000082300000|100%| O|  |TAMS 0x0000000082200000| PB 0x0000000082200000| Untracked 
|  35|0x0000000082300000, 0x0000000082400000, 0x0000000082400000|100%| O|  |TAMS 0x0000000082300000| PB 0x0000000082300000| Untracked 
|  36|0x0000000082400000, 0x0000000082500000, 0x0000000082500000|100%| O|  |TAMS 0x0000000082400000| PB 0x0000000082400000| Untracked 
|  37|0x0000000082500000, 0x0000000082600000, 0x0000000082600000|100%| O|  |TAMS 0x0000000082500000| PB 0x0000000082500000| Untracked 
|  38|0x0000000082600000, 0x0000000082700000, 0x0000000082700000|100%| O|  |TAMS 0x0000000082600000| PB 0x0000000082600000| Untracked 
|  39|0x0000000082700000, 0x0000000082800000, 0x0000000082800000|100%| O|  |TAMS 0x0000000082700000| PB 0x0000000082700000| Untracked 
|  40|0x0000000082800000, 0x0000000082900000, 0x0000000082900000|100%| O|  |TAMS 0x0000000082800000| PB 0x0000000082800000| Untracked 
|  41|0x0000000082900000, 0x0000000082a00000, 0x0000000082a00000|100%| O|  |TAMS 0x0000000082900000| PB 0x0000000082900000| Untracked 
|  42|0x0000000082a00000, 0x0000000082b00000, 0x0000000082b00000|100%| O|  |TAMS 0x0000000082a00000| PB 0x0000000082a00000| Untracked 
|  43|0x0000000082b00000, 0x0000000082c00000, 0x0000000082c00000|100%| O|  |TAMS 0x0000000082b00000| PB 0x0000000082b00000| Untracked 
|  44|0x0000000082c00000, 0x0000000082d00000, 0x0000000082d00000|100%| O|  |TAMS 0x0000000082c00000| PB 0x0000000082c00000| Untracked 
|  45|0x0000000082d00000, 0x0000000082e00000, 0x0000000082e00000|100%| O|  |TAMS 0x0000000082d00000| PB 0x0000000082d00000| Untracked 
|  46|0x0000000082e00000, 0x0000000082f00000, 0x0000000082f00000|100%| O|  |TAMS 0x0000000082e00000| PB 0x0000000082e00000| Untracked 
|  47|0x0000000082f00000, 0x0000000083000000, 0x0000000083000000|100%| O|  |TAMS 0x0000000082f00000| PB 0x0000000082f00000| Untracked 
|  48|0x0000000083000000, 0x0000000083100000, 0x0000000083100000|100%| O|  |TAMS 0x0000000083000000| PB 0x0000000083000000| Untracked 
|  49|0x0000000083100000, 0x0000000083200000, 0x0000000083200000|100%|HS|  |TAMS 0x0000000083100000| PB 0x0000000083100000| Complete 
|  50|0x0000000083200000, 0x0000000083300000, 0x0000000083300000|100%|HC|  |TAMS 0x0000000083200000| PB 0x0000000083200000| Complete 
|  51|0x0000000083300000, 0x0000000083400000, 0x0000000083400000|100%| O|  |TAMS 0x0000000083300000| PB 0x0000000083300000| Untracked 
|  52|0x0000000083400000, 0x0000000083500000, 0x0000000083500000|100%| O|  |TAMS 0x0000000083400000| PB 0x0000000083400000| Untracked 
|  53|0x0000000083500000, 0x0000000083600000, 0x0000000083600000|100%| O|  |TAMS 0x0000000083500000| PB 0x0000000083500000| Untracked 
|  54|0x0000000083600000, 0x0000000083700000, 0x0000000083700000|100%| O|  |TAMS 0x0000000083600000| PB 0x0000000083600000| Untracked 
|  55|0x0000000083700000, 0x0000000083800000, 0x0000000083800000|100%| O|  |TAMS 0x0000000083700000| PB 0x0000000083700000| Untracked 
|  56|0x0000000083800000, 0x0000000083900000, 0x0000000083900000|100%| O|  |TAMS 0x0000000083800000| PB 0x0000000083800000| Untracked 
|  57|0x0000000083900000, 0x0000000083a00000, 0x0000000083a00000|100%|HS|  |TAMS 0x0000000083900000| PB 0x0000000083900000| Complete 
|  58|0x0000000083a00000, 0x0000000083b00000, 0x0000000083b00000|100%|HC|  |TAMS 0x0000000083a00000| PB 0x0000000083a00000| Complete 
|  59|0x0000000083b00000, 0x0000000083c00000, 0x0000000083c00000|100%|HC|  |TAMS 0x0000000083b00000| PB 0x0000000083b00000| Complete 
|  60|0x0000000083c00000, 0x0000000083d00000, 0x0000000083d00000|100%|HC|  |TAMS 0x0000000083c00000| PB 0x0000000083c00000| Complete 
|  61|0x0000000083d00000, 0x0000000083e00000, 0x0000000083e00000|100%|HC|  |TAMS 0x0000000083d00000| PB 0x0000000083d00000| Complete 
|  62|0x0000000083e00000, 0x0000000083f00000, 0x0000000083f00000|100%|HC|  |TAMS 0x0000000083e00000| PB 0x0000000083e00000| Complete 
|  63|0x0000000083f00000, 0x0000000084000000, 0x0000000084000000|100%| O|  |TAMS 0x0000000083f00000| PB 0x0000000083f00000| Untracked 
|  64|0x0000000084000000, 0x0000000084100000, 0x0000000084100000|100%| O|  |TAMS 0x0000000084000000| PB 0x0000000084000000| Untracked 
|  65|0x0000000084100000, 0x0000000084200000, 0x0000000084200000|100%| O|  |TAMS 0x0000000084100000| PB 0x0000000084100000| Untracked 
|  66|0x0000000084200000, 0x0000000084300000, 0x0000000084300000|100%| O|  |TAMS 0x0000000084200000| PB 0x0000000084200000| Untracked 
|  67|0x0000000084300000, 0x0000000084400000, 0x0000000084400000|100%| O|  |TAMS 0x0000000084300000| PB 0x0000000084300000| Untracked 
|  68|0x0000000084400000, 0x0000000084500000, 0x0000000084500000|100%| O|  |TAMS 0x0000000084400000| PB 0x0000000084400000| Untracked 
|  69|0x0000000084500000, 0x0000000084600000, 0x0000000084600000|100%| O|  |TAMS 0x0000000084500000| PB 0x0000000084500000| Untracked 
|  70|0x0000000084600000, 0x0000000084700000, 0x0000000084700000|100%|HS|  |TAMS 0x0000000084600000| PB 0x0000000084600000| Complete 
|  71|0x0000000084700000, 0x0000000084800000, 0x0000000084800000|100%|HC|  |TAMS 0x0000000084700000| PB 0x0000000084700000| Complete 
|  72|0x0000000084800000, 0x0000000084900000, 0x0000000084900000|100%|HC|  |TAMS 0x0000000084800000| PB 0x0000000084800000| Complete 
|  73|0x0000000084900000, 0x0000000084a00000, 0x0000000084a00000|100%|HC|  |TAMS 0x0000000084900000| PB 0x0000000084900000| Complete 
|  74|0x0000000084a00000, 0x0000000084b00000, 0x0000000084b00000|100%|HC|  |TAMS 0x0000000084a00000| PB 0x0000000084a00000| Complete 
|  75|0x0000000084b00000, 0x0000000084c00000, 0x0000000084c00000|100%|HC|  |TAMS 0x0000000084b00000| PB 0x0000000084b00000| Complete 
|  76|0x0000000084c00000, 0x0000000084d00000, 0x0000000084d00000|100%| O|  |TAMS 0x0000000084c00000| PB 0x0000000084c00000| Untracked 
|  77|0x0000000084d00000, 0x0000000084e00000, 0x0000000084e00000|100%| O|  |TAMS 0x0000000084d00000| PB 0x0000000084d00000| Untracked 
|  78|0x0000000084e00000, 0x0000000084f00000, 0x0000000084f00000|100%| O|  |TAMS 0x0000000084e00000| PB 0x0000000084e00000| Untracked 
|  79|0x0000000084f00000, 0x0000000085000000, 0x0000000085000000|100%| O|  |TAMS 0x0000000084f00000| PB 0x0000000084f00000| Untracked 
|  80|0x0000000085000000, 0x0000000085100000, 0x0000000085100000|100%| O|  |TAMS 0x0000000085000000| PB 0x0000000085000000| Untracked 
|  81|0x0000000085100000, 0x0000000085200000, 0x0000000085200000|100%| O|  |TAMS 0x0000000085100000| PB 0x0000000085100000| Untracked 
|  82|0x0000000085200000, 0x0000000085300000, 0x0000000085300000|100%| O|  |TAMS 0x0000000085200000| PB 0x0000000085200000| Untracked 
|  83|0x0000000085300000, 0x0000000085400000, 0x0000000085400000|100%|HS|  |TAMS 0x0000000085300000| PB 0x0000000085300000| Complete 
|  84|0x0000000085400000, 0x0000000085500000, 0x0000000085500000|100%|HS|  |TAMS 0x0000000085400000| PB 0x0000000085400000| Complete 
|  85|0x0000000085500000, 0x0000000085600000, 0x0000000085600000|100%|HS|  |TAMS 0x0000000085500000| PB 0x0000000085500000| Complete 
|  86|0x0000000085600000, 0x0000000085700000, 0x0000000085700000|100%|HC|  |TAMS 0x0000000085600000| PB 0x0000000085600000| Complete 
|  87|0x0000000085700000, 0x0000000085800000, 0x0000000085800000|100%|HS|  |TAMS 0x0000000085700000| PB 0x0000000085700000| Complete 
|  88|0x0000000085800000, 0x0000000085900000, 0x0000000085900000|100%|HC|  |TAMS 0x0000000085800000| PB 0x0000000085800000| Complete 
|  89|0x0000000085900000, 0x0000000085a00000, 0x0000000085a00000|100%|HS|  |TAMS 0x0000000085900000| PB 0x0000000085900000| Complete 
|  90|0x0000000085a00000, 0x0000000085b00000, 0x0000000085b00000|100%|HS|  |TAMS 0x0000000085a00000| PB 0x0000000085a00000| Complete 
|  91|0x0000000085b00000, 0x0000000085c00000, 0x0000000085c00000|100%| O|  |TAMS 0x0000000085b00000| PB 0x0000000085b00000| Untracked 
|  92|0x0000000085c00000, 0x0000000085d00000, 0x0000000085d00000|100%|HS|  |TAMS 0x0000000085c00000| PB 0x0000000085c00000| Complete 
|  93|0x0000000085d00000, 0x0000000085e00000, 0x0000000085e00000|100%|HS|  |TAMS 0x0000000085d00000| PB 0x0000000085d00000| Complete 
|  94|0x0000000085e00000, 0x0000000085f00000, 0x0000000085f00000|100%| O|  |TAMS 0x0000000085e00000| PB 0x0000000085e00000| Untracked 
|  95|0x0000000085f00000, 0x0000000086000000, 0x0000000086000000|100%|HS|  |TAMS 0x0000000085f00000| PB 0x0000000085f00000| Complete 
|  96|0x0000000086000000, 0x0000000086100000, 0x0000000086100000|100%| O|  |TAMS 0x0000000086000000| PB 0x0000000086000000| Untracked 
|  97|0x0000000086100000, 0x0000000086200000, 0x0000000086200000|100%|HS|  |TAMS 0x0000000086100000| PB 0x0000000086100000| Complete 
|  98|0x0000000086200000, 0x0000000086300000, 0x0000000086300000|100%|HC|  |TAMS 0x0000000086200000| PB 0x0000000086200000| Complete 
|  99|0x0000000086300000, 0x0000000086400000, 0x0000000086400000|100%|HC|  |TAMS 0x0000000086300000| PB 0x0000000086300000| Complete 
| 100|0x0000000086400000, 0x0000000086500000, 0x0000000086500000|100%| O|  |TAMS 0x0000000086400000| PB 0x0000000086400000| Untracked 
| 101|0x0000000086500000, 0x0000000086600000, 0x0000000086600000|100%| O|  |TAMS 0x0000000086500000| PB 0x0000000086500000| Untracked 
| 102|0x0000000086600000, 0x0000000086700000, 0x0000000086700000|100%| O|  |TAMS 0x0000000086600000| PB 0x0000000086600000| Untracked 
| 103|0x0000000086700000, 0x0000000086800000, 0x0000000086800000|100%| O|  |TAMS 0x0000000086700000| PB 0x0000000086700000| Untracked 
| 104|0x0000000086800000, 0x0000000086900000, 0x0000000086900000|100%| O|  |TAMS 0x0000000086800000| PB 0x0000000086800000| Untracked 
| 105|0x0000000086900000, 0x0000000086a00000, 0x0000000086a00000|100%| O|  |TAMS 0x0000000086900000| PB 0x0000000086900000| Untracked 
| 106|0x0000000086a00000, 0x0000000086b00000, 0x0000000086b00000|100%| O|  |TAMS 0x0000000086a00000| PB 0x0000000086a00000| Untracked 
| 107|0x0000000086b00000, 0x0000000086c00000, 0x0000000086c00000|100%| O|  |TAMS 0x0000000086b00000| PB 0x0000000086b00000| Untracked 
| 108|0x0000000086c00000, 0x0000000086d00000, 0x0000000086d00000|100%| O|  |TAMS 0x0000000086c00000| PB 0x0000000086c00000| Untracked 
| 109|0x0000000086d00000, 0x0000000086e00000, 0x0000000086e00000|100%| O|  |TAMS 0x0000000086d00000| PB 0x0000000086d00000| Untracked 
| 110|0x0000000086e00000, 0x0000000086f00000, 0x0000000086f00000|100%| O|  |TAMS 0x0000000086e00000| PB 0x0000000086e00000| Untracked 
| 111|0x0000000086f00000, 0x0000000087000000, 0x0000000087000000|100%| O|  |TAMS 0x0000000086f00000| PB 0x0000000086f00000| Untracked 
| 112|0x0000000087000000, 0x0000000087100000, 0x0000000087100000|100%| O|  |TAMS 0x0000000087000000| PB 0x0000000087000000| Untracked 
| 113|0x0000000087100000, 0x0000000087200000, 0x0000000087200000|100%| O|  |TAMS 0x0000000087100000| PB 0x0000000087100000| Untracked 
| 114|0x0000000087200000, 0x0000000087300000, 0x0000000087300000|100%| O|  |TAMS 0x0000000087200000| PB 0x0000000087200000| Untracked 
| 115|0x0000000087300000, 0x0000000087400000, 0x0000000087400000|100%|HS|  |TAMS 0x0000000087300000| PB 0x0000000087300000| Complete 
| 116|0x0000000087400000, 0x0000000087500000, 0x0000000087500000|100%|HC|  |TAMS 0x0000000087400000| PB 0x0000000087400000| Complete 
| 117|0x0000000087500000, 0x0000000087600000, 0x0000000087600000|100%|HC|  |TAMS 0x0000000087500000| PB 0x0000000087500000| Complete 
| 118|0x0000000087600000, 0x0000000087700000, 0x0000000087700000|100%| O|  |TAMS 0x0000000087600000| PB 0x0000000087600000| Untracked 
| 119|0x0000000087700000, 0x0000000087800000, 0x0000000087800000|100%| O|  |TAMS 0x0000000087700000| PB 0x0000000087700000| Untracked 
| 120|0x0000000087800000, 0x0000000087900000, 0x0000000087900000|100%| O|  |TAMS 0x0000000087800000| PB 0x0000000087800000| Untracked 
| 121|0x0000000087900000, 0x0000000087a00000, 0x0000000087a00000|100%| O|  |TAMS 0x0000000087900000| PB 0x0000000087900000| Untracked 
| 122|0x0000000087a00000, 0x0000000087b00000, 0x0000000087b00000|100%| O|  |TAMS 0x0000000087a00000| PB 0x0000000087a00000| Untracked 
| 123|0x0000000087b00000, 0x0000000087c00000, 0x0000000087c00000|100%| O|  |TAMS 0x0000000087b00000| PB 0x0000000087b00000| Untracked 
| 124|0x0000000087c00000, 0x0000000087d00000, 0x0000000087d00000|100%| O|  |TAMS 0x0000000087c00000| PB 0x0000000087c00000| Untracked 
| 125|0x0000000087d00000, 0x0000000087e00000, 0x0000000087e00000|100%| O|  |TAMS 0x0000000087d00000| PB 0x0000000087d00000| Untracked 
| 126|0x0000000087e00000, 0x0000000087f00000, 0x0000000087f00000|100%| O|  |TAMS 0x0000000087e00000| PB 0x0000000087e00000| Untracked 
| 127|0x0000000087f00000, 0x0000000088000000, 0x0000000088000000|100%| O|  |TAMS 0x0000000087f00000| PB 0x0000000087f00000| Untracked 
| 128|0x0000000088000000, 0x0000000088100000, 0x0000000088100000|100%| O|  |TAMS 0x0000000088000000| PB 0x0000000088000000| Untracked 
| 129|0x0000000088100000, 0x0000000088200000, 0x0000000088200000|100%| O|  |TAMS 0x0000000088100000| PB 0x0000000088100000| Untracked 
| 130|0x0000000088200000, 0x0000000088300000, 0x0000000088300000|100%| O|  |TAMS 0x0000000088200000| PB 0x0000000088200000| Untracked 
| 131|0x0000000088300000, 0x0000000088400000, 0x0000000088400000|100%| O|  |TAMS 0x0000000088300000| PB 0x0000000088300000| Untracked 
| 132|0x0000000088400000, 0x0000000088500000, 0x0000000088500000|100%| O|Cm|TAMS 0x0000000088400000| PB 0x0000000088400000| Complete 
| 133|0x0000000088500000, 0x0000000088600000, 0x0000000088600000|100%| O|  |TAMS 0x0000000088500000| PB 0x0000000088500000| Untracked 
| 134|0x0000000088600000, 0x0000000088700000, 0x0000000088700000|100%| O|  |TAMS 0x0000000088600000| PB 0x0000000088600000| Untracked 
| 135|0x0000000088700000, 0x0000000088800000, 0x0000000088800000|100%| O|  |TAMS 0x0000000088700000| PB 0x0000000088700000| Untracked 
| 136|0x0000000088800000, 0x0000000088900000, 0x0000000088900000|100%| O|  |TAMS 0x0000000088800000| PB 0x0000000088800000| Untracked 
| 137|0x0000000088900000, 0x0000000088a00000, 0x0000000088a00000|100%| O|  |TAMS 0x0000000088900000| PB 0x0000000088900000| Untracked 
| 138|0x0000000088a00000, 0x0000000088b00000, 0x0000000088b00000|100%| O|  |TAMS 0x0000000088a00000| PB 0x0000000088a00000| Untracked 
| 139|0x0000000088b00000, 0x0000000088c00000, 0x0000000088c00000|100%| O|  |TAMS 0x0000000088b00000| PB 0x0000000088b00000| Untracked 
| 140|0x0000000088c00000, 0x0000000088d00000, 0x0000000088d00000|100%| O|  |TAMS 0x0000000088c00000| PB 0x0000000088c00000| Untracked 
| 141|0x0000000088d00000, 0x0000000088e00000, 0x0000000088e00000|100%| O|  |TAMS 0x0000000088d00000| PB 0x0000000088d00000| Untracked 
| 142|0x0000000088e00000, 0x0000000088f00000, 0x0000000088f00000|100%| O|  |TAMS 0x0000000088e00000| PB 0x0000000088e00000| Untracked 
| 143|0x0000000088f00000, 0x0000000089000000, 0x0000000089000000|100%| O|  |TAMS 0x0000000088f00000| PB 0x0000000088f00000| Untracked 
| 144|0x0000000089000000, 0x0000000089100000, 0x0000000089100000|100%| O|  |TAMS 0x0000000089000000| PB 0x0000000089000000| Untracked 
| 145|0x0000000089100000, 0x0000000089200000, 0x0000000089200000|100%| O|  |TAMS 0x0000000089100000| PB 0x0000000089100000| Untracked 
| 146|0x0000000089200000, 0x0000000089300000, 0x0000000089300000|100%| O|  |TAMS 0x0000000089200000| PB 0x0000000089200000| Untracked 
| 147|0x0000000089300000, 0x0000000089400000, 0x0000000089400000|100%| O|  |TAMS 0x0000000089300000| PB 0x0000000089300000| Untracked 
| 148|0x0000000089400000, 0x0000000089500000, 0x0000000089500000|100%| O|  |TAMS 0x0000000089400000| PB 0x0000000089400000| Untracked 
| 149|0x0000000089500000, 0x0000000089600000, 0x0000000089600000|100%| O|  |TAMS 0x0000000089500000| PB 0x0000000089500000| Untracked 
| 150|0x0000000089600000, 0x0000000089700000, 0x0000000089700000|100%| O|  |TAMS 0x0000000089600000| PB 0x0000000089600000| Untracked 
| 151|0x0000000089700000, 0x0000000089800000, 0x0000000089800000|100%| O|  |TAMS 0x0000000089700000| PB 0x0000000089700000| Untracked 
| 152|0x0000000089800000, 0x0000000089900000, 0x0000000089900000|100%| O|  |TAMS 0x0000000089800000| PB 0x0000000089800000| Untracked 
| 153|0x0000000089900000, 0x0000000089a00000, 0x0000000089a00000|100%|HS|  |TAMS 0x0000000089900000| PB 0x0000000089900000| Complete 
| 154|0x0000000089a00000, 0x0000000089b00000, 0x0000000089b00000|100%| O|  |TAMS 0x0000000089a00000| PB 0x0000000089a00000| Untracked 
| 155|0x0000000089b00000, 0x0000000089c00000, 0x0000000089c00000|100%| O|  |TAMS 0x0000000089b00000| PB 0x0000000089b00000| Untracked 
| 156|0x0000000089c00000, 0x0000000089c00000, 0x0000000089d00000|  0%| F|  |TAMS 0x0000000089c00000| PB 0x0000000089c00000| Untracked 
| 157|0x0000000089d00000, 0x0000000089e00000, 0x0000000089e00000|100%| O|  |TAMS 0x0000000089d00000| PB 0x0000000089d00000| Untracked 
| 158|0x0000000089e00000, 0x0000000089f00000, 0x0000000089f00000|100%|HS|  |TAMS 0x0000000089e00000| PB 0x0000000089e00000| Complete 
| 159|0x0000000089f00000, 0x000000008a000000, 0x000000008a000000|100%|HC|  |TAMS 0x0000000089f00000| PB 0x0000000089f00000| Complete 
| 160|0x000000008a000000, 0x000000008a100000, 0x000000008a100000|100%| O|  |TAMS 0x000000008a000000| PB 0x000000008a000000| Untracked 
| 161|0x000000008a100000, 0x000000008a200000, 0x000000008a200000|100%| O|  |TAMS 0x000000008a100000| PB 0x000000008a100000| Untracked 
| 162|0x000000008a200000, 0x000000008a300000, 0x000000008a300000|100%|HS|  |TAMS 0x000000008a200000| PB 0x000000008a200000| Complete 
| 163|0x000000008a300000, 0x000000008a400000, 0x000000008a400000|100%|HC|  |TAMS 0x000000008a300000| PB 0x000000008a300000| Complete 
| 164|0x000000008a400000, 0x000000008a500000, 0x000000008a500000|100%| O|  |TAMS 0x000000008a400000| PB 0x000000008a400000| Untracked 
| 165|0x000000008a500000, 0x000000008a600000, 0x000000008a600000|100%| O|  |TAMS 0x000000008a500000| PB 0x000000008a500000| Untracked 
| 166|0x000000008a600000, 0x000000008a700000, 0x000000008a700000|100%| O|  |TAMS 0x000000008a600000| PB 0x000000008a600000| Untracked 
| 167|0x000000008a700000, 0x000000008a800000, 0x000000008a800000|100%| O|  |TAMS 0x000000008a700000| PB 0x000000008a700000| Untracked 
| 168|0x000000008a800000, 0x000000008a900000, 0x000000008a900000|100%| O|  |TAMS 0x000000008a800000| PB 0x000000008a800000| Untracked 
| 169|0x000000008a900000, 0x000000008aa00000, 0x000000008aa00000|100%| O|  |TAMS 0x000000008a900000| PB 0x000000008a900000| Untracked 
| 170|0x000000008aa00000, 0x000000008ab00000, 0x000000008ab00000|100%| O|  |TAMS 0x000000008aa00000| PB 0x000000008aa00000| Untracked 
| 171|0x000000008ab00000, 0x000000008ac00000, 0x000000008ac00000|100%| O|  |TAMS 0x000000008ab00000| PB 0x000000008ab00000| Untracked 
| 172|0x000000008ac00000, 0x000000008ad00000, 0x000000008ad00000|100%| O|  |TAMS 0x000000008ac00000| PB 0x000000008ac00000| Untracked 
| 173|0x000000008ad00000, 0x000000008ae00000, 0x000000008ae00000|100%| O|  |TAMS 0x000000008ad00000| PB 0x000000008ad00000| Untracked 
| 174|0x000000008ae00000, 0x000000008af00000, 0x000000008af00000|100%| O|  |TAMS 0x000000008ae00000| PB 0x000000008ae00000| Untracked 
| 175|0x000000008af00000, 0x000000008b000000, 0x000000008b000000|100%| O|  |TAMS 0x000000008af00000| PB 0x000000008af00000| Untracked 
| 176|0x000000008b000000, 0x000000008b100000, 0x000000008b100000|100%| O|  |TAMS 0x000000008b000000| PB 0x000000008b000000| Untracked 
| 177|0x000000008b100000, 0x000000008b200000, 0x000000008b200000|100%| O|  |TAMS 0x000000008b100000| PB 0x000000008b100000| Untracked 
| 178|0x000000008b200000, 0x000000008b300000, 0x000000008b300000|100%| O|  |TAMS 0x000000008b200000| PB 0x000000008b200000| Untracked 
| 179|0x000000008b300000, 0x000000008b300000, 0x000000008b400000|  0%| F|  |TAMS 0x000000008b300000| PB 0x000000008b300000| Untracked 
| 180|0x000000008b400000, 0x000000008b500000, 0x000000008b500000|100%| O|  |TAMS 0x000000008b400000| PB 0x000000008b400000| Untracked 
| 181|0x000000008b500000, 0x000000008b600000, 0x000000008b600000|100%|HS|  |TAMS 0x000000008b500000| PB 0x000000008b500000| Complete 
| 182|0x000000008b600000, 0x000000008b700000, 0x000000008b700000|100%|HC|  |TAMS 0x000000008b600000| PB 0x000000008b600000| Complete 
| 183|0x000000008b700000, 0x000000008b800000, 0x000000008b800000|100%|HS|  |TAMS 0x000000008b700000| PB 0x000000008b700000| Complete 
| 184|0x000000008b800000, 0x000000008b900000, 0x000000008b900000|100%|HC|  |TAMS 0x000000008b800000| PB 0x000000008b800000| Complete 
| 185|0x000000008b900000, 0x000000008ba00000, 0x000000008ba00000|100%| O|  |TAMS 0x000000008b900000| PB 0x000000008b900000| Untracked 
| 186|0x000000008ba00000, 0x000000008bb00000, 0x000000008bb00000|100%| O|  |TAMS 0x000000008ba00000| PB 0x000000008ba00000| Untracked 
| 187|0x000000008bb00000, 0x000000008bb00000, 0x000000008bc00000|  0%| F|  |TAMS 0x000000008bb00000| PB 0x000000008bb00000| Untracked 
| 188|0x000000008bc00000, 0x000000008bd00000, 0x000000008bd00000|100%| O|  |TAMS 0x000000008bc00000| PB 0x000000008bc00000| Untracked 
| 189|0x000000008bd00000, 0x000000008be00000, 0x000000008be00000|100%| O|  |TAMS 0x000000008bd00000| PB 0x000000008bd00000| Untracked 
| 190|0x000000008be00000, 0x000000008bf00000, 0x000000008bf00000|100%| O|  |TAMS 0x000000008be00000| PB 0x000000008be00000| Untracked 
| 191|0x000000008bf00000, 0x000000008c000000, 0x000000008c000000|100%|HS|  |TAMS 0x000000008bf00000| PB 0x000000008bf00000| Complete 
| 192|0x000000008c000000, 0x000000008c100000, 0x000000008c100000|100%|HC|  |TAMS 0x000000008c000000| PB 0x000000008c000000| Complete 
| 193|0x000000008c100000, 0x000000008c200000, 0x000000008c200000|100%|HS|  |TAMS 0x000000008c100000| PB 0x000000008c100000| Complete 
| 194|0x000000008c200000, 0x000000008c300000, 0x000000008c300000|100%|HC|  |TAMS 0x000000008c200000| PB 0x000000008c200000| Complete 
| 195|0x000000008c300000, 0x000000008c400000, 0x000000008c400000|100%|HC|  |TAMS 0x000000008c300000| PB 0x000000008c300000| Complete 
| 196|0x000000008c400000, 0x000000008c500000, 0x000000008c500000|100%|HC|  |TAMS 0x000000008c400000| PB 0x000000008c400000| Complete 
| 197|0x000000008c500000, 0x000000008c600000, 0x000000008c600000|100%|HC|  |TAMS 0x000000008c500000| PB 0x000000008c500000| Complete 
| 198|0x000000008c600000, 0x000000008c700000, 0x000000008c700000|100%|HC|  |TAMS 0x000000008c600000| PB 0x000000008c600000| Complete 
| 199|0x000000008c700000, 0x000000008c800000, 0x000000008c800000|100%|HS|  |TAMS 0x000000008c700000| PB 0x000000008c700000| Complete 
| 200|0x000000008c800000, 0x000000008c900000, 0x000000008c900000|100%|HC|  |TAMS 0x000000008c800000| PB 0x000000008c800000| Complete 
| 201|0x000000008c900000, 0x000000008ca00000, 0x000000008ca00000|100%|HC|  |TAMS 0x000000008c900000| PB 0x000000008c900000| Complete 
| 202|0x000000008ca00000, 0x000000008cb00000, 0x000000008cb00000|100%|HC|  |TAMS 0x000000008ca00000| PB 0x000000008ca00000| Complete 
| 203|0x000000008cb00000, 0x000000008cc00000, 0x000000008cc00000|100%|HS|  |TAMS 0x000000008cb00000| PB 0x000000008cb00000| Complete 
| 204|0x000000008cc00000, 0x000000008cd00000, 0x000000008cd00000|100%|HC|  |TAMS 0x000000008cc00000| PB 0x000000008cc00000| Complete 
| 205|0x000000008cd00000, 0x000000008ce00000, 0x000000008ce00000|100%| O|  |TAMS 0x000000008cd00000| PB 0x000000008cd00000| Untracked 
| 206|0x000000008ce00000, 0x000000008ce00000, 0x000000008cf00000|  0%| F|  |TAMS 0x000000008ce00000| PB 0x000000008ce00000| Untracked 
| 207|0x000000008cf00000, 0x000000008d000000, 0x000000008d000000|100%| O|  |TAMS 0x000000008cf00000| PB 0x000000008cf00000| Untracked 
| 208|0x000000008d000000, 0x000000008d000000, 0x000000008d100000|  0%| F|  |TAMS 0x000000008d000000| PB 0x000000008d000000| Untracked 
| 209|0x000000008d100000, 0x000000008d200000, 0x000000008d200000|100%| O|  |TAMS 0x000000008d100000| PB 0x000000008d100000| Untracked 
| 210|0x000000008d200000, 0x000000008d300000, 0x000000008d300000|100%| O|  |TAMS 0x000000008d200000| PB 0x000000008d200000| Untracked 
| 211|0x000000008d300000, 0x000000008d400000, 0x000000008d400000|100%|HS|  |TAMS 0x000000008d300000| PB 0x000000008d300000| Complete 
| 212|0x000000008d400000, 0x000000008d500000, 0x000000008d500000|100%|HC|  |TAMS 0x000000008d400000| PB 0x000000008d400000| Complete 
| 213|0x000000008d500000, 0x000000008d600000, 0x000000008d600000|100%| O|  |TAMS 0x000000008d500000| PB 0x000000008d500000| Untracked 
| 214|0x000000008d600000, 0x000000008d700000, 0x000000008d700000|100%| O|  |TAMS 0x000000008d600000| PB 0x000000008d600000| Untracked 
| 215|0x000000008d700000, 0x000000008d800000, 0x000000008d800000|100%|HS|  |TAMS 0x000000008d700000| PB 0x000000008d700000| Complete 
| 216|0x000000008d800000, 0x000000008d900000, 0x000000008d900000|100%|HC|  |TAMS 0x000000008d800000| PB 0x000000008d800000| Complete 
| 217|0x000000008d900000, 0x000000008da00000, 0x000000008da00000|100%|HS|  |TAMS 0x000000008d900000| PB 0x000000008d900000| Complete 
| 218|0x000000008da00000, 0x000000008db00000, 0x000000008db00000|100%|HC|  |TAMS 0x000000008da00000| PB 0x000000008da00000| Complete 
| 219|0x000000008db00000, 0x000000008dc00000, 0x000000008dc00000|100%|HS|  |TAMS 0x000000008db00000| PB 0x000000008db00000| Complete 
| 220|0x000000008dc00000, 0x000000008dd00000, 0x000000008dd00000|100%|HC|  |TAMS 0x000000008dc00000| PB 0x000000008dc00000| Complete 
| 221|0x000000008dd00000, 0x000000008de00000, 0x000000008de00000|100%| O|Cm|TAMS 0x000000008dd00000| PB 0x000000008dd00000| Complete 
| 222|0x000000008de00000, 0x000000008de00000, 0x000000008df00000|  0%| F|  |TAMS 0x000000008de00000| PB 0x000000008de00000| Untracked 
| 223|0x000000008df00000, 0x000000008e000000, 0x000000008e000000|100%| O|Cm|TAMS 0x000000008df00000| PB 0x000000008df00000| Complete 
| 224|0x000000008e000000, 0x000000008e100000, 0x000000008e100000|100%| O|  |TAMS 0x000000008e000000| PB 0x000000008e000000| Untracked 
| 225|0x000000008e100000, 0x000000008e200000, 0x000000008e200000|100%| O|Cm|TAMS 0x000000008e100000| PB 0x000000008e100000| Complete 
| 226|0x000000008e200000, 0x000000008e300000, 0x000000008e300000|100%| O|  |TAMS 0x000000008e200000| PB 0x000000008e200000| Untracked 
| 227|0x000000008e300000, 0x000000008e400000, 0x000000008e400000|100%| O|  |TAMS 0x000000008e300000| PB 0x000000008e300000| Untracked 
| 228|0x000000008e400000, 0x000000008e500000, 0x000000008e500000|100%|HS|  |TAMS 0x000000008e400000| PB 0x000000008e400000| Complete 
| 229|0x000000008e500000, 0x000000008e600000, 0x000000008e600000|100%|HC|  |TAMS 0x000000008e500000| PB 0x000000008e500000| Complete 
| 230|0x000000008e600000, 0x000000008e600000, 0x000000008e700000|  0%| F|  |TAMS 0x000000008e600000| PB 0x000000008e600000| Untracked 
| 231|0x000000008e700000, 0x000000008e800000, 0x000000008e800000|100%| O|Cm|TAMS 0x000000008e700000| PB 0x000000008e700000| Complete 
| 232|0x000000008e800000, 0x000000008e900000, 0x000000008e900000|100%| O|  |TAMS 0x000000008e800000| PB 0x000000008e800000| Untracked 
| 233|0x000000008e900000, 0x000000008ea00000, 0x000000008ea00000|100%| O|  |TAMS 0x000000008e900000| PB 0x000000008e900000| Untracked 
| 234|0x000000008ea00000, 0x000000008eb00000, 0x000000008eb00000|100%| O|  |TAMS 0x000000008ea00000| PB 0x000000008ea00000| Untracked 
| 235|0x000000008eb00000, 0x000000008ec00000, 0x000000008ec00000|100%| O|  |TAMS 0x000000008eb00000| PB 0x000000008eb00000| Untracked 
| 236|0x000000008ec00000, 0x000000008ed00000, 0x000000008ed00000|100%| O|  |TAMS 0x000000008ec00000| PB 0x000000008ec00000| Untracked 
| 237|0x000000008ed00000, 0x000000008ee00000, 0x000000008ee00000|100%|HS|  |TAMS 0x000000008ed00000| PB 0x000000008ed00000| Complete 
| 238|0x000000008ee00000, 0x000000008ef00000, 0x000000008ef00000|100%|HC|  |TAMS 0x000000008ee00000| PB 0x000000008ee00000| Complete 
| 239|0x000000008ef00000, 0x000000008f000000, 0x000000008f000000|100%| O|  |TAMS 0x000000008ef00000| PB 0x000000008ef00000| Untracked 
| 240|0x000000008f000000, 0x000000008f100000, 0x000000008f100000|100%|HS|  |TAMS 0x000000008f000000| PB 0x000000008f000000| Complete 
| 241|0x000000008f100000, 0x000000008f200000, 0x000000008f200000|100%|HC|  |TAMS 0x000000008f100000| PB 0x000000008f100000| Complete 
| 242|0x000000008f200000, 0x000000008f200000, 0x000000008f300000|  0%| F|  |TAMS 0x000000008f200000| PB 0x000000008f200000| Untracked 
| 243|0x000000008f300000, 0x000000008f400000, 0x000000008f400000|100%| O|  |TAMS 0x000000008f300000| PB 0x000000008f300000| Untracked 
| 244|0x000000008f400000, 0x000000008f500000, 0x000000008f500000|100%| O|  |TAMS 0x000000008f400000| PB 0x000000008f400000| Untracked 
| 245|0x000000008f500000, 0x000000008f600000, 0x000000008f600000|100%| O|  |TAMS 0x000000008f500000| PB 0x000000008f500000| Untracked 
| 246|0x000000008f600000, 0x000000008f700000, 0x000000008f700000|100%|HS|  |TAMS 0x000000008f600000| PB 0x000000008f600000| Complete 
| 247|0x000000008f700000, 0x000000008f800000, 0x000000008f800000|100%|HC|  |TAMS 0x000000008f700000| PB 0x000000008f700000| Complete 
| 248|0x000000008f800000, 0x000000008f900000, 0x000000008f900000|100%|HS|  |TAMS 0x000000008f800000| PB 0x000000008f800000| Complete 
| 249|0x000000008f900000, 0x000000008fa00000, 0x000000008fa00000|100%|HC|  |TAMS 0x000000008f900000| PB 0x000000008f900000| Complete 
| 250|0x000000008fa00000, 0x000000008fb00000, 0x000000008fb00000|100%| O|  |TAMS 0x000000008fa00000| PB 0x000000008fa00000| Untracked 
| 251|0x000000008fb00000, 0x000000008fc00000, 0x000000008fc00000|100%| O|  |TAMS 0x000000008fb00000| PB 0x000000008fb00000| Untracked 
| 252|0x000000008fc00000, 0x000000008fd00000, 0x000000008fd00000|100%|HS|  |TAMS 0x000000008fc00000| PB 0x000000008fc00000| Complete 
| 253|0x000000008fd00000, 0x000000008fe00000, 0x000000008fe00000|100%|HC|  |TAMS 0x000000008fd00000| PB 0x000000008fd00000| Complete 
| 254|0x000000008fe00000, 0x000000008fe00000, 0x000000008ff00000|  0%| F|  |TAMS 0x000000008fe00000| PB 0x000000008fe00000| Untracked 
| 255|0x000000008ff00000, 0x0000000090000000, 0x0000000090000000|100%| O|  |TAMS 0x000000008ff00000| PB 0x000000008ff00000| Untracked 
| 256|0x0000000090000000, 0x0000000090100000, 0x0000000090100000|100%| O|  |TAMS 0x0000000090000000| PB 0x0000000090000000| Untracked 
| 257|0x0000000090100000, 0x0000000090100000, 0x0000000090200000|  0%| F|  |TAMS 0x0000000090100000| PB 0x0000000090100000| Untracked 
| 258|0x0000000090200000, 0x0000000090300000, 0x0000000090300000|100%| O|  |TAMS 0x0000000090200000| PB 0x0000000090200000| Untracked 
| 259|0x0000000090300000, 0x0000000090400000, 0x0000000090400000|100%|HS|  |TAMS 0x0000000090300000| PB 0x0000000090300000| Complete 
| 260|0x0000000090400000, 0x0000000090500000, 0x0000000090500000|100%|HC|  |TAMS 0x0000000090400000| PB 0x0000000090400000| Complete 
| 261|0x0000000090500000, 0x0000000090600000, 0x0000000090600000|100%| O|  |TAMS 0x0000000090500000| PB 0x0000000090500000| Untracked 
| 262|0x0000000090600000, 0x0000000090700000, 0x0000000090700000|100%| O|  |TAMS 0x0000000090600000| PB 0x0000000090600000| Untracked 
| 263|0x0000000090700000, 0x0000000090800000, 0x0000000090800000|100%| O|  |TAMS 0x0000000090700000| PB 0x0000000090700000| Untracked 
| 264|0x0000000090800000, 0x0000000090900000, 0x0000000090900000|100%| O|Cm|TAMS 0x0000000090800000| PB 0x0000000090800000| Complete 
| 265|0x0000000090900000, 0x0000000090a00000, 0x0000000090a00000|100%| O|  |TAMS 0x0000000090900000| PB 0x0000000090900000| Untracked 
| 266|0x0000000090a00000, 0x0000000090b00000, 0x0000000090b00000|100%| O|  |TAMS 0x0000000090a00000| PB 0x0000000090a00000| Untracked 
| 267|0x0000000090b00000, 0x0000000090c00000, 0x0000000090c00000|100%| O|  |TAMS 0x0000000090b00000| PB 0x0000000090b00000| Untracked 
| 268|0x0000000090c00000, 0x0000000090d00000, 0x0000000090d00000|100%| O|  |TAMS 0x0000000090c00000| PB 0x0000000090c00000| Untracked 
| 269|0x0000000090d00000, 0x0000000090d00000, 0x0000000090e00000|  0%| F|  |TAMS 0x0000000090d00000| PB 0x0000000090d00000| Untracked 
| 270|0x0000000090e00000, 0x0000000090f00000, 0x0000000090f00000|100%| O|Cm|TAMS 0x0000000090e00000| PB 0x0000000090e00000| Complete 
| 271|0x0000000090f00000, 0x0000000091000000, 0x0000000091000000|100%| O|Cm|TAMS 0x0000000090f00000| PB 0x0000000090f00000| Complete 
| 272|0x0000000091000000, 0x0000000091100000, 0x0000000091100000|100%| O|Cm|TAMS 0x0000000091000000| PB 0x0000000091000000| Complete 
| 273|0x0000000091100000, 0x0000000091200000, 0x0000000091200000|100%| O|  |TAMS 0x0000000091100000| PB 0x0000000091100000| Untracked 
| 274|0x0000000091200000, 0x0000000091300000, 0x0000000091300000|100%| O|  |TAMS 0x0000000091200000| PB 0x0000000091200000| Untracked 
| 275|0x0000000091300000, 0x0000000091400000, 0x0000000091400000|100%| O|  |TAMS 0x0000000091300000| PB 0x0000000091300000| Untracked 
| 276|0x0000000091400000, 0x0000000091500000, 0x0000000091500000|100%| O|  |TAMS 0x0000000091400000| PB 0x0000000091400000| Untracked 
| 277|0x0000000091500000, 0x0000000091600000, 0x0000000091600000|100%| O|Cm|TAMS 0x0000000091500000| PB 0x0000000091500000| Complete 
| 278|0x0000000091600000, 0x0000000091600000, 0x0000000091700000|  0%| F|  |TAMS 0x0000000091600000| PB 0x0000000091600000| Untracked 
| 279|0x0000000091700000, 0x0000000091800000, 0x0000000091800000|100%| O|Cm|TAMS 0x0000000091700000| PB 0x0000000091700000| Complete 
| 280|0x0000000091800000, 0x0000000091900000, 0x0000000091900000|100%| O|  |TAMS 0x0000000091800000| PB 0x0000000091800000| Untracked 
| 281|0x0000000091900000, 0x0000000091a00000, 0x0000000091a00000|100%| O|  |TAMS 0x0000000091900000| PB 0x0000000091900000| Untracked 
| 282|0x0000000091a00000, 0x0000000091b00000, 0x0000000091b00000|100%| O|  |TAMS 0x0000000091a00000| PB 0x0000000091a00000| Untracked 
| 283|0x0000000091b00000, 0x0000000091c00000, 0x0000000091c00000|100%|HS|  |TAMS 0x0000000091b00000| PB 0x0000000091b00000| Complete 
| 284|0x0000000091c00000, 0x0000000091d00000, 0x0000000091d00000|100%|HC|  |TAMS 0x0000000091c00000| PB 0x0000000091c00000| Complete 
| 285|0x0000000091d00000, 0x0000000091e00000, 0x0000000091e00000|100%| O|  |TAMS 0x0000000091d00000| PB 0x0000000091d00000| Untracked 
| 286|0x0000000091e00000, 0x0000000091f00000, 0x0000000091f00000|100%| O|  |TAMS 0x0000000091e00000| PB 0x0000000091e00000| Untracked 
| 287|0x0000000091f00000, 0x0000000092000000, 0x0000000092000000|100%| O|  |TAMS 0x0000000091f00000| PB 0x0000000091f00000| Untracked 
| 288|0x0000000092000000, 0x0000000092100000, 0x0000000092100000|100%| O|  |TAMS 0x0000000092000000| PB 0x0000000092000000| Untracked 
| 289|0x0000000092100000, 0x0000000092200000, 0x0000000092200000|100%| O|Cm|TAMS 0x0000000092100000| PB 0x0000000092100000| Complete 
| 290|0x0000000092200000, 0x0000000092300000, 0x0000000092300000|100%| O|  |TAMS 0x0000000092200000| PB 0x0000000092200000| Untracked 
| 291|0x0000000092300000, 0x0000000092400000, 0x0000000092400000|100%| O|  |TAMS 0x0000000092300000| PB 0x0000000092300000| Untracked 
| 292|0x0000000092400000, 0x0000000092500000, 0x0000000092500000|100%| O|  |TAMS 0x0000000092400000| PB 0x0000000092400000| Untracked 
| 293|0x0000000092500000, 0x0000000092600000, 0x0000000092600000|100%| O|  |TAMS 0x0000000092500000| PB 0x0000000092500000| Untracked 
| 294|0x0000000092600000, 0x0000000092700000, 0x0000000092700000|100%|HS|  |TAMS 0x0000000092600000| PB 0x0000000092600000| Complete 
| 295|0x0000000092700000, 0x0000000092800000, 0x0000000092800000|100%|HC|  |TAMS 0x0000000092700000| PB 0x0000000092700000| Complete 
| 296|0x0000000092800000, 0x0000000092900000, 0x0000000092900000|100%|HS|  |TAMS 0x0000000092800000| PB 0x0000000092800000| Complete 
| 297|0x0000000092900000, 0x0000000092a00000, 0x0000000092a00000|100%|HC|  |TAMS 0x0000000092900000| PB 0x0000000092900000| Complete 
| 298|0x0000000092a00000, 0x0000000092b00000, 0x0000000092b00000|100%|HS|  |TAMS 0x0000000092a00000| PB 0x0000000092a00000| Complete 
| 299|0x0000000092b00000, 0x0000000092c00000, 0x0000000092c00000|100%|HC|  |TAMS 0x0000000092b00000| PB 0x0000000092b00000| Complete 
| 300|0x0000000092c00000, 0x0000000092d00000, 0x0000000092d00000|100%|HS|  |TAMS 0x0000000092c00000| PB 0x0000000092c00000| Complete 
| 301|0x0000000092d00000, 0x0000000092e00000, 0x0000000092e00000|100%|HC|  |TAMS 0x0000000092d00000| PB 0x0000000092d00000| Complete 
| 302|0x0000000092e00000, 0x0000000092f00000, 0x0000000092f00000|100%|HS|  |TAMS 0x0000000092e00000| PB 0x0000000092e00000| Complete 
| 303|0x0000000092f00000, 0x0000000093000000, 0x0000000093000000|100%|HC|  |TAMS 0x0000000092f00000| PB 0x0000000092f00000| Complete 
| 304|0x0000000093000000, 0x0000000093100000, 0x0000000093100000|100%| O|  |TAMS 0x0000000093000000| PB 0x0000000093000000| Untracked 
| 305|0x0000000093100000, 0x0000000093100000, 0x0000000093200000|  0%| F|  |TAMS 0x0000000093100000| PB 0x0000000093100000| Untracked 
| 306|0x0000000093200000, 0x0000000093300000, 0x0000000093300000|100%| O|  |TAMS 0x0000000093200000| PB 0x0000000093200000| Untracked 
| 307|0x0000000093300000, 0x0000000093300000, 0x0000000093400000|  0%| F|  |TAMS 0x0000000093300000| PB 0x0000000093300000| Untracked 
| 308|0x0000000093400000, 0x0000000093500000, 0x0000000093500000|100%| O|  |TAMS 0x0000000093400000| PB 0x0000000093400000| Untracked 
| 309|0x0000000093500000, 0x0000000093600000, 0x0000000093600000|100%| O|  |TAMS 0x0000000093500000| PB 0x0000000093500000| Untracked 
| 310|0x0000000093600000, 0x0000000093700000, 0x0000000093700000|100%| O|  |TAMS 0x0000000093600000| PB 0x0000000093600000| Untracked 
| 311|0x0000000093700000, 0x0000000093800000, 0x0000000093800000|100%| O|  |TAMS 0x0000000093700000| PB 0x0000000093700000| Untracked 
| 312|0x0000000093800000, 0x0000000093900000, 0x0000000093900000|100%| O|  |TAMS 0x0000000093800000| PB 0x0000000093800000| Untracked 
| 313|0x0000000093900000, 0x0000000093a00000, 0x0000000093a00000|100%| O|  |TAMS 0x0000000093900000| PB 0x0000000093900000| Untracked 
| 314|0x0000000093a00000, 0x0000000093b00000, 0x0000000093b00000|100%| O|  |TAMS 0x0000000093a00000| PB 0x0000000093a00000| Untracked 
| 315|0x0000000093b00000, 0x0000000093c00000, 0x0000000093c00000|100%| O|Cm|TAMS 0x0000000093b00000| PB 0x0000000093b00000| Complete 
| 316|0x0000000093c00000, 0x0000000093d00000, 0x0000000093d00000|100%| O|  |TAMS 0x0000000093c00000| PB 0x0000000093c00000| Untracked 
| 317|0x0000000093d00000, 0x0000000093e00000, 0x0000000093e00000|100%| O|  |TAMS 0x0000000093d00000| PB 0x0000000093d00000| Untracked 
| 318|0x0000000093e00000, 0x0000000093f00000, 0x0000000093f00000|100%| O|Cm|TAMS 0x0000000093e00000| PB 0x0000000093e00000| Complete 
| 319|0x0000000093f00000, 0x0000000094000000, 0x0000000094000000|100%| O|Cm|TAMS 0x0000000093f00000| PB 0x0000000093f00000| Complete 
| 320|0x0000000094000000, 0x0000000094100000, 0x0000000094100000|100%| O|Cm|TAMS 0x0000000094000000| PB 0x0000000094000000| Complete 
| 321|0x0000000094100000, 0x0000000094200000, 0x0000000094200000|100%| O|  |TAMS 0x0000000094100000| PB 0x0000000094100000| Untracked 
| 322|0x0000000094200000, 0x0000000094300000, 0x0000000094300000|100%| O|  |TAMS 0x0000000094200000| PB 0x0000000094200000| Untracked 
| 323|0x0000000094300000, 0x0000000094400000, 0x0000000094400000|100%| O|  |TAMS 0x0000000094300000| PB 0x0000000094300000| Untracked 
| 324|0x0000000094400000, 0x0000000094500000, 0x0000000094500000|100%| O|  |TAMS 0x0000000094400000| PB 0x0000000094400000| Untracked 
| 325|0x0000000094500000, 0x0000000094600000, 0x0000000094600000|100%| O|  |TAMS 0x0000000094500000| PB 0x0000000094500000| Untracked 
| 326|0x0000000094600000, 0x0000000094700000, 0x0000000094700000|100%| O|Cm|TAMS 0x0000000094600000| PB 0x0000000094600000| Complete 
| 327|0x0000000094700000, 0x0000000094800000, 0x0000000094800000|100%| O|Cm|TAMS 0x0000000094700000| PB 0x0000000094700000| Complete 
| 328|0x0000000094800000, 0x0000000094900000, 0x0000000094900000|100%| O|Cm|TAMS 0x0000000094800000| PB 0x0000000094800000| Complete 
| 329|0x0000000094900000, 0x0000000094a00000, 0x0000000094a00000|100%| O|Cm|TAMS 0x0000000094900000| PB 0x0000000094900000| Complete 
| 330|0x0000000094a00000, 0x0000000094b00000, 0x0000000094b00000|100%| O|Cm|TAMS 0x0000000094a00000| PB 0x0000000094a00000| Complete 
| 331|0x0000000094b00000, 0x0000000094c00000, 0x0000000094c00000|100%| O|Cm|TAMS 0x0000000094b00000| PB 0x0000000094b00000| Complete 
| 332|0x0000000094c00000, 0x0000000094d00000, 0x0000000094d00000|100%| O|  |TAMS 0x0000000094c00000| PB 0x0000000094c00000| Untracked 
| 333|0x0000000094d00000, 0x0000000094e00000, 0x0000000094e00000|100%| O|Cm|TAMS 0x0000000094d00000| PB 0x0000000094d00000| Complete 
| 334|0x0000000094e00000, 0x0000000094f00000, 0x0000000094f00000|100%| O|Cm|TAMS 0x0000000094e00000| PB 0x0000000094e00000| Complete 
| 335|0x0000000094f00000, 0x0000000095000000, 0x0000000095000000|100%| O|Cm|TAMS 0x0000000094f00000| PB 0x0000000094f00000| Complete 
| 336|0x0000000095000000, 0x0000000095100000, 0x0000000095100000|100%| O|  |TAMS 0x0000000095000000| PB 0x0000000095000000| Untracked 
| 337|0x0000000095100000, 0x0000000095200000, 0x0000000095200000|100%| O|Cm|TAMS 0x0000000095100000| PB 0x0000000095100000| Complete 
| 338|0x0000000095200000, 0x0000000095300000, 0x0000000095300000|100%| O|Cm|TAMS 0x0000000095200000| PB 0x0000000095200000| Complete 
| 339|0x0000000095300000, 0x0000000095400000, 0x0000000095400000|100%| O|Cm|TAMS 0x0000000095300000| PB 0x0000000095300000| Complete 
| 340|0x0000000095400000, 0x0000000095500000, 0x0000000095500000|100%| O|Cm|TAMS 0x0000000095400000| PB 0x0000000095400000| Complete 
| 341|0x0000000095500000, 0x0000000095600000, 0x0000000095600000|100%| O|Cm|TAMS 0x0000000095500000| PB 0x0000000095500000| Complete 
| 342|0x0000000095600000, 0x0000000095700000, 0x0000000095700000|100%| O|Cm|TAMS 0x0000000095600000| PB 0x0000000095600000| Complete 
| 343|0x0000000095700000, 0x0000000095800000, 0x0000000095800000|100%| O|Cm|TAMS 0x0000000095700000| PB 0x0000000095700000| Complete 
| 344|0x0000000095800000, 0x0000000095900000, 0x0000000095900000|100%| O|Cm|TAMS 0x0000000095800000| PB 0x0000000095800000| Complete 
| 345|0x0000000095900000, 0x0000000095a00000, 0x0000000095a00000|100%| O|Cm|TAMS 0x0000000095900000| PB 0x0000000095900000| Complete 
| 346|0x0000000095a00000, 0x0000000095b00000, 0x0000000095b00000|100%| O|Cm|TAMS 0x0000000095a00000| PB 0x0000000095a00000| Complete 
| 347|0x0000000095b00000, 0x0000000095c00000, 0x0000000095c00000|100%| O|Cm|TAMS 0x0000000095b00000| PB 0x0000000095b00000| Complete 
| 348|0x0000000095c00000, 0x0000000095d00000, 0x0000000095d00000|100%| O|Cm|TAMS 0x0000000095c00000| PB 0x0000000095c00000| Complete 
| 349|0x0000000095d00000, 0x0000000095e00000, 0x0000000095e00000|100%| O|Cm|TAMS 0x0000000095d00000| PB 0x0000000095d00000| Complete 
| 350|0x0000000095e00000, 0x0000000095f00000, 0x0000000095f00000|100%| O|Cm|TAMS 0x0000000095e00000| PB 0x0000000095e00000| Complete 
| 351|0x0000000095f00000, 0x0000000096000000, 0x0000000096000000|100%| O|Cm|TAMS 0x0000000095f00000| PB 0x0000000095f00000| Complete 
| 352|0x0000000096000000, 0x0000000096100000, 0x0000000096100000|100%| O|Cm|TAMS 0x0000000096000000| PB 0x0000000096000000| Complete 
| 353|0x0000000096100000, 0x0000000096200000, 0x0000000096200000|100%| O|Cm|TAMS 0x0000000096100000| PB 0x0000000096100000| Complete 
| 354|0x0000000096200000, 0x0000000096300000, 0x0000000096300000|100%| O|Cm|TAMS 0x0000000096200000| PB 0x0000000096200000| Complete 
| 355|0x0000000096300000, 0x0000000096400000, 0x0000000096400000|100%| O|Cm|TAMS 0x0000000096300000| PB 0x0000000096300000| Complete 
| 356|0x0000000096400000, 0x0000000096500000, 0x0000000096500000|100%|HS|  |TAMS 0x0000000096400000| PB 0x0000000096400000| Complete 
| 357|0x0000000096500000, 0x0000000096600000, 0x0000000096600000|100%|HC|  |TAMS 0x0000000096500000| PB 0x0000000096500000| Complete 
| 358|0x0000000096600000, 0x0000000096700000, 0x0000000096700000|100%|HS|  |TAMS 0x0000000096600000| PB 0x0000000096600000| Complete 
| 359|0x0000000096700000, 0x0000000096800000, 0x0000000096800000|100%|HC|  |TAMS 0x0000000096700000| PB 0x0000000096700000| Complete 
| 360|0x0000000096800000, 0x0000000096900000, 0x0000000096900000|100%|HS|  |TAMS 0x0000000096800000| PB 0x0000000096800000| Complete 
| 361|0x0000000096900000, 0x0000000096a00000, 0x0000000096a00000|100%|HC|  |TAMS 0x0000000096900000| PB 0x0000000096900000| Complete 
| 362|0x0000000096a00000, 0x0000000096b00000, 0x0000000096b00000|100%|HS|  |TAMS 0x0000000096a00000| PB 0x0000000096a00000| Complete 
| 363|0x0000000096b00000, 0x0000000096c00000, 0x0000000096c00000|100%|HC|  |TAMS 0x0000000096b00000| PB 0x0000000096b00000| Complete 
| 364|0x0000000096c00000, 0x0000000096d00000, 0x0000000096d00000|100%|HS|  |TAMS 0x0000000096c00000| PB 0x0000000096c00000| Complete 
| 365|0x0000000096d00000, 0x0000000096e00000, 0x0000000096e00000|100%|HC|  |TAMS 0x0000000096d00000| PB 0x0000000096d00000| Complete 
| 366|0x0000000096e00000, 0x0000000096f00000, 0x0000000096f00000|100%|HS|  |TAMS 0x0000000096e00000| PB 0x0000000096e00000| Complete 
| 367|0x0000000096f00000, 0x0000000097000000, 0x0000000097000000|100%|HC|  |TAMS 0x0000000096f00000| PB 0x0000000096f00000| Complete 
| 368|0x0000000097000000, 0x0000000097100000, 0x0000000097100000|100%|HS|  |TAMS 0x0000000097000000| PB 0x0000000097000000| Complete 
| 369|0x0000000097100000, 0x0000000097200000, 0x0000000097200000|100%|HC|  |TAMS 0x0000000097100000| PB 0x0000000097100000| Complete 
| 370|0x0000000097200000, 0x0000000097300000, 0x0000000097300000|100%|HS|  |TAMS 0x0000000097200000| PB 0x0000000097200000| Complete 
| 371|0x0000000097300000, 0x0000000097400000, 0x0000000097400000|100%|HC|  |TAMS 0x0000000097300000| PB 0x0000000097300000| Complete 
| 372|0x0000000097400000, 0x0000000097500000, 0x0000000097500000|100%|HS|  |TAMS 0x0000000097400000| PB 0x0000000097400000| Complete 
| 373|0x0000000097500000, 0x0000000097600000, 0x0000000097600000|100%|HC|  |TAMS 0x0000000097500000| PB 0x0000000097500000| Complete 
| 374|0x0000000097600000, 0x0000000097700000, 0x0000000097700000|100%|HS|  |TAMS 0x0000000097600000| PB 0x0000000097600000| Complete 
| 375|0x0000000097700000, 0x0000000097800000, 0x0000000097800000|100%|HC|  |TAMS 0x0000000097700000| PB 0x0000000097700000| Complete 
| 376|0x0000000097800000, 0x0000000097900000, 0x0000000097900000|100%|HS|  |TAMS 0x0000000097800000| PB 0x0000000097800000| Complete 
| 377|0x0000000097900000, 0x0000000097a00000, 0x0000000097a00000|100%|HC|  |TAMS 0x0000000097900000| PB 0x0000000097900000| Complete 
| 378|0x0000000097a00000, 0x0000000097b00000, 0x0000000097b00000|100%|HS|  |TAMS 0x0000000097a00000| PB 0x0000000097a00000| Complete 
| 379|0x0000000097b00000, 0x0000000097c00000, 0x0000000097c00000|100%|HC|  |TAMS 0x0000000097b00000| PB 0x0000000097b00000| Complete 
| 380|0x0000000097c00000, 0x0000000097d00000, 0x0000000097d00000|100%|HS|  |TAMS 0x0000000097c00000| PB 0x0000000097c00000| Complete 
| 381|0x0000000097d00000, 0x0000000097e00000, 0x0000000097e00000|100%|HC|  |TAMS 0x0000000097d00000| PB 0x0000000097d00000| Complete 
| 382|0x0000000097e00000, 0x0000000097f00000, 0x0000000097f00000|100%|HS|  |TAMS 0x0000000097e00000| PB 0x0000000097e00000| Complete 
| 383|0x0000000097f00000, 0x0000000098000000, 0x0000000098000000|100%|HC|  |TAMS 0x0000000097f00000| PB 0x0000000097f00000| Complete 
| 384|0x0000000098000000, 0x0000000098100000, 0x0000000098100000|100%|HS|  |TAMS 0x0000000098000000| PB 0x0000000098000000| Complete 
| 385|0x0000000098100000, 0x0000000098200000, 0x0000000098200000|100%|HC|  |TAMS 0x0000000098100000| PB 0x0000000098100000| Complete 
| 386|0x0000000098200000, 0x0000000098300000, 0x0000000098300000|100%|HS|  |TAMS 0x0000000098200000| PB 0x0000000098200000| Complete 
| 387|0x0000000098300000, 0x0000000098400000, 0x0000000098400000|100%|HC|  |TAMS 0x0000000098300000| PB 0x0000000098300000| Complete 
| 388|0x0000000098400000, 0x0000000098500000, 0x0000000098500000|100%|HS|  |TAMS 0x0000000098400000| PB 0x0000000098400000| Complete 
| 389|0x0000000098500000, 0x0000000098600000, 0x0000000098600000|100%|HC|  |TAMS 0x0000000098500000| PB 0x0000000098500000| Complete 
| 390|0x0000000098600000, 0x0000000098700000, 0x0000000098700000|100%|HS|  |TAMS 0x0000000098600000| PB 0x0000000098600000| Complete 
| 391|0x0000000098700000, 0x0000000098800000, 0x0000000098800000|100%|HC|  |TAMS 0x0000000098700000| PB 0x0000000098700000| Complete 
| 392|0x0000000098800000, 0x0000000098900000, 0x0000000098900000|100%|HS|  |TAMS 0x0000000098800000| PB 0x0000000098800000| Complete 
| 393|0x0000000098900000, 0x0000000098a00000, 0x0000000098a00000|100%|HC|  |TAMS 0x0000000098900000| PB 0x0000000098900000| Complete 
| 394|0x0000000098a00000, 0x0000000098b00000, 0x0000000098b00000|100%|HS|  |TAMS 0x0000000098a00000| PB 0x0000000098a00000| Complete 
| 395|0x0000000098b00000, 0x0000000098c00000, 0x0000000098c00000|100%|HC|  |TAMS 0x0000000098b00000| PB 0x0000000098b00000| Complete 
| 396|0x0000000098c00000, 0x0000000098c00000, 0x0000000098d00000|  0%| F|  |TAMS 0x0000000098c00000| PB 0x0000000098c00000| Untracked 
| 397|0x0000000098d00000, 0x0000000098e00000, 0x0000000098e00000|100%|HS|  |TAMS 0x0000000098d00000| PB 0x0000000098d00000| Complete 
| 398|0x0000000098e00000, 0x0000000098e00000, 0x0000000098f00000|  0%| F|  |TAMS 0x0000000098e00000| PB 0x0000000098e00000| Untracked 
| 399|0x0000000098f00000, 0x0000000099000000, 0x0000000099000000|100%|HS|  |TAMS 0x0000000098f00000| PB 0x0000000098f00000| Complete 
| 400|0x0000000099000000, 0x0000000099100000, 0x0000000099100000|100%|HS|  |TAMS 0x0000000099000000| PB 0x0000000099000000| Complete 
| 401|0x0000000099100000, 0x0000000099200000, 0x0000000099200000|100%|HS|  |TAMS 0x0000000099100000| PB 0x0000000099100000| Complete 
| 402|0x0000000099200000, 0x0000000099300000, 0x0000000099300000|100%|HC|  |TAMS 0x0000000099200000| PB 0x0000000099200000| Complete 
| 403|0x0000000099300000, 0x0000000099400000, 0x0000000099400000|100%| O|  |TAMS 0x0000000099300000| PB 0x0000000099300000| Untracked 
| 404|0x0000000099400000, 0x0000000099500000, 0x0000000099500000|100%| O|  |TAMS 0x0000000099400000| PB 0x0000000099400000| Untracked 
| 405|0x0000000099500000, 0x0000000099600000, 0x0000000099600000|100%| O|  |TAMS 0x0000000099500000| PB 0x0000000099500000| Untracked 
| 406|0x0000000099600000, 0x0000000099700000, 0x0000000099700000|100%| O|  |TAMS 0x0000000099600000| PB 0x0000000099600000| Untracked 
| 407|0x0000000099700000, 0x0000000099800000, 0x0000000099800000|100%| O|  |TAMS 0x0000000099700000| PB 0x0000000099700000| Untracked 
| 408|0x0000000099800000, 0x0000000099900000, 0x0000000099900000|100%| O|  |TAMS 0x0000000099800000| PB 0x0000000099800000| Untracked 
| 409|0x0000000099900000, 0x0000000099a00000, 0x0000000099a00000|100%| O|  |TAMS 0x0000000099900000| PB 0x0000000099900000| Untracked 
| 410|0x0000000099a00000, 0x0000000099b00000, 0x0000000099b00000|100%| O|Cm|TAMS 0x0000000099a00000| PB 0x0000000099a00000| Complete 
| 411|0x0000000099b00000, 0x0000000099c00000, 0x0000000099c00000|100%| O|  |TAMS 0x0000000099b00000| PB 0x0000000099b00000| Untracked 
| 412|0x0000000099c00000, 0x0000000099d00000, 0x0000000099d00000|100%| O|  |TAMS 0x0000000099c00000| PB 0x0000000099c00000| Untracked 
| 413|0x0000000099d00000, 0x0000000099e00000, 0x0000000099e00000|100%| O|Cm|TAMS 0x0000000099d00000| PB 0x0000000099d00000| Complete 
| 414|0x0000000099e00000, 0x0000000099f00000, 0x0000000099f00000|100%| O|Cm|TAMS 0x0000000099e00000| PB 0x0000000099e00000| Complete 
| 415|0x0000000099f00000, 0x0000000099f00000, 0x000000009a000000|  0%| F|  |TAMS 0x0000000099f00000| PB 0x0000000099f00000| Untracked 
| 416|0x000000009a000000, 0x000000009a100000, 0x000000009a100000|100%| O|Cm|TAMS 0x000000009a000000| PB 0x000000009a000000| Complete 
| 417|0x000000009a100000, 0x000000009a200000, 0x000000009a200000|100%| O|  |TAMS 0x000000009a100000| PB 0x000000009a100000| Untracked 
| 418|0x000000009a200000, 0x000000009a200000, 0x000000009a300000|  0%| F|  |TAMS 0x000000009a200000| PB 0x000000009a200000| Untracked 
| 419|0x000000009a300000, 0x000000009a400000, 0x000000009a400000|100%| O|  |TAMS 0x000000009a300000| PB 0x000000009a300000| Untracked 
| 420|0x000000009a400000, 0x000000009a500000, 0x000000009a500000|100%| O|Cm|TAMS 0x000000009a400000| PB 0x000000009a400000| Complete 
| 421|0x000000009a500000, 0x000000009a600000, 0x000000009a600000|100%|HS|  |TAMS 0x000000009a500000| PB 0x000000009a500000| Complete 
| 422|0x000000009a600000, 0x000000009a700000, 0x000000009a700000|100%|HC|  |TAMS 0x000000009a600000| PB 0x000000009a600000| Complete 
| 423|0x000000009a700000, 0x000000009a800000, 0x000000009a800000|100%| O|Cm|TAMS 0x000000009a700000| PB 0x000000009a700000| Complete 
| 424|0x000000009a800000, 0x000000009a900000, 0x000000009a900000|100%| O|  |TAMS 0x000000009a800000| PB 0x000000009a800000| Untracked 
| 425|0x000000009a900000, 0x000000009aa00000, 0x000000009aa00000|100%|HS|  |TAMS 0x000000009a900000| PB 0x000000009a900000| Complete 
| 426|0x000000009aa00000, 0x000000009ab00000, 0x000000009ab00000|100%|HC|  |TAMS 0x000000009aa00000| PB 0x000000009aa00000| Complete 
| 427|0x000000009ab00000, 0x000000009ac00000, 0x000000009ac00000|100%|HS|  |TAMS 0x000000009ab00000| PB 0x000000009ab00000| Complete 
| 428|0x000000009ac00000, 0x000000009ad00000, 0x000000009ad00000|100%|HC|  |TAMS 0x000000009ac00000| PB 0x000000009ac00000| Complete 
| 429|0x000000009ad00000, 0x000000009ae00000, 0x000000009ae00000|100%|HS|  |TAMS 0x000000009ad00000| PB 0x000000009ad00000| Complete 
| 430|0x000000009ae00000, 0x000000009af00000, 0x000000009af00000|100%|HC|  |TAMS 0x000000009ae00000| PB 0x000000009ae00000| Complete 
| 431|0x000000009af00000, 0x000000009b000000, 0x000000009b000000|100%|HS|  |TAMS 0x000000009af00000| PB 0x000000009af00000| Complete 
| 432|0x000000009b000000, 0x000000009b100000, 0x000000009b100000|100%|HC|  |TAMS 0x000000009b000000| PB 0x000000009b000000| Complete 
| 433|0x000000009b100000, 0x000000009b200000, 0x000000009b200000|100%|HS|  |TAMS 0x000000009b100000| PB 0x000000009b100000| Complete 
| 434|0x000000009b200000, 0x000000009b300000, 0x000000009b300000|100%|HC|  |TAMS 0x000000009b200000| PB 0x000000009b200000| Complete 
| 435|0x000000009b300000, 0x000000009b400000, 0x000000009b400000|100%|HS|  |TAMS 0x000000009b300000| PB 0x000000009b300000| Complete 
| 436|0x000000009b400000, 0x000000009b500000, 0x000000009b500000|100%|HC|  |TAMS 0x000000009b400000| PB 0x000000009b400000| Complete 
| 437|0x000000009b500000, 0x000000009b600000, 0x000000009b600000|100%|HS|  |TAMS 0x000000009b500000| PB 0x000000009b500000| Complete 
| 438|0x000000009b600000, 0x000000009b700000, 0x000000009b700000|100%|HC|  |TAMS 0x000000009b600000| PB 0x000000009b600000| Complete 
| 439|0x000000009b700000, 0x000000009b800000, 0x000000009b800000|100%|HS|  |TAMS 0x000000009b700000| PB 0x000000009b700000| Complete 
| 440|0x000000009b800000, 0x000000009b900000, 0x000000009b900000|100%|HC|  |TAMS 0x000000009b800000| PB 0x000000009b800000| Complete 
| 441|0x000000009b900000, 0x000000009ba00000, 0x000000009ba00000|100%|HS|  |TAMS 0x000000009b900000| PB 0x000000009b900000| Complete 
| 442|0x000000009ba00000, 0x000000009bb00000, 0x000000009bb00000|100%|HC|  |TAMS 0x000000009ba00000| PB 0x000000009ba00000| Complete 
| 443|0x000000009bb00000, 0x000000009bc00000, 0x000000009bc00000|100%|HS|  |TAMS 0x000000009bb00000| PB 0x000000009bb00000| Complete 
| 444|0x000000009bc00000, 0x000000009bd00000, 0x000000009bd00000|100%|HC|  |TAMS 0x000000009bc00000| PB 0x000000009bc00000| Complete 
| 445|0x000000009bd00000, 0x000000009be00000, 0x000000009be00000|100%|HS|  |TAMS 0x000000009bd00000| PB 0x000000009bd00000| Complete 
| 446|0x000000009be00000, 0x000000009bf00000, 0x000000009bf00000|100%|HC|  |TAMS 0x000000009be00000| PB 0x000000009be00000| Complete 
| 447|0x000000009bf00000, 0x000000009c000000, 0x000000009c000000|100%|HS|  |TAMS 0x000000009bf00000| PB 0x000000009bf00000| Complete 
| 448|0x000000009c000000, 0x000000009c100000, 0x000000009c100000|100%|HC|  |TAMS 0x000000009c000000| PB 0x000000009c000000| Complete 
| 449|0x000000009c100000, 0x000000009c200000, 0x000000009c200000|100%|HS|  |TAMS 0x000000009c100000| PB 0x000000009c100000| Complete 
| 450|0x000000009c200000, 0x000000009c300000, 0x000000009c300000|100%|HC|  |TAMS 0x000000009c200000| PB 0x000000009c200000| Complete 
| 451|0x000000009c300000, 0x000000009c400000, 0x000000009c400000|100%|HS|  |TAMS 0x000000009c300000| PB 0x000000009c300000| Complete 
| 452|0x000000009c400000, 0x000000009c500000, 0x000000009c500000|100%|HC|  |TAMS 0x000000009c400000| PB 0x000000009c400000| Complete 
| 453|0x000000009c500000, 0x000000009c600000, 0x000000009c600000|100%|HS|  |TAMS 0x000000009c500000| PB 0x000000009c500000| Complete 
| 454|0x000000009c600000, 0x000000009c700000, 0x000000009c700000|100%|HC|  |TAMS 0x000000009c600000| PB 0x000000009c600000| Complete 
| 455|0x000000009c700000, 0x000000009c800000, 0x000000009c800000|100%|HS|  |TAMS 0x000000009c700000| PB 0x000000009c700000| Complete 
| 456|0x000000009c800000, 0x000000009c900000, 0x000000009c900000|100%|HC|  |TAMS 0x000000009c800000| PB 0x000000009c800000| Complete 
| 457|0x000000009c900000, 0x000000009ca00000, 0x000000009ca00000|100%|HS|  |TAMS 0x000000009c900000| PB 0x000000009c900000| Complete 
| 458|0x000000009ca00000, 0x000000009cb00000, 0x000000009cb00000|100%|HC|  |TAMS 0x000000009ca00000| PB 0x000000009ca00000| Complete 
| 459|0x000000009cb00000, 0x000000009cc00000, 0x000000009cc00000|100%|HS|  |TAMS 0x000000009cb00000| PB 0x000000009cb00000| Complete 
| 460|0x000000009cc00000, 0x000000009cd00000, 0x000000009cd00000|100%|HC|  |TAMS 0x000000009cc00000| PB 0x000000009cc00000| Complete 
| 461|0x000000009cd00000, 0x000000009ce00000, 0x000000009ce00000|100%|HS|  |TAMS 0x000000009cd00000| PB 0x000000009cd00000| Complete 
| 462|0x000000009ce00000, 0x000000009cf00000, 0x000000009cf00000|100%|HC|  |TAMS 0x000000009ce00000| PB 0x000000009ce00000| Complete 
| 463|0x000000009cf00000, 0x000000009d000000, 0x000000009d000000|100%|HS|  |TAMS 0x000000009cf00000| PB 0x000000009cf00000| Complete 
| 464|0x000000009d000000, 0x000000009d100000, 0x000000009d100000|100%|HC|  |TAMS 0x000000009d000000| PB 0x000000009d000000| Complete 
| 465|0x000000009d100000, 0x000000009d200000, 0x000000009d200000|100%|HS|  |TAMS 0x000000009d100000| PB 0x000000009d100000| Complete 
| 466|0x000000009d200000, 0x000000009d300000, 0x000000009d300000|100%|HC|  |TAMS 0x000000009d200000| PB 0x000000009d200000| Complete 
| 467|0x000000009d300000, 0x000000009d400000, 0x000000009d400000|100%|HS|  |TAMS 0x000000009d300000| PB 0x000000009d300000| Complete 
| 468|0x000000009d400000, 0x000000009d500000, 0x000000009d500000|100%|HC|  |TAMS 0x000000009d400000| PB 0x000000009d400000| Complete 
| 469|0x000000009d500000, 0x000000009d600000, 0x000000009d600000|100%|HS|  |TAMS 0x000000009d500000| PB 0x000000009d500000| Complete 
| 470|0x000000009d600000, 0x000000009d700000, 0x000000009d700000|100%|HC|  |TAMS 0x000000009d600000| PB 0x000000009d600000| Complete 
| 471|0x000000009d700000, 0x000000009d800000, 0x000000009d800000|100%|HS|  |TAMS 0x000000009d700000| PB 0x000000009d700000| Complete 
| 472|0x000000009d800000, 0x000000009d900000, 0x000000009d900000|100%|HC|  |TAMS 0x000000009d800000| PB 0x000000009d800000| Complete 
| 473|0x000000009d900000, 0x000000009da00000, 0x000000009da00000|100%|HS|  |TAMS 0x000000009d900000| PB 0x000000009d900000| Complete 
| 474|0x000000009da00000, 0x000000009db00000, 0x000000009db00000|100%|HC|  |TAMS 0x000000009da00000| PB 0x000000009da00000| Complete 
| 475|0x000000009db00000, 0x000000009dc00000, 0x000000009dc00000|100%|HS|  |TAMS 0x000000009db00000| PB 0x000000009db00000| Complete 
| 476|0x000000009dc00000, 0x000000009dd00000, 0x000000009dd00000|100%|HC|  |TAMS 0x000000009dc00000| PB 0x000000009dc00000| Complete 
| 477|0x000000009dd00000, 0x000000009de00000, 0x000000009de00000|100%|HS|  |TAMS 0x000000009dd00000| PB 0x000000009dd00000| Complete 
| 478|0x000000009de00000, 0x000000009df00000, 0x000000009df00000|100%|HC|  |TAMS 0x000000009de00000| PB 0x000000009de00000| Complete 
| 479|0x000000009df00000, 0x000000009e000000, 0x000000009e000000|100%|HS|  |TAMS 0x000000009df00000| PB 0x000000009df00000| Complete 
| 480|0x000000009e000000, 0x000000009e100000, 0x000000009e100000|100%|HC|  |TAMS 0x000000009e000000| PB 0x000000009e000000| Complete 
| 481|0x000000009e100000, 0x000000009e200000, 0x000000009e200000|100%|HS|  |TAMS 0x000000009e100000| PB 0x000000009e100000| Complete 
| 482|0x000000009e200000, 0x000000009e300000, 0x000000009e300000|100%|HC|  |TAMS 0x000000009e200000| PB 0x000000009e200000| Complete 
| 483|0x000000009e300000, 0x000000009e400000, 0x000000009e400000|100%|HS|  |TAMS 0x000000009e300000| PB 0x000000009e300000| Complete 
| 484|0x000000009e400000, 0x000000009e500000, 0x000000009e500000|100%|HC|  |TAMS 0x000000009e400000| PB 0x000000009e400000| Complete 
| 485|0x000000009e500000, 0x000000009e600000, 0x000000009e600000|100%|HS|  |TAMS 0x000000009e500000| PB 0x000000009e500000| Complete 
| 486|0x000000009e600000, 0x000000009e700000, 0x000000009e700000|100%|HC|  |TAMS 0x000000009e600000| PB 0x000000009e600000| Complete 
| 487|0x000000009e700000, 0x000000009e800000, 0x000000009e800000|100%|HS|  |TAMS 0x000000009e700000| PB 0x000000009e700000| Complete 
| 488|0x000000009e800000, 0x000000009e900000, 0x000000009e900000|100%|HC|  |TAMS 0x000000009e800000| PB 0x000000009e800000| Complete 
| 489|0x000000009e900000, 0x000000009ea00000, 0x000000009ea00000|100%|HS|  |TAMS 0x000000009e900000| PB 0x000000009e900000| Complete 
| 490|0x000000009ea00000, 0x000000009eb00000, 0x000000009eb00000|100%|HC|  |TAMS 0x000000009ea00000| PB 0x000000009ea00000| Complete 
| 491|0x000000009eb00000, 0x000000009ec00000, 0x000000009ec00000|100%|HS|  |TAMS 0x000000009eb00000| PB 0x000000009eb00000| Complete 
| 492|0x000000009ec00000, 0x000000009ed00000, 0x000000009ed00000|100%|HC|  |TAMS 0x000000009ec00000| PB 0x000000009ec00000| Complete 
| 493|0x000000009ed00000, 0x000000009ee00000, 0x000000009ee00000|100%|HS|  |TAMS 0x000000009ed00000| PB 0x000000009ed00000| Complete 
| 494|0x000000009ee00000, 0x000000009ef00000, 0x000000009ef00000|100%|HC|  |TAMS 0x000000009ee00000| PB 0x000000009ee00000| Complete 
| 495|0x000000009ef00000, 0x000000009f000000, 0x000000009f000000|100%|HS|  |TAMS 0x000000009ef00000| PB 0x000000009ef00000| Complete 
| 496|0x000000009f000000, 0x000000009f100000, 0x000000009f100000|100%|HC|  |TAMS 0x000000009f000000| PB 0x000000009f000000| Complete 
| 497|0x000000009f100000, 0x000000009f200000, 0x000000009f200000|100%|HS|  |TAMS 0x000000009f100000| PB 0x000000009f100000| Complete 
| 498|0x000000009f200000, 0x000000009f300000, 0x000000009f300000|100%|HC|  |TAMS 0x000000009f200000| PB 0x000000009f200000| Complete 
| 499|0x000000009f300000, 0x000000009f400000, 0x000000009f400000|100%|HS|  |TAMS 0x000000009f300000| PB 0x000000009f300000| Complete 
| 500|0x000000009f400000, 0x000000009f500000, 0x000000009f500000|100%|HC|  |TAMS 0x000000009f400000| PB 0x000000009f400000| Complete 
| 501|0x000000009f500000, 0x000000009f600000, 0x000000009f600000|100%|HS|  |TAMS 0x000000009f500000| PB 0x000000009f500000| Complete 
| 502|0x000000009f600000, 0x000000009f700000, 0x000000009f700000|100%|HC|  |TAMS 0x000000009f600000| PB 0x000000009f600000| Complete 
| 503|0x000000009f700000, 0x000000009f800000, 0x000000009f800000|100%|HS|  |TAMS 0x000000009f700000| PB 0x000000009f700000| Complete 
| 504|0x000000009f800000, 0x000000009f900000, 0x000000009f900000|100%|HC|  |TAMS 0x000000009f800000| PB 0x000000009f800000| Complete 
| 505|0x000000009f900000, 0x000000009fa00000, 0x000000009fa00000|100%|HS|  |TAMS 0x000000009f900000| PB 0x000000009f900000| Complete 
| 506|0x000000009fa00000, 0x000000009fb00000, 0x000000009fb00000|100%|HC|  |TAMS 0x000000009fa00000| PB 0x000000009fa00000| Complete 
| 507|0x000000009fb00000, 0x000000009fc00000, 0x000000009fc00000|100%|HS|  |TAMS 0x000000009fb00000| PB 0x000000009fb00000| Complete 
| 508|0x000000009fc00000, 0x000000009fd00000, 0x000000009fd00000|100%|HC|  |TAMS 0x000000009fc00000| PB 0x000000009fc00000| Complete 
| 509|0x000000009fd00000, 0x000000009fe00000, 0x000000009fe00000|100%|HS|  |TAMS 0x000000009fd00000| PB 0x000000009fd00000| Complete 
| 510|0x000000009fe00000, 0x000000009ff00000, 0x000000009ff00000|100%|HC|  |TAMS 0x000000009fe00000| PB 0x000000009fe00000| Complete 
| 511|0x000000009ff00000, 0x00000000a0000000, 0x00000000a0000000|100%|HS|  |TAMS 0x000000009ff00000| PB 0x000000009ff00000| Complete 
| 512|0x00000000a0000000, 0x00000000a0100000, 0x00000000a0100000|100%|HC|  |TAMS 0x00000000a0000000| PB 0x00000000a0000000| Complete 
| 513|0x00000000a0100000, 0x00000000a0200000, 0x00000000a0200000|100%|HS|  |TAMS 0x00000000a0100000| PB 0x00000000a0100000| Complete 
| 514|0x00000000a0200000, 0x00000000a0300000, 0x00000000a0300000|100%|HC|  |TAMS 0x00000000a0200000| PB 0x00000000a0200000| Complete 
| 515|0x00000000a0300000, 0x00000000a0400000, 0x00000000a0400000|100%|HS|  |TAMS 0x00000000a0300000| PB 0x00000000a0300000| Complete 
| 516|0x00000000a0400000, 0x00000000a0500000, 0x00000000a0500000|100%|HC|  |TAMS 0x00000000a0400000| PB 0x00000000a0400000| Complete 
| 517|0x00000000a0500000, 0x00000000a0600000, 0x00000000a0600000|100%|HS|  |TAMS 0x00000000a0500000| PB 0x00000000a0500000| Complete 
| 518|0x00000000a0600000, 0x00000000a0700000, 0x00000000a0700000|100%|HC|  |TAMS 0x00000000a0600000| PB 0x00000000a0600000| Complete 
| 519|0x00000000a0700000, 0x00000000a0800000, 0x00000000a0800000|100%|HS|  |TAMS 0x00000000a0700000| PB 0x00000000a0700000| Complete 
| 520|0x00000000a0800000, 0x00000000a0900000, 0x00000000a0900000|100%|HC|  |TAMS 0x00000000a0800000| PB 0x00000000a0800000| Complete 
| 521|0x00000000a0900000, 0x00000000a0a00000, 0x00000000a0a00000|100%|HS|  |TAMS 0x00000000a0900000| PB 0x00000000a0900000| Complete 
| 522|0x00000000a0a00000, 0x00000000a0b00000, 0x00000000a0b00000|100%|HC|  |TAMS 0x00000000a0a00000| PB 0x00000000a0a00000| Complete 
| 523|0x00000000a0b00000, 0x00000000a0c00000, 0x00000000a0c00000|100%|HS|  |TAMS 0x00000000a0b00000| PB 0x00000000a0b00000| Complete 
| 524|0x00000000a0c00000, 0x00000000a0d00000, 0x00000000a0d00000|100%|HC|  |TAMS 0x00000000a0c00000| PB 0x00000000a0c00000| Complete 
| 525|0x00000000a0d00000, 0x00000000a0e00000, 0x00000000a0e00000|100%|HS|  |TAMS 0x00000000a0d00000| PB 0x00000000a0d00000| Complete 
| 526|0x00000000a0e00000, 0x00000000a0f00000, 0x00000000a0f00000|100%|HC|  |TAMS 0x00000000a0e00000| PB 0x00000000a0e00000| Complete 
| 527|0x00000000a0f00000, 0x00000000a1000000, 0x00000000a1000000|100%|HS|  |TAMS 0x00000000a0f00000| PB 0x00000000a0f00000| Complete 
| 528|0x00000000a1000000, 0x00000000a1100000, 0x00000000a1100000|100%|HC|  |TAMS 0x00000000a1000000| PB 0x00000000a1000000| Complete 
| 529|0x00000000a1100000, 0x00000000a1200000, 0x00000000a1200000|100%|HS|  |TAMS 0x00000000a1100000| PB 0x00000000a1100000| Complete 
| 530|0x00000000a1200000, 0x00000000a1300000, 0x00000000a1300000|100%|HC|  |TAMS 0x00000000a1200000| PB 0x00000000a1200000| Complete 
| 531|0x00000000a1300000, 0x00000000a1400000, 0x00000000a1400000|100%|HS|  |TAMS 0x00000000a1300000| PB 0x00000000a1300000| Complete 
| 532|0x00000000a1400000, 0x00000000a1500000, 0x00000000a1500000|100%|HC|  |TAMS 0x00000000a1400000| PB 0x00000000a1400000| Complete 
| 533|0x00000000a1500000, 0x00000000a1600000, 0x00000000a1600000|100%|HS|  |TAMS 0x00000000a1500000| PB 0x00000000a1500000| Complete 
| 534|0x00000000a1600000, 0x00000000a1700000, 0x00000000a1700000|100%|HC|  |TAMS 0x00000000a1600000| PB 0x00000000a1600000| Complete 
| 535|0x00000000a1700000, 0x00000000a1800000, 0x00000000a1800000|100%|HS|  |TAMS 0x00000000a1700000| PB 0x00000000a1700000| Complete 
| 536|0x00000000a1800000, 0x00000000a1900000, 0x00000000a1900000|100%|HC|  |TAMS 0x00000000a1800000| PB 0x00000000a1800000| Complete 
| 537|0x00000000a1900000, 0x00000000a1a00000, 0x00000000a1a00000|100%|HS|  |TAMS 0x00000000a1900000| PB 0x00000000a1900000| Complete 
| 538|0x00000000a1a00000, 0x00000000a1b00000, 0x00000000a1b00000|100%|HC|  |TAMS 0x00000000a1a00000| PB 0x00000000a1a00000| Complete 
| 539|0x00000000a1b00000, 0x00000000a1c00000, 0x00000000a1c00000|100%|HS|  |TAMS 0x00000000a1b00000| PB 0x00000000a1b00000| Complete 
| 540|0x00000000a1c00000, 0x00000000a1d00000, 0x00000000a1d00000|100%|HC|  |TAMS 0x00000000a1c00000| PB 0x00000000a1c00000| Complete 
| 541|0x00000000a1d00000, 0x00000000a1e00000, 0x00000000a1e00000|100%|HS|  |TAMS 0x00000000a1d00000| PB 0x00000000a1d00000| Complete 
| 542|0x00000000a1e00000, 0x00000000a1f00000, 0x00000000a1f00000|100%|HC|  |TAMS 0x00000000a1e00000| PB 0x00000000a1e00000| Complete 
| 543|0x00000000a1f00000, 0x00000000a2000000, 0x00000000a2000000|100%|HS|  |TAMS 0x00000000a1f00000| PB 0x00000000a1f00000| Complete 
| 544|0x00000000a2000000, 0x00000000a2100000, 0x00000000a2100000|100%|HC|  |TAMS 0x00000000a2000000| PB 0x00000000a2000000| Complete 
| 545|0x00000000a2100000, 0x00000000a2200000, 0x00000000a2200000|100%|HS|  |TAMS 0x00000000a2100000| PB 0x00000000a2100000| Complete 
| 546|0x00000000a2200000, 0x00000000a2300000, 0x00000000a2300000|100%|HC|  |TAMS 0x00000000a2200000| PB 0x00000000a2200000| Complete 
| 547|0x00000000a2300000, 0x00000000a2400000, 0x00000000a2400000|100%|HS|  |TAMS 0x00000000a2300000| PB 0x00000000a2300000| Complete 
| 548|0x00000000a2400000, 0x00000000a2500000, 0x00000000a2500000|100%|HC|  |TAMS 0x00000000a2400000| PB 0x00000000a2400000| Complete 
| 549|0x00000000a2500000, 0x00000000a2600000, 0x00000000a2600000|100%|HS|  |TAMS 0x00000000a2500000| PB 0x00000000a2500000| Complete 
| 550|0x00000000a2600000, 0x00000000a2700000, 0x00000000a2700000|100%|HC|  |TAMS 0x00000000a2600000| PB 0x00000000a2600000| Complete 
| 551|0x00000000a2700000, 0x00000000a2800000, 0x00000000a2800000|100%|HS|  |TAMS 0x00000000a2700000| PB 0x00000000a2700000| Complete 
| 552|0x00000000a2800000, 0x00000000a2900000, 0x00000000a2900000|100%|HC|  |TAMS 0x00000000a2800000| PB 0x00000000a2800000| Complete 
| 553|0x00000000a2900000, 0x00000000a2a00000, 0x00000000a2a00000|100%|HS|  |TAMS 0x00000000a2900000| PB 0x00000000a2900000| Complete 
| 554|0x00000000a2a00000, 0x00000000a2b00000, 0x00000000a2b00000|100%|HC|  |TAMS 0x00000000a2a00000| PB 0x00000000a2a00000| Complete 
| 555|0x00000000a2b00000, 0x00000000a2c00000, 0x00000000a2c00000|100%|HS|  |TAMS 0x00000000a2b00000| PB 0x00000000a2b00000| Complete 
| 556|0x00000000a2c00000, 0x00000000a2d00000, 0x00000000a2d00000|100%|HC|  |TAMS 0x00000000a2c00000| PB 0x00000000a2c00000| Complete 
| 557|0x00000000a2d00000, 0x00000000a2e00000, 0x00000000a2e00000|100%|HS|  |TAMS 0x00000000a2d00000| PB 0x00000000a2d00000| Complete 
| 558|0x00000000a2e00000, 0x00000000a2f00000, 0x00000000a2f00000|100%|HC|  |TAMS 0x00000000a2e00000| PB 0x00000000a2e00000| Complete 
| 559|0x00000000a2f00000, 0x00000000a3000000, 0x00000000a3000000|100%|HS|  |TAMS 0x00000000a2f00000| PB 0x00000000a2f00000| Complete 
| 560|0x00000000a3000000, 0x00000000a3100000, 0x00000000a3100000|100%|HC|  |TAMS 0x00000000a3000000| PB 0x00000000a3000000| Complete 
| 561|0x00000000a3100000, 0x00000000a3200000, 0x00000000a3200000|100%|HS|  |TAMS 0x00000000a3100000| PB 0x00000000a3100000| Complete 
| 562|0x00000000a3200000, 0x00000000a3300000, 0x00000000a3300000|100%|HC|  |TAMS 0x00000000a3200000| PB 0x00000000a3200000| Complete 
| 563|0x00000000a3300000, 0x00000000a3400000, 0x00000000a3400000|100%|HS|  |TAMS 0x00000000a3300000| PB 0x00000000a3300000| Complete 
| 564|0x00000000a3400000, 0x00000000a3500000, 0x00000000a3500000|100%|HC|  |TAMS 0x00000000a3400000| PB 0x00000000a3400000| Complete 
| 565|0x00000000a3500000, 0x00000000a3600000, 0x00000000a3600000|100%|HS|  |TAMS 0x00000000a3500000| PB 0x00000000a3500000| Complete 
| 566|0x00000000a3600000, 0x00000000a3700000, 0x00000000a3700000|100%|HC|  |TAMS 0x00000000a3600000| PB 0x00000000a3600000| Complete 
| 567|0x00000000a3700000, 0x00000000a3800000, 0x00000000a3800000|100%|HS|  |TAMS 0x00000000a3700000| PB 0x00000000a3700000| Complete 
| 568|0x00000000a3800000, 0x00000000a3900000, 0x00000000a3900000|100%|HC|  |TAMS 0x00000000a3800000| PB 0x00000000a3800000| Complete 
| 569|0x00000000a3900000, 0x00000000a3a00000, 0x00000000a3a00000|100%|HS|  |TAMS 0x00000000a3900000| PB 0x00000000a3900000| Complete 
| 570|0x00000000a3a00000, 0x00000000a3b00000, 0x00000000a3b00000|100%|HC|  |TAMS 0x00000000a3a00000| PB 0x00000000a3a00000| Complete 
| 571|0x00000000a3b00000, 0x00000000a3c00000, 0x00000000a3c00000|100%|HS|  |TAMS 0x00000000a3b00000| PB 0x00000000a3b00000| Complete 
| 572|0x00000000a3c00000, 0x00000000a3d00000, 0x00000000a3d00000|100%|HC|  |TAMS 0x00000000a3c00000| PB 0x00000000a3c00000| Complete 
| 573|0x00000000a3d00000, 0x00000000a3e00000, 0x00000000a3e00000|100%|HS|  |TAMS 0x00000000a3d00000| PB 0x00000000a3d00000| Complete 
| 574|0x00000000a3e00000, 0x00000000a3f00000, 0x00000000a3f00000|100%|HC|  |TAMS 0x00000000a3e00000| PB 0x00000000a3e00000| Complete 
| 575|0x00000000a3f00000, 0x00000000a4000000, 0x00000000a4000000|100%|HS|  |TAMS 0x00000000a3f00000| PB 0x00000000a3f00000| Complete 
| 576|0x00000000a4000000, 0x00000000a4100000, 0x00000000a4100000|100%|HC|  |TAMS 0x00000000a4000000| PB 0x00000000a4000000| Complete 
| 577|0x00000000a4100000, 0x00000000a4200000, 0x00000000a4200000|100%|HS|  |TAMS 0x00000000a4100000| PB 0x00000000a4100000| Complete 
| 578|0x00000000a4200000, 0x00000000a4300000, 0x00000000a4300000|100%|HC|  |TAMS 0x00000000a4200000| PB 0x00000000a4200000| Complete 
| 579|0x00000000a4300000, 0x00000000a4400000, 0x00000000a4400000|100%|HS|  |TAMS 0x00000000a4300000| PB 0x00000000a4300000| Complete 
| 580|0x00000000a4400000, 0x00000000a4500000, 0x00000000a4500000|100%|HC|  |TAMS 0x00000000a4400000| PB 0x00000000a4400000| Complete 
| 581|0x00000000a4500000, 0x00000000a4600000, 0x00000000a4600000|100%|HS|  |TAMS 0x00000000a4500000| PB 0x00000000a4500000| Complete 
| 582|0x00000000a4600000, 0x00000000a4700000, 0x00000000a4700000|100%|HC|  |TAMS 0x00000000a4600000| PB 0x00000000a4600000| Complete 
| 583|0x00000000a4700000, 0x00000000a4800000, 0x00000000a4800000|100%|HS|  |TAMS 0x00000000a4700000| PB 0x00000000a4700000| Complete 
| 584|0x00000000a4800000, 0x00000000a4900000, 0x00000000a4900000|100%|HC|  |TAMS 0x00000000a4800000| PB 0x00000000a4800000| Complete 
| 585|0x00000000a4900000, 0x00000000a4a00000, 0x00000000a4a00000|100%|HS|  |TAMS 0x00000000a4900000| PB 0x00000000a4900000| Complete 
| 586|0x00000000a4a00000, 0x00000000a4b00000, 0x00000000a4b00000|100%|HC|  |TAMS 0x00000000a4a00000| PB 0x00000000a4a00000| Complete 
| 587|0x00000000a4b00000, 0x00000000a4c00000, 0x00000000a4c00000|100%|HS|  |TAMS 0x00000000a4b00000| PB 0x00000000a4b00000| Complete 
| 588|0x00000000a4c00000, 0x00000000a4d00000, 0x00000000a4d00000|100%|HC|  |TAMS 0x00000000a4c00000| PB 0x00000000a4c00000| Complete 
| 589|0x00000000a4d00000, 0x00000000a4e00000, 0x00000000a4e00000|100%|HS|  |TAMS 0x00000000a4d00000| PB 0x00000000a4d00000| Complete 
| 590|0x00000000a4e00000, 0x00000000a4f00000, 0x00000000a4f00000|100%|HC|  |TAMS 0x00000000a4e00000| PB 0x00000000a4e00000| Complete 
| 591|0x00000000a4f00000, 0x00000000a5000000, 0x00000000a5000000|100%|HS|  |TAMS 0x00000000a4f00000| PB 0x00000000a4f00000| Complete 
| 592|0x00000000a5000000, 0x00000000a5100000, 0x00000000a5100000|100%|HC|  |TAMS 0x00000000a5000000| PB 0x00000000a5000000| Complete 
| 593|0x00000000a5100000, 0x00000000a5200000, 0x00000000a5200000|100%|HS|  |TAMS 0x00000000a5100000| PB 0x00000000a5100000| Complete 
| 594|0x00000000a5200000, 0x00000000a5300000, 0x00000000a5300000|100%|HC|  |TAMS 0x00000000a5200000| PB 0x00000000a5200000| Complete 
| 595|0x00000000a5300000, 0x00000000a5400000, 0x00000000a5400000|100%|HS|  |TAMS 0x00000000a5300000| PB 0x00000000a5300000| Complete 
| 596|0x00000000a5400000, 0x00000000a5500000, 0x00000000a5500000|100%|HC|  |TAMS 0x00000000a5400000| PB 0x00000000a5400000| Complete 
| 597|0x00000000a5500000, 0x00000000a5600000, 0x00000000a5600000|100%|HS|  |TAMS 0x00000000a5500000| PB 0x00000000a5500000| Complete 
| 598|0x00000000a5600000, 0x00000000a5700000, 0x00000000a5700000|100%|HC|  |TAMS 0x00000000a5600000| PB 0x00000000a5600000| Complete 
| 599|0x00000000a5700000, 0x00000000a5800000, 0x00000000a5800000|100%|HS|  |TAMS 0x00000000a5700000| PB 0x00000000a5700000| Complete 
| 600|0x00000000a5800000, 0x00000000a5900000, 0x00000000a5900000|100%|HC|  |TAMS 0x00000000a5800000| PB 0x00000000a5800000| Complete 
| 601|0x00000000a5900000, 0x00000000a5a00000, 0x00000000a5a00000|100%|HS|  |TAMS 0x00000000a5900000| PB 0x00000000a5900000| Complete 
| 602|0x00000000a5a00000, 0x00000000a5b00000, 0x00000000a5b00000|100%|HC|  |TAMS 0x00000000a5a00000| PB 0x00000000a5a00000| Complete 
| 603|0x00000000a5b00000, 0x00000000a5c00000, 0x00000000a5c00000|100%|HS|  |TAMS 0x00000000a5b00000| PB 0x00000000a5b00000| Complete 
| 604|0x00000000a5c00000, 0x00000000a5d00000, 0x00000000a5d00000|100%|HC|  |TAMS 0x00000000a5c00000| PB 0x00000000a5c00000| Complete 
| 605|0x00000000a5d00000, 0x00000000a5e00000, 0x00000000a5e00000|100%|HS|  |TAMS 0x00000000a5d00000| PB 0x00000000a5d00000| Complete 
| 606|0x00000000a5e00000, 0x00000000a5f00000, 0x00000000a5f00000|100%|HC|  |TAMS 0x00000000a5e00000| PB 0x00000000a5e00000| Complete 
| 607|0x00000000a5f00000, 0x00000000a6000000, 0x00000000a6000000|100%|HS|  |TAMS 0x00000000a5f00000| PB 0x00000000a5f00000| Complete 
| 608|0x00000000a6000000, 0x00000000a6100000, 0x00000000a6100000|100%|HC|  |TAMS 0x00000000a6000000| PB 0x00000000a6000000| Complete 
| 609|0x00000000a6100000, 0x00000000a6200000, 0x00000000a6200000|100%|HS|  |TAMS 0x00000000a6100000| PB 0x00000000a6100000| Complete 
| 610|0x00000000a6200000, 0x00000000a6300000, 0x00000000a6300000|100%|HC|  |TAMS 0x00000000a6200000| PB 0x00000000a6200000| Complete 
| 611|0x00000000a6300000, 0x00000000a6400000, 0x00000000a6400000|100%|HS|  |TAMS 0x00000000a6300000| PB 0x00000000a6300000| Complete 
| 612|0x00000000a6400000, 0x00000000a6500000, 0x00000000a6500000|100%|HC|  |TAMS 0x00000000a6400000| PB 0x00000000a6400000| Complete 
| 613|0x00000000a6500000, 0x00000000a6600000, 0x00000000a6600000|100%|HS|  |TAMS 0x00000000a6500000| PB 0x00000000a6500000| Complete 
| 614|0x00000000a6600000, 0x00000000a6700000, 0x00000000a6700000|100%|HC|  |TAMS 0x00000000a6600000| PB 0x00000000a6600000| Complete 
| 615|0x00000000a6700000, 0x00000000a6800000, 0x00000000a6800000|100%|HS|  |TAMS 0x00000000a6700000| PB 0x00000000a6700000| Complete 
| 616|0x00000000a6800000, 0x00000000a6900000, 0x00000000a6900000|100%|HC|  |TAMS 0x00000000a6800000| PB 0x00000000a6800000| Complete 
| 617|0x00000000a6900000, 0x00000000a6a00000, 0x00000000a6a00000|100%|HS|  |TAMS 0x00000000a6900000| PB 0x00000000a6900000| Complete 
| 618|0x00000000a6a00000, 0x00000000a6b00000, 0x00000000a6b00000|100%|HC|  |TAMS 0x00000000a6a00000| PB 0x00000000a6a00000| Complete 
| 619|0x00000000a6b00000, 0x00000000a6c00000, 0x00000000a6c00000|100%|HS|  |TAMS 0x00000000a6b00000| PB 0x00000000a6b00000| Complete 
| 620|0x00000000a6c00000, 0x00000000a6d00000, 0x00000000a6d00000|100%|HC|  |TAMS 0x00000000a6c00000| PB 0x00000000a6c00000| Complete 
| 621|0x00000000a6d00000, 0x00000000a6e00000, 0x00000000a6e00000|100%|HS|  |TAMS 0x00000000a6d00000| PB 0x00000000a6d00000| Complete 
| 622|0x00000000a6e00000, 0x00000000a6f00000, 0x00000000a6f00000|100%|HC|  |TAMS 0x00000000a6e00000| PB 0x00000000a6e00000| Complete 
| 623|0x00000000a6f00000, 0x00000000a7000000, 0x00000000a7000000|100%|HS|  |TAMS 0x00000000a6f00000| PB 0x00000000a6f00000| Complete 
| 624|0x00000000a7000000, 0x00000000a7100000, 0x00000000a7100000|100%|HC|  |TAMS 0x00000000a7000000| PB 0x00000000a7000000| Complete 
| 625|0x00000000a7100000, 0x00000000a7200000, 0x00000000a7200000|100%|HS|  |TAMS 0x00000000a7100000| PB 0x00000000a7100000| Complete 
| 626|0x00000000a7200000, 0x00000000a7300000, 0x00000000a7300000|100%|HC|  |TAMS 0x00000000a7200000| PB 0x00000000a7200000| Complete 
| 627|0x00000000a7300000, 0x00000000a7400000, 0x00000000a7400000|100%|HS|  |TAMS 0x00000000a7300000| PB 0x00000000a7300000| Complete 
| 628|0x00000000a7400000, 0x00000000a7500000, 0x00000000a7500000|100%|HC|  |TAMS 0x00000000a7400000| PB 0x00000000a7400000| Complete 
| 629|0x00000000a7500000, 0x00000000a7600000, 0x00000000a7600000|100%|HS|  |TAMS 0x00000000a7500000| PB 0x00000000a7500000| Complete 
| 630|0x00000000a7600000, 0x00000000a7700000, 0x00000000a7700000|100%|HC|  |TAMS 0x00000000a7600000| PB 0x00000000a7600000| Complete 
| 631|0x00000000a7700000, 0x00000000a7800000, 0x00000000a7800000|100%|HS|  |TAMS 0x00000000a7700000| PB 0x00000000a7700000| Complete 
| 632|0x00000000a7800000, 0x00000000a7900000, 0x00000000a7900000|100%|HC|  |TAMS 0x00000000a7800000| PB 0x00000000a7800000| Complete 
| 633|0x00000000a7900000, 0x00000000a7a00000, 0x00000000a7a00000|100%|HS|  |TAMS 0x00000000a7900000| PB 0x00000000a7900000| Complete 
| 634|0x00000000a7a00000, 0x00000000a7b00000, 0x00000000a7b00000|100%|HC|  |TAMS 0x00000000a7a00000| PB 0x00000000a7a00000| Complete 
| 635|0x00000000a7b00000, 0x00000000a7c00000, 0x00000000a7c00000|100%|HS|  |TAMS 0x00000000a7b00000| PB 0x00000000a7b00000| Complete 
| 636|0x00000000a7c00000, 0x00000000a7d00000, 0x00000000a7d00000|100%|HC|  |TAMS 0x00000000a7c00000| PB 0x00000000a7c00000| Complete 
| 637|0x00000000a7d00000, 0x00000000a7e00000, 0x00000000a7e00000|100%|HS|  |TAMS 0x00000000a7d00000| PB 0x00000000a7d00000| Complete 
| 638|0x00000000a7e00000, 0x00000000a7f00000, 0x00000000a7f00000|100%|HC|  |TAMS 0x00000000a7e00000| PB 0x00000000a7e00000| Complete 
| 639|0x00000000a7f00000, 0x00000000a8000000, 0x00000000a8000000|100%|HS|  |TAMS 0x00000000a7f00000| PB 0x00000000a7f00000| Complete 
| 640|0x00000000a8000000, 0x00000000a8100000, 0x00000000a8100000|100%|HC|  |TAMS 0x00000000a8000000| PB 0x00000000a8000000| Complete 
| 641|0x00000000a8100000, 0x00000000a8200000, 0x00000000a8200000|100%|HS|  |TAMS 0x00000000a8100000| PB 0x00000000a8100000| Complete 
| 642|0x00000000a8200000, 0x00000000a8300000, 0x00000000a8300000|100%|HC|  |TAMS 0x00000000a8200000| PB 0x00000000a8200000| Complete 
| 643|0x00000000a8300000, 0x00000000a8400000, 0x00000000a8400000|100%|HS|  |TAMS 0x00000000a8300000| PB 0x00000000a8300000| Complete 
| 644|0x00000000a8400000, 0x00000000a8500000, 0x00000000a8500000|100%|HC|  |TAMS 0x00000000a8400000| PB 0x00000000a8400000| Complete 
| 645|0x00000000a8500000, 0x00000000a8600000, 0x00000000a8600000|100%|HS|  |TAMS 0x00000000a8500000| PB 0x00000000a8500000| Complete 
| 646|0x00000000a8600000, 0x00000000a8700000, 0x00000000a8700000|100%|HC|  |TAMS 0x00000000a8600000| PB 0x00000000a8600000| Complete 
| 647|0x00000000a8700000, 0x00000000a8800000, 0x00000000a8800000|100%|HS|  |TAMS 0x00000000a8700000| PB 0x00000000a8700000| Complete 
| 648|0x00000000a8800000, 0x00000000a8900000, 0x00000000a8900000|100%|HC|  |TAMS 0x00000000a8800000| PB 0x00000000a8800000| Complete 
| 649|0x00000000a8900000, 0x00000000a8a00000, 0x00000000a8a00000|100%|HS|  |TAMS 0x00000000a8900000| PB 0x00000000a8900000| Complete 
| 650|0x00000000a8a00000, 0x00000000a8b00000, 0x00000000a8b00000|100%|HC|  |TAMS 0x00000000a8a00000| PB 0x00000000a8a00000| Complete 
| 651|0x00000000a8b00000, 0x00000000a8c00000, 0x00000000a8c00000|100%|HS|  |TAMS 0x00000000a8b00000| PB 0x00000000a8b00000| Complete 
| 652|0x00000000a8c00000, 0x00000000a8d00000, 0x00000000a8d00000|100%|HC|  |TAMS 0x00000000a8c00000| PB 0x00000000a8c00000| Complete 
| 653|0x00000000a8d00000, 0x00000000a8e00000, 0x00000000a8e00000|100%|HS|  |TAMS 0x00000000a8d00000| PB 0x00000000a8d00000| Complete 
| 654|0x00000000a8e00000, 0x00000000a8f00000, 0x00000000a8f00000|100%|HC|  |TAMS 0x00000000a8e00000| PB 0x00000000a8e00000| Complete 
| 655|0x00000000a8f00000, 0x00000000a9000000, 0x00000000a9000000|100%|HS|  |TAMS 0x00000000a8f00000| PB 0x00000000a8f00000| Complete 
| 656|0x00000000a9000000, 0x00000000a9100000, 0x00000000a9100000|100%|HC|  |TAMS 0x00000000a9000000| PB 0x00000000a9000000| Complete 
| 657|0x00000000a9100000, 0x00000000a9200000, 0x00000000a9200000|100%|HS|  |TAMS 0x00000000a9100000| PB 0x00000000a9100000| Complete 
| 658|0x00000000a9200000, 0x00000000a9300000, 0x00000000a9300000|100%|HC|  |TAMS 0x00000000a9200000| PB 0x00000000a9200000| Complete 
| 659|0x00000000a9300000, 0x00000000a9400000, 0x00000000a9400000|100%|HS|  |TAMS 0x00000000a9300000| PB 0x00000000a9300000| Complete 
| 660|0x00000000a9400000, 0x00000000a9500000, 0x00000000a9500000|100%|HC|  |TAMS 0x00000000a9400000| PB 0x00000000a9400000| Complete 
| 661|0x00000000a9500000, 0x00000000a9600000, 0x00000000a9600000|100%|HS|  |TAMS 0x00000000a9500000| PB 0x00000000a9500000| Complete 
| 662|0x00000000a9600000, 0x00000000a9700000, 0x00000000a9700000|100%|HC|  |TAMS 0x00000000a9600000| PB 0x00000000a9600000| Complete 
| 663|0x00000000a9700000, 0x00000000a9800000, 0x00000000a9800000|100%|HS|  |TAMS 0x00000000a9700000| PB 0x00000000a9700000| Complete 
| 664|0x00000000a9800000, 0x00000000a9900000, 0x00000000a9900000|100%|HC|  |TAMS 0x00000000a9800000| PB 0x00000000a9800000| Complete 
| 665|0x00000000a9900000, 0x00000000a9a00000, 0x00000000a9a00000|100%|HS|  |TAMS 0x00000000a9900000| PB 0x00000000a9900000| Complete 
| 666|0x00000000a9a00000, 0x00000000a9b00000, 0x00000000a9b00000|100%|HC|  |TAMS 0x00000000a9a00000| PB 0x00000000a9a00000| Complete 
| 667|0x00000000a9b00000, 0x00000000a9c00000, 0x00000000a9c00000|100%|HS|  |TAMS 0x00000000a9b00000| PB 0x00000000a9b00000| Complete 
| 668|0x00000000a9c00000, 0x00000000a9d00000, 0x00000000a9d00000|100%|HC|  |TAMS 0x00000000a9c00000| PB 0x00000000a9c00000| Complete 
| 669|0x00000000a9d00000, 0x00000000a9e00000, 0x00000000a9e00000|100%|HS|  |TAMS 0x00000000a9d00000| PB 0x00000000a9d00000| Complete 
| 670|0x00000000a9e00000, 0x00000000a9f00000, 0x00000000a9f00000|100%|HC|  |TAMS 0x00000000a9e00000| PB 0x00000000a9e00000| Complete 
| 671|0x00000000a9f00000, 0x00000000aa000000, 0x00000000aa000000|100%|HS|  |TAMS 0x00000000a9f00000| PB 0x00000000a9f00000| Complete 
| 672|0x00000000aa000000, 0x00000000aa100000, 0x00000000aa100000|100%|HC|  |TAMS 0x00000000aa000000| PB 0x00000000aa000000| Complete 
| 673|0x00000000aa100000, 0x00000000aa200000, 0x00000000aa200000|100%|HS|  |TAMS 0x00000000aa100000| PB 0x00000000aa100000| Complete 
| 674|0x00000000aa200000, 0x00000000aa300000, 0x00000000aa300000|100%|HC|  |TAMS 0x00000000aa200000| PB 0x00000000aa200000| Complete 
| 675|0x00000000aa300000, 0x00000000aa400000, 0x00000000aa400000|100%|HS|  |TAMS 0x00000000aa300000| PB 0x00000000aa300000| Complete 
| 676|0x00000000aa400000, 0x00000000aa500000, 0x00000000aa500000|100%|HC|  |TAMS 0x00000000aa400000| PB 0x00000000aa400000| Complete 
| 677|0x00000000aa500000, 0x00000000aa600000, 0x00000000aa600000|100%|HS|  |TAMS 0x00000000aa500000| PB 0x00000000aa500000| Complete 
| 678|0x00000000aa600000, 0x00000000aa700000, 0x00000000aa700000|100%|HC|  |TAMS 0x00000000aa600000| PB 0x00000000aa600000| Complete 
| 679|0x00000000aa700000, 0x00000000aa800000, 0x00000000aa800000|100%|HS|  |TAMS 0x00000000aa700000| PB 0x00000000aa700000| Complete 
| 680|0x00000000aa800000, 0x00000000aa900000, 0x00000000aa900000|100%|HC|  |TAMS 0x00000000aa800000| PB 0x00000000aa800000| Complete 
| 681|0x00000000aa900000, 0x00000000aaa00000, 0x00000000aaa00000|100%|HS|  |TAMS 0x00000000aa900000| PB 0x00000000aa900000| Complete 
| 682|0x00000000aaa00000, 0x00000000aab00000, 0x00000000aab00000|100%|HC|  |TAMS 0x00000000aaa00000| PB 0x00000000aaa00000| Complete 
| 683|0x00000000aab00000, 0x00000000aac00000, 0x00000000aac00000|100%|HS|  |TAMS 0x00000000aab00000| PB 0x00000000aab00000| Complete 
| 684|0x00000000aac00000, 0x00000000aad00000, 0x00000000aad00000|100%|HC|  |TAMS 0x00000000aac00000| PB 0x00000000aac00000| Complete 
| 685|0x00000000aad00000, 0x00000000aae00000, 0x00000000aae00000|100%|HS|  |TAMS 0x00000000aad00000| PB 0x00000000aad00000| Complete 
| 686|0x00000000aae00000, 0x00000000aaf00000, 0x00000000aaf00000|100%|HC|  |TAMS 0x00000000aae00000| PB 0x00000000aae00000| Complete 
| 687|0x00000000aaf00000, 0x00000000ab000000, 0x00000000ab000000|100%|HS|  |TAMS 0x00000000aaf00000| PB 0x00000000aaf00000| Complete 
| 688|0x00000000ab000000, 0x00000000ab100000, 0x00000000ab100000|100%|HC|  |TAMS 0x00000000ab000000| PB 0x00000000ab000000| Complete 
| 689|0x00000000ab100000, 0x00000000ab200000, 0x00000000ab200000|100%|HS|  |TAMS 0x00000000ab100000| PB 0x00000000ab100000| Complete 
| 690|0x00000000ab200000, 0x00000000ab300000, 0x00000000ab300000|100%|HC|  |TAMS 0x00000000ab200000| PB 0x00000000ab200000| Complete 
| 691|0x00000000ab300000, 0x00000000ab400000, 0x00000000ab400000|100%|HS|  |TAMS 0x00000000ab300000| PB 0x00000000ab300000| Complete 
| 692|0x00000000ab400000, 0x00000000ab500000, 0x00000000ab500000|100%|HC|  |TAMS 0x00000000ab400000| PB 0x00000000ab400000| Complete 
| 693|0x00000000ab500000, 0x00000000ab600000, 0x00000000ab600000|100%|HS|  |TAMS 0x00000000ab500000| PB 0x00000000ab500000| Complete 
| 694|0x00000000ab600000, 0x00000000ab700000, 0x00000000ab700000|100%|HC|  |TAMS 0x00000000ab600000| PB 0x00000000ab600000| Complete 
| 695|0x00000000ab700000, 0x00000000ab800000, 0x00000000ab800000|100%|HS|  |TAMS 0x00000000ab700000| PB 0x00000000ab700000| Complete 
| 696|0x00000000ab800000, 0x00000000ab900000, 0x00000000ab900000|100%|HC|  |TAMS 0x00000000ab800000| PB 0x00000000ab800000| Complete 
| 697|0x00000000ab900000, 0x00000000aba00000, 0x00000000aba00000|100%|HS|  |TAMS 0x00000000ab900000| PB 0x00000000ab900000| Complete 
| 698|0x00000000aba00000, 0x00000000abb00000, 0x00000000abb00000|100%|HC|  |TAMS 0x00000000aba00000| PB 0x00000000aba00000| Complete 
| 699|0x00000000abb00000, 0x00000000abc00000, 0x00000000abc00000|100%|HS|  |TAMS 0x00000000abb00000| PB 0x00000000abb00000| Complete 
| 700|0x00000000abc00000, 0x00000000abd00000, 0x00000000abd00000|100%|HC|  |TAMS 0x00000000abc00000| PB 0x00000000abc00000| Complete 
| 701|0x00000000abd00000, 0x00000000abe00000, 0x00000000abe00000|100%|HS|  |TAMS 0x00000000abd00000| PB 0x00000000abd00000| Complete 
| 702|0x00000000abe00000, 0x00000000abf00000, 0x00000000abf00000|100%|HC|  |TAMS 0x00000000abe00000| PB 0x00000000abe00000| Complete 
| 703|0x00000000abf00000, 0x00000000ac000000, 0x00000000ac000000|100%|HS|  |TAMS 0x00000000abf00000| PB 0x00000000abf00000| Complete 
| 704|0x00000000ac000000, 0x00000000ac100000, 0x00000000ac100000|100%|HC|  |TAMS 0x00000000ac000000| PB 0x00000000ac000000| Complete 
| 705|0x00000000ac100000, 0x00000000ac200000, 0x00000000ac200000|100%|HS|  |TAMS 0x00000000ac100000| PB 0x00000000ac100000| Complete 
| 706|0x00000000ac200000, 0x00000000ac300000, 0x00000000ac300000|100%|HC|  |TAMS 0x00000000ac200000| PB 0x00000000ac200000| Complete 
| 707|0x00000000ac300000, 0x00000000ac400000, 0x00000000ac400000|100%|HS|  |TAMS 0x00000000ac300000| PB 0x00000000ac300000| Complete 
| 708|0x00000000ac400000, 0x00000000ac500000, 0x00000000ac500000|100%|HC|  |TAMS 0x00000000ac400000| PB 0x00000000ac400000| Complete 
| 709|0x00000000ac500000, 0x00000000ac600000, 0x00000000ac600000|100%|HS|  |TAMS 0x00000000ac500000| PB 0x00000000ac500000| Complete 
| 710|0x00000000ac600000, 0x00000000ac700000, 0x00000000ac700000|100%|HC|  |TAMS 0x00000000ac600000| PB 0x00000000ac600000| Complete 
| 711|0x00000000ac700000, 0x00000000ac800000, 0x00000000ac800000|100%|HS|  |TAMS 0x00000000ac700000| PB 0x00000000ac700000| Complete 
| 712|0x00000000ac800000, 0x00000000ac900000, 0x00000000ac900000|100%|HC|  |TAMS 0x00000000ac800000| PB 0x00000000ac800000| Complete 
| 713|0x00000000ac900000, 0x00000000aca00000, 0x00000000aca00000|100%|HS|  |TAMS 0x00000000ac900000| PB 0x00000000ac900000| Complete 
| 714|0x00000000aca00000, 0x00000000acb00000, 0x00000000acb00000|100%|HC|  |TAMS 0x00000000aca00000| PB 0x00000000aca00000| Complete 
| 715|0x00000000acb00000, 0x00000000acc00000, 0x00000000acc00000|100%|HS|  |TAMS 0x00000000acb00000| PB 0x00000000acb00000| Complete 
| 716|0x00000000acc00000, 0x00000000acd00000, 0x00000000acd00000|100%|HC|  |TAMS 0x00000000acc00000| PB 0x00000000acc00000| Complete 
| 717|0x00000000acd00000, 0x00000000ace00000, 0x00000000ace00000|100%|HS|  |TAMS 0x00000000acd00000| PB 0x00000000acd00000| Complete 
| 718|0x00000000ace00000, 0x00000000acf00000, 0x00000000acf00000|100%|HC|  |TAMS 0x00000000ace00000| PB 0x00000000ace00000| Complete 
| 719|0x00000000acf00000, 0x00000000ad000000, 0x00000000ad000000|100%|HS|  |TAMS 0x00000000acf00000| PB 0x00000000acf00000| Complete 
| 720|0x00000000ad000000, 0x00000000ad100000, 0x00000000ad100000|100%|HC|  |TAMS 0x00000000ad000000| PB 0x00000000ad000000| Complete 
| 721|0x00000000ad100000, 0x00000000ad200000, 0x00000000ad200000|100%|HS|  |TAMS 0x00000000ad100000| PB 0x00000000ad100000| Complete 
| 722|0x00000000ad200000, 0x00000000ad300000, 0x00000000ad300000|100%|HC|  |TAMS 0x00000000ad200000| PB 0x00000000ad200000| Complete 
| 723|0x00000000ad300000, 0x00000000ad400000, 0x00000000ad400000|100%|HS|  |TAMS 0x00000000ad300000| PB 0x00000000ad300000| Complete 
| 724|0x00000000ad400000, 0x00000000ad500000, 0x00000000ad500000|100%|HC|  |TAMS 0x00000000ad400000| PB 0x00000000ad400000| Complete 
| 725|0x00000000ad500000, 0x00000000ad600000, 0x00000000ad600000|100%|HS|  |TAMS 0x00000000ad500000| PB 0x00000000ad500000| Complete 
| 726|0x00000000ad600000, 0x00000000ad700000, 0x00000000ad700000|100%|HC|  |TAMS 0x00000000ad600000| PB 0x00000000ad600000| Complete 
| 727|0x00000000ad700000, 0x00000000ad800000, 0x00000000ad800000|100%|HS|  |TAMS 0x00000000ad700000| PB 0x00000000ad700000| Complete 
| 728|0x00000000ad800000, 0x00000000ad900000, 0x00000000ad900000|100%|HC|  |TAMS 0x00000000ad800000| PB 0x00000000ad800000| Complete 
| 729|0x00000000ad900000, 0x00000000ada00000, 0x00000000ada00000|100%|HS|  |TAMS 0x00000000ad900000| PB 0x00000000ad900000| Complete 
| 730|0x00000000ada00000, 0x00000000adb00000, 0x00000000adb00000|100%|HC|  |TAMS 0x00000000ada00000| PB 0x00000000ada00000| Complete 
| 731|0x00000000adb00000, 0x00000000adc00000, 0x00000000adc00000|100%|HS|  |TAMS 0x00000000adb00000| PB 0x00000000adb00000| Complete 
| 732|0x00000000adc00000, 0x00000000add00000, 0x00000000add00000|100%|HC|  |TAMS 0x00000000adc00000| PB 0x00000000adc00000| Complete 
| 733|0x00000000add00000, 0x00000000ade00000, 0x00000000ade00000|100%|HS|  |TAMS 0x00000000add00000| PB 0x00000000add00000| Complete 
| 734|0x00000000ade00000, 0x00000000adf00000, 0x00000000adf00000|100%|HC|  |TAMS 0x00000000ade00000| PB 0x00000000ade00000| Complete 
| 735|0x00000000adf00000, 0x00000000ae000000, 0x00000000ae000000|100%|HS|  |TAMS 0x00000000adf00000| PB 0x00000000adf00000| Complete 
| 736|0x00000000ae000000, 0x00000000ae100000, 0x00000000ae100000|100%|HC|  |TAMS 0x00000000ae000000| PB 0x00000000ae000000| Complete 
| 737|0x00000000ae100000, 0x00000000ae200000, 0x00000000ae200000|100%|HS|  |TAMS 0x00000000ae100000| PB 0x00000000ae100000| Complete 
| 738|0x00000000ae200000, 0x00000000ae300000, 0x00000000ae300000|100%|HC|  |TAMS 0x00000000ae200000| PB 0x00000000ae200000| Complete 
| 739|0x00000000ae300000, 0x00000000ae400000, 0x00000000ae400000|100%|HS|  |TAMS 0x00000000ae300000| PB 0x00000000ae300000| Complete 
| 740|0x00000000ae400000, 0x00000000ae500000, 0x00000000ae500000|100%|HC|  |TAMS 0x00000000ae400000| PB 0x00000000ae400000| Complete 
| 741|0x00000000ae500000, 0x00000000ae600000, 0x00000000ae600000|100%|HS|  |TAMS 0x00000000ae500000| PB 0x00000000ae500000| Complete 
| 742|0x00000000ae600000, 0x00000000ae700000, 0x00000000ae700000|100%|HC|  |TAMS 0x00000000ae600000| PB 0x00000000ae600000| Complete 
| 743|0x00000000ae700000, 0x00000000ae800000, 0x00000000ae800000|100%|HS|  |TAMS 0x00000000ae700000| PB 0x00000000ae700000| Complete 
| 744|0x00000000ae800000, 0x00000000ae900000, 0x00000000ae900000|100%|HC|  |TAMS 0x00000000ae800000| PB 0x00000000ae800000| Complete 
| 745|0x00000000ae900000, 0x00000000aea00000, 0x00000000aea00000|100%|HS|  |TAMS 0x00000000ae900000| PB 0x00000000ae900000| Complete 
| 746|0x00000000aea00000, 0x00000000aeb00000, 0x00000000aeb00000|100%|HC|  |TAMS 0x00000000aea00000| PB 0x00000000aea00000| Complete 
| 747|0x00000000aeb00000, 0x00000000aec00000, 0x00000000aec00000|100%|HS|  |TAMS 0x00000000aeb00000| PB 0x00000000aeb00000| Complete 
| 748|0x00000000aec00000, 0x00000000aed00000, 0x00000000aed00000|100%|HC|  |TAMS 0x00000000aec00000| PB 0x00000000aec00000| Complete 
| 749|0x00000000aed00000, 0x00000000aee00000, 0x00000000aee00000|100%|HS|  |TAMS 0x00000000aed00000| PB 0x00000000aed00000| Complete 
| 750|0x00000000aee00000, 0x00000000aef00000, 0x00000000aef00000|100%|HC|  |TAMS 0x00000000aee00000| PB 0x00000000aee00000| Complete 
| 751|0x00000000aef00000, 0x00000000af000000, 0x00000000af000000|100%|HS|  |TAMS 0x00000000aef00000| PB 0x00000000aef00000| Complete 
| 752|0x00000000af000000, 0x00000000af100000, 0x00000000af100000|100%|HC|  |TAMS 0x00000000af000000| PB 0x00000000af000000| Complete 
| 753|0x00000000af100000, 0x00000000af200000, 0x00000000af200000|100%|HS|  |TAMS 0x00000000af100000| PB 0x00000000af100000| Complete 
| 754|0x00000000af200000, 0x00000000af300000, 0x00000000af300000|100%|HC|  |TAMS 0x00000000af200000| PB 0x00000000af200000| Complete 
| 755|0x00000000af300000, 0x00000000af400000, 0x00000000af400000|100%|HS|  |TAMS 0x00000000af300000| PB 0x00000000af300000| Complete 
| 756|0x00000000af400000, 0x00000000af500000, 0x00000000af500000|100%|HC|  |TAMS 0x00000000af400000| PB 0x00000000af400000| Complete 
| 757|0x00000000af500000, 0x00000000af600000, 0x00000000af600000|100%|HS|  |TAMS 0x00000000af500000| PB 0x00000000af500000| Complete 
| 758|0x00000000af600000, 0x00000000af700000, 0x00000000af700000|100%|HC|  |TAMS 0x00000000af600000| PB 0x00000000af600000| Complete 
| 759|0x00000000af700000, 0x00000000af800000, 0x00000000af800000|100%|HS|  |TAMS 0x00000000af700000| PB 0x00000000af700000| Complete 
| 760|0x00000000af800000, 0x00000000af900000, 0x00000000af900000|100%|HC|  |TAMS 0x00000000af800000| PB 0x00000000af800000| Complete 
| 761|0x00000000af900000, 0x00000000afa00000, 0x00000000afa00000|100%|HS|  |TAMS 0x00000000af900000| PB 0x00000000af900000| Complete 
| 762|0x00000000afa00000, 0x00000000afb00000, 0x00000000afb00000|100%|HC|  |TAMS 0x00000000afa00000| PB 0x00000000afa00000| Complete 
| 763|0x00000000afb00000, 0x00000000afc00000, 0x00000000afc00000|100%|HS|  |TAMS 0x00000000afb00000| PB 0x00000000afb00000| Complete 
| 764|0x00000000afc00000, 0x00000000afd00000, 0x00000000afd00000|100%|HC|  |TAMS 0x00000000afc00000| PB 0x00000000afc00000| Complete 
| 765|0x00000000afd00000, 0x00000000afe00000, 0x00000000afe00000|100%|HS|  |TAMS 0x00000000afd00000| PB 0x00000000afd00000| Complete 
| 766|0x00000000afe00000, 0x00000000aff00000, 0x00000000aff00000|100%|HC|  |TAMS 0x00000000afe00000| PB 0x00000000afe00000| Complete 
| 767|0x00000000aff00000, 0x00000000b0000000, 0x00000000b0000000|100%|HS|  |TAMS 0x00000000aff00000| PB 0x00000000aff00000| Complete 
| 768|0x00000000b0000000, 0x00000000b0100000, 0x00000000b0100000|100%|HC|  |TAMS 0x00000000b0000000| PB 0x00000000b0000000| Complete 
| 769|0x00000000b0100000, 0x00000000b0200000, 0x00000000b0200000|100%|HS|  |TAMS 0x00000000b0100000| PB 0x00000000b0100000| Complete 
| 770|0x00000000b0200000, 0x00000000b0300000, 0x00000000b0300000|100%|HC|  |TAMS 0x00000000b0200000| PB 0x00000000b0200000| Complete 
| 771|0x00000000b0300000, 0x00000000b0400000, 0x00000000b0400000|100%|HS|  |TAMS 0x00000000b0300000| PB 0x00000000b0300000| Complete 
| 772|0x00000000b0400000, 0x00000000b0500000, 0x00000000b0500000|100%|HC|  |TAMS 0x00000000b0400000| PB 0x00000000b0400000| Complete 
| 773|0x00000000b0500000, 0x00000000b0600000, 0x00000000b0600000|100%|HS|  |TAMS 0x00000000b0500000| PB 0x00000000b0500000| Complete 
| 774|0x00000000b0600000, 0x00000000b0700000, 0x00000000b0700000|100%|HC|  |TAMS 0x00000000b0600000| PB 0x00000000b0600000| Complete 
| 775|0x00000000b0700000, 0x00000000b0800000, 0x00000000b0800000|100%|HS|  |TAMS 0x00000000b0700000| PB 0x00000000b0700000| Complete 
| 776|0x00000000b0800000, 0x00000000b0900000, 0x00000000b0900000|100%|HC|  |TAMS 0x00000000b0800000| PB 0x00000000b0800000| Complete 
| 777|0x00000000b0900000, 0x00000000b0a00000, 0x00000000b0a00000|100%|HS|  |TAMS 0x00000000b0900000| PB 0x00000000b0900000| Complete 
| 778|0x00000000b0a00000, 0x00000000b0b00000, 0x00000000b0b00000|100%|HC|  |TAMS 0x00000000b0a00000| PB 0x00000000b0a00000| Complete 
| 779|0x00000000b0b00000, 0x00000000b0c00000, 0x00000000b0c00000|100%|HS|  |TAMS 0x00000000b0b00000| PB 0x00000000b0b00000| Complete 
| 780|0x00000000b0c00000, 0x00000000b0d00000, 0x00000000b0d00000|100%|HC|  |TAMS 0x00000000b0c00000| PB 0x00000000b0c00000| Complete 
| 781|0x00000000b0d00000, 0x00000000b0e00000, 0x00000000b0e00000|100%|HS|  |TAMS 0x00000000b0d00000| PB 0x00000000b0d00000| Complete 
| 782|0x00000000b0e00000, 0x00000000b0f00000, 0x00000000b0f00000|100%|HC|  |TAMS 0x00000000b0e00000| PB 0x00000000b0e00000| Complete 
| 783|0x00000000b0f00000, 0x00000000b1000000, 0x00000000b1000000|100%|HS|  |TAMS 0x00000000b0f00000| PB 0x00000000b0f00000| Complete 
| 784|0x00000000b1000000, 0x00000000b1100000, 0x00000000b1100000|100%|HC|  |TAMS 0x00000000b1000000| PB 0x00000000b1000000| Complete 
| 785|0x00000000b1100000, 0x00000000b1200000, 0x00000000b1200000|100%|HS|  |TAMS 0x00000000b1100000| PB 0x00000000b1100000| Complete 
| 786|0x00000000b1200000, 0x00000000b1300000, 0x00000000b1300000|100%|HC|  |TAMS 0x00000000b1200000| PB 0x00000000b1200000| Complete 
| 787|0x00000000b1300000, 0x00000000b1400000, 0x00000000b1400000|100%|HS|  |TAMS 0x00000000b1300000| PB 0x00000000b1300000| Complete 
| 788|0x00000000b1400000, 0x00000000b1500000, 0x00000000b1500000|100%|HC|  |TAMS 0x00000000b1400000| PB 0x00000000b1400000| Complete 
| 789|0x00000000b1500000, 0x00000000b1600000, 0x00000000b1600000|100%|HS|  |TAMS 0x00000000b1500000| PB 0x00000000b1500000| Complete 
| 790|0x00000000b1600000, 0x00000000b1700000, 0x00000000b1700000|100%|HC|  |TAMS 0x00000000b1600000| PB 0x00000000b1600000| Complete 
| 791|0x00000000b1700000, 0x00000000b1800000, 0x00000000b1800000|100%|HS|  |TAMS 0x00000000b1700000| PB 0x00000000b1700000| Complete 
| 792|0x00000000b1800000, 0x00000000b1900000, 0x00000000b1900000|100%|HC|  |TAMS 0x00000000b1800000| PB 0x00000000b1800000| Complete 
| 793|0x00000000b1900000, 0x00000000b1a00000, 0x00000000b1a00000|100%|HS|  |TAMS 0x00000000b1900000| PB 0x00000000b1900000| Complete 
| 794|0x00000000b1a00000, 0x00000000b1b00000, 0x00000000b1b00000|100%|HC|  |TAMS 0x00000000b1a00000| PB 0x00000000b1a00000| Complete 
| 795|0x00000000b1b00000, 0x00000000b1c00000, 0x00000000b1c00000|100%|HS|  |TAMS 0x00000000b1b00000| PB 0x00000000b1b00000| Complete 
| 796|0x00000000b1c00000, 0x00000000b1d00000, 0x00000000b1d00000|100%|HC|  |TAMS 0x00000000b1c00000| PB 0x00000000b1c00000| Complete 
| 797|0x00000000b1d00000, 0x00000000b1e00000, 0x00000000b1e00000|100%|HS|  |TAMS 0x00000000b1d00000| PB 0x00000000b1d00000| Complete 
| 798|0x00000000b1e00000, 0x00000000b1f00000, 0x00000000b1f00000|100%|HC|  |TAMS 0x00000000b1e00000| PB 0x00000000b1e00000| Complete 
| 799|0x00000000b1f00000, 0x00000000b2000000, 0x00000000b2000000|100%|HS|  |TAMS 0x00000000b1f00000| PB 0x00000000b1f00000| Complete 
| 800|0x00000000b2000000, 0x00000000b2100000, 0x00000000b2100000|100%|HC|  |TAMS 0x00000000b2000000| PB 0x00000000b2000000| Complete 
| 801|0x00000000b2100000, 0x00000000b2200000, 0x00000000b2200000|100%|HS|  |TAMS 0x00000000b2100000| PB 0x00000000b2100000| Complete 
| 802|0x00000000b2200000, 0x00000000b2300000, 0x00000000b2300000|100%|HC|  |TAMS 0x00000000b2200000| PB 0x00000000b2200000| Complete 
| 803|0x00000000b2300000, 0x00000000b2400000, 0x00000000b2400000|100%|HS|  |TAMS 0x00000000b2300000| PB 0x00000000b2300000| Complete 
| 804|0x00000000b2400000, 0x00000000b2500000, 0x00000000b2500000|100%|HC|  |TAMS 0x00000000b2400000| PB 0x00000000b2400000| Complete 
| 805|0x00000000b2500000, 0x00000000b2600000, 0x00000000b2600000|100%|HS|  |TAMS 0x00000000b2500000| PB 0x00000000b2500000| Complete 
| 806|0x00000000b2600000, 0x00000000b2700000, 0x00000000b2700000|100%|HC|  |TAMS 0x00000000b2600000| PB 0x00000000b2600000| Complete 
| 807|0x00000000b2700000, 0x00000000b2800000, 0x00000000b2800000|100%|HS|  |TAMS 0x00000000b2700000| PB 0x00000000b2700000| Complete 
| 808|0x00000000b2800000, 0x00000000b2900000, 0x00000000b2900000|100%|HC|  |TAMS 0x00000000b2800000| PB 0x00000000b2800000| Complete 
| 809|0x00000000b2900000, 0x00000000b2a00000, 0x00000000b2a00000|100%|HS|  |TAMS 0x00000000b2900000| PB 0x00000000b2900000| Complete 
| 810|0x00000000b2a00000, 0x00000000b2b00000, 0x00000000b2b00000|100%|HC|  |TAMS 0x00000000b2a00000| PB 0x00000000b2a00000| Complete 
| 811|0x00000000b2b00000, 0x00000000b2c00000, 0x00000000b2c00000|100%|HS|  |TAMS 0x00000000b2b00000| PB 0x00000000b2b00000| Complete 
| 812|0x00000000b2c00000, 0x00000000b2d00000, 0x00000000b2d00000|100%|HC|  |TAMS 0x00000000b2c00000| PB 0x00000000b2c00000| Complete 
| 813|0x00000000b2d00000, 0x00000000b2e00000, 0x00000000b2e00000|100%|HS|  |TAMS 0x00000000b2d00000| PB 0x00000000b2d00000| Complete 
| 814|0x00000000b2e00000, 0x00000000b2f00000, 0x00000000b2f00000|100%|HC|  |TAMS 0x00000000b2e00000| PB 0x00000000b2e00000| Complete 
| 815|0x00000000b2f00000, 0x00000000b3000000, 0x00000000b3000000|100%|HS|  |TAMS 0x00000000b2f00000| PB 0x00000000b2f00000| Complete 
| 816|0x00000000b3000000, 0x00000000b3100000, 0x00000000b3100000|100%|HC|  |TAMS 0x00000000b3000000| PB 0x00000000b3000000| Complete 
| 817|0x00000000b3100000, 0x00000000b3200000, 0x00000000b3200000|100%|HS|  |TAMS 0x00000000b3100000| PB 0x00000000b3100000| Complete 
| 818|0x00000000b3200000, 0x00000000b3300000, 0x00000000b3300000|100%|HC|  |TAMS 0x00000000b3200000| PB 0x00000000b3200000| Complete 
| 819|0x00000000b3300000, 0x00000000b3300000, 0x00000000b3400000|  0%| F|  |TAMS 0x00000000b3300000| PB 0x00000000b3300000| Untracked 
| 820|0x00000000b3400000, 0x00000000b34eee90, 0x00000000b3500000| 93%| E|  |TAMS 0x00000000b3400000| PB 0x00000000b3400000| Complete 
| 821|0x00000000b3500000, 0x00000000b3600000, 0x00000000b3600000|100%| E|CS|TAMS 0x00000000b3500000| PB 0x00000000b3500000| Complete 
| 822|0x00000000b3600000, 0x00000000b3700000, 0x00000000b3700000|100%| E|CS|TAMS 0x00000000b3600000| PB 0x00000000b3600000| Complete 
| 823|0x00000000b3700000, 0x00000000b3800000, 0x00000000b3800000|100%| E|CS|TAMS 0x00000000b3700000| PB 0x00000000b3700000| Complete 
| 824|0x00000000b3800000, 0x00000000b3900000, 0x00000000b3900000|100%| E|CS|TAMS 0x00000000b3800000| PB 0x00000000b3800000| Complete 
| 825|0x00000000b3900000, 0x00000000b3a00000, 0x00000000b3a00000|100%| E|  |TAMS 0x00000000b3900000| PB 0x00000000b3900000| Complete 
| 826|0x00000000b3a00000, 0x00000000b3b00000, 0x00000000b3b00000|100%| E|CS|TAMS 0x00000000b3a00000| PB 0x00000000b3a00000| Complete 
| 827|0x00000000b3b00000, 0x00000000b3c00000, 0x00000000b3c00000|100%| E|CS|TAMS 0x00000000b3b00000| PB 0x00000000b3b00000| Complete 
| 828|0x00000000b3c00000, 0x00000000b3d00000, 0x00000000b3d00000|100%| E|CS|TAMS 0x00000000b3c00000| PB 0x00000000b3c00000| Complete 
| 829|0x00000000b3d00000, 0x00000000b3e00000, 0x00000000b3e00000|100%| E|CS|TAMS 0x00000000b3d00000| PB 0x00000000b3d00000| Complete 
| 830|0x00000000b3e00000, 0x00000000b3f00000, 0x00000000b3f00000|100%| E|CS|TAMS 0x00000000b3e00000| PB 0x00000000b3e00000| Complete 
| 831|0x00000000b3f00000, 0x00000000b4000000, 0x00000000b4000000|100%| E|CS|TAMS 0x00000000b3f00000| PB 0x00000000b3f00000| Complete 
| 832|0x00000000b4000000, 0x00000000b4100000, 0x00000000b4100000|100%| E|CS|TAMS 0x00000000b4000000| PB 0x00000000b4000000| Complete 
| 833|0x00000000b4100000, 0x00000000b4200000, 0x00000000b4200000|100%| E|CS|TAMS 0x00000000b4100000| PB 0x00000000b4100000| Complete 
| 834|0x00000000b4200000, 0x00000000b4300000, 0x00000000b4300000|100%| E|CS|TAMS 0x00000000b4200000| PB 0x00000000b4200000| Complete 
| 835|0x00000000b4300000, 0x00000000b4400000, 0x00000000b4400000|100%| E|CS|TAMS 0x00000000b4300000| PB 0x00000000b4300000| Complete 
| 836|0x00000000b4400000, 0x00000000b4500000, 0x00000000b4500000|100%| E|CS|TAMS 0x00000000b4400000| PB 0x00000000b4400000| Complete 
| 837|0x00000000b4500000, 0x00000000b4600000, 0x00000000b4600000|100%| E|CS|TAMS 0x00000000b4500000| PB 0x00000000b4500000| Complete 
| 838|0x00000000b4600000, 0x00000000b4700000, 0x00000000b4700000|100%| E|CS|TAMS 0x00000000b4600000| PB 0x00000000b4600000| Complete 
| 839|0x00000000b4700000, 0x00000000b4800000, 0x00000000b4800000|100%| E|CS|TAMS 0x00000000b4700000| PB 0x00000000b4700000| Complete 
| 840|0x00000000b4800000, 0x00000000b4900000, 0x00000000b4900000|100%| E|CS|TAMS 0x00000000b4800000| PB 0x00000000b4800000| Complete 
| 841|0x00000000b4900000, 0x00000000b4a00000, 0x00000000b4a00000|100%| E|CS|TAMS 0x00000000b4900000| PB 0x00000000b4900000| Complete 
| 842|0x00000000b4a00000, 0x00000000b4b00000, 0x00000000b4b00000|100%| E|CS|TAMS 0x00000000b4a00000| PB 0x00000000b4a00000| Complete 
| 843|0x00000000b4b00000, 0x00000000b4c00000, 0x00000000b4c00000|100%| E|CS|TAMS 0x00000000b4b00000| PB 0x00000000b4b00000| Complete 
| 844|0x00000000b4c00000, 0x00000000b4d00000, 0x00000000b4d00000|100%| E|CS|TAMS 0x00000000b4c00000| PB 0x00000000b4c00000| Complete 
| 845|0x00000000b4d00000, 0x00000000b4e00000, 0x00000000b4e00000|100%| E|CS|TAMS 0x00000000b4d00000| PB 0x00000000b4d00000| Complete 
| 846|0x00000000b4e00000, 0x00000000b4f00000, 0x00000000b4f00000|100%| E|CS|TAMS 0x00000000b4e00000| PB 0x00000000b4e00000| Complete 
| 847|0x00000000b4f00000, 0x00000000b5000000, 0x00000000b5000000|100%| E|CS|TAMS 0x00000000b4f00000| PB 0x00000000b4f00000| Complete 
| 848|0x00000000b5000000, 0x00000000b5100000, 0x00000000b5100000|100%| E|CS|TAMS 0x00000000b5000000| PB 0x00000000b5000000| Complete 
| 849|0x00000000b5100000, 0x00000000b5200000, 0x00000000b5200000|100%| E|CS|TAMS 0x00000000b5100000| PB 0x00000000b5100000| Complete 
| 850|0x00000000b5200000, 0x00000000b5300000, 0x00000000b5300000|100%| E|CS|TAMS 0x00000000b5200000| PB 0x00000000b5200000| Complete 
| 851|0x00000000b5300000, 0x00000000b5400000, 0x00000000b5400000|100%| E|CS|TAMS 0x00000000b5300000| PB 0x00000000b5300000| Complete 
| 852|0x00000000b5400000, 0x00000000b5500000, 0x00000000b5500000|100%| E|CS|TAMS 0x00000000b5400000| PB 0x00000000b5400000| Complete 
| 853|0x00000000b5500000, 0x00000000b5600000, 0x00000000b5600000|100%| E|CS|TAMS 0x00000000b5500000| PB 0x00000000b5500000| Complete 
| 854|0x00000000b5600000, 0x00000000b5700000, 0x00000000b5700000|100%| E|CS|TAMS 0x00000000b5600000| PB 0x00000000b5600000| Complete 
| 855|0x00000000b5700000, 0x00000000b5800000, 0x00000000b5800000|100%| E|CS|TAMS 0x00000000b5700000| PB 0x00000000b5700000| Complete 
| 856|0x00000000b5800000, 0x00000000b5900000, 0x00000000b5900000|100%| E|CS|TAMS 0x00000000b5800000| PB 0x00000000b5800000| Complete 
| 857|0x00000000b5900000, 0x00000000b5a00000, 0x00000000b5a00000|100%| E|CS|TAMS 0x00000000b5900000| PB 0x00000000b5900000| Complete 
| 858|0x00000000b5a00000, 0x00000000b5b00000, 0x00000000b5b00000|100%| E|CS|TAMS 0x00000000b5a00000| PB 0x00000000b5a00000| Complete 
| 859|0x00000000b5b00000, 0x00000000b5c00000, 0x00000000b5c00000|100%| E|CS|TAMS 0x00000000b5b00000| PB 0x00000000b5b00000| Complete 
| 860|0x00000000b5c00000, 0x00000000b5d00000, 0x00000000b5d00000|100%| E|CS|TAMS 0x00000000b5c00000| PB 0x00000000b5c00000| Complete 
| 861|0x00000000b5d00000, 0x00000000b5e00000, 0x00000000b5e00000|100%| E|CS|TAMS 0x00000000b5d00000| PB 0x00000000b5d00000| Complete 
| 862|0x00000000b5e00000, 0x00000000b5f00000, 0x00000000b5f00000|100%| E|CS|TAMS 0x00000000b5e00000| PB 0x00000000b5e00000| Complete 
| 863|0x00000000b5f00000, 0x00000000b6000000, 0x00000000b6000000|100%| E|CS|TAMS 0x00000000b5f00000| PB 0x00000000b5f00000| Complete 
| 864|0x00000000b6000000, 0x00000000b6100000, 0x00000000b6100000|100%| E|CS|TAMS 0x00000000b6000000| PB 0x00000000b6000000| Complete 
| 865|0x00000000b6100000, 0x00000000b6200000, 0x00000000b6200000|100%| E|CS|TAMS 0x00000000b6100000| PB 0x00000000b6100000| Complete 
| 866|0x00000000b6200000, 0x00000000b6300000, 0x00000000b6300000|100%| E|CS|TAMS 0x00000000b6200000| PB 0x00000000b6200000| Complete 
| 867|0x00000000b6300000, 0x00000000b6400000, 0x00000000b6400000|100%| E|CS|TAMS 0x00000000b6300000| PB 0x00000000b6300000| Complete 
| 868|0x00000000b6400000, 0x00000000b6500000, 0x00000000b6500000|100%| E|CS|TAMS 0x00000000b6400000| PB 0x00000000b6400000| Complete 
| 869|0x00000000b6500000, 0x00000000b6600000, 0x00000000b6600000|100%| E|CS|TAMS 0x00000000b6500000| PB 0x00000000b6500000| Complete 
| 870|0x00000000b6600000, 0x00000000b6700000, 0x00000000b6700000|100%| E|CS|TAMS 0x00000000b6600000| PB 0x00000000b6600000| Complete 
| 871|0x00000000b6700000, 0x00000000b6800000, 0x00000000b6800000|100%| E|CS|TAMS 0x00000000b6700000| PB 0x00000000b6700000| Complete 
| 872|0x00000000b6800000, 0x00000000b6900000, 0x00000000b6900000|100%| E|CS|TAMS 0x00000000b6800000| PB 0x00000000b6800000| Complete 
| 873|0x00000000b6900000, 0x00000000b6a00000, 0x00000000b6a00000|100%| E|CS|TAMS 0x00000000b6900000| PB 0x00000000b6900000| Complete 
| 874|0x00000000b6a00000, 0x00000000b6b00000, 0x00000000b6b00000|100%| E|CS|TAMS 0x00000000b6a00000| PB 0x00000000b6a00000| Complete 
| 875|0x00000000b6b00000, 0x00000000b6c00000, 0x00000000b6c00000|100%| E|CS|TAMS 0x00000000b6b00000| PB 0x00000000b6b00000| Complete 
| 876|0x00000000b6c00000, 0x00000000b6d00000, 0x00000000b6d00000|100%| E|CS|TAMS 0x00000000b6c00000| PB 0x00000000b6c00000| Complete 
| 877|0x00000000b6d00000, 0x00000000b6e00000, 0x00000000b6e00000|100%| E|CS|TAMS 0x00000000b6d00000| PB 0x00000000b6d00000| Complete 
| 878|0x00000000b6e00000, 0x00000000b6f00000, 0x00000000b6f00000|100%| E|CS|TAMS 0x00000000b6e00000| PB 0x00000000b6e00000| Complete 
| 879|0x00000000b6f00000, 0x00000000b7000000, 0x00000000b7000000|100%| E|CS|TAMS 0x00000000b6f00000| PB 0x00000000b6f00000| Complete 
| 880|0x00000000b7000000, 0x00000000b7100000, 0x00000000b7100000|100%| E|CS|TAMS 0x00000000b7000000| PB 0x00000000b7000000| Complete 
| 881|0x00000000b7100000, 0x00000000b7200000, 0x00000000b7200000|100%| E|CS|TAMS 0x00000000b7100000| PB 0x00000000b7100000| Complete 
| 882|0x00000000b7200000, 0x00000000b7300000, 0x00000000b7300000|100%| E|CS|TAMS 0x00000000b7200000| PB 0x00000000b7200000| Complete 
| 883|0x00000000b7300000, 0x00000000b7400000, 0x00000000b7400000|100%| E|CS|TAMS 0x00000000b7300000| PB 0x00000000b7300000| Complete 
| 884|0x00000000b7400000, 0x00000000b7500000, 0x00000000b7500000|100%| E|CS|TAMS 0x00000000b7400000| PB 0x00000000b7400000| Complete 
| 885|0x00000000b7500000, 0x00000000b7600000, 0x00000000b7600000|100%| E|CS|TAMS 0x00000000b7500000| PB 0x00000000b7500000| Complete 
| 886|0x00000000b7600000, 0x00000000b7700000, 0x00000000b7700000|100%| E|CS|TAMS 0x00000000b7600000| PB 0x00000000b7600000| Complete 
| 887|0x00000000b7700000, 0x00000000b7800000, 0x00000000b7800000|100%| E|CS|TAMS 0x00000000b7700000| PB 0x00000000b7700000| Complete 
| 888|0x00000000b7800000, 0x00000000b7900000, 0x00000000b7900000|100%| E|CS|TAMS 0x00000000b7800000| PB 0x00000000b7800000| Complete 
| 889|0x00000000b7900000, 0x00000000b7a00000, 0x00000000b7a00000|100%| E|CS|TAMS 0x00000000b7900000| PB 0x00000000b7900000| Complete 
| 890|0x00000000b7a00000, 0x00000000b7b00000, 0x00000000b7b00000|100%| E|CS|TAMS 0x00000000b7a00000| PB 0x00000000b7a00000| Complete 
| 891|0x00000000b7b00000, 0x00000000b7c00000, 0x00000000b7c00000|100%| E|CS|TAMS 0x00000000b7b00000| PB 0x00000000b7b00000| Complete 
| 892|0x00000000b7c00000, 0x00000000b7d00000, 0x00000000b7d00000|100%| E|CS|TAMS 0x00000000b7c00000| PB 0x00000000b7c00000| Complete 
| 893|0x00000000b7d00000, 0x00000000b7e00000, 0x00000000b7e00000|100%| E|CS|TAMS 0x00000000b7d00000| PB 0x00000000b7d00000| Complete 
| 894|0x00000000b7e00000, 0x00000000b7f00000, 0x00000000b7f00000|100%| E|CS|TAMS 0x00000000b7e00000| PB 0x00000000b7e00000| Complete 
| 895|0x00000000b7f00000, 0x00000000b8000000, 0x00000000b8000000|100%| E|CS|TAMS 0x00000000b7f00000| PB 0x00000000b7f00000| Complete 
| 896|0x00000000b8000000, 0x00000000b8100000, 0x00000000b8100000|100%| E|CS|TAMS 0x00000000b8000000| PB 0x00000000b8000000| Complete 
| 897|0x00000000b8100000, 0x00000000b8200000, 0x00000000b8200000|100%| E|CS|TAMS 0x00000000b8100000| PB 0x00000000b8100000| Complete 
| 898|0x00000000b8200000, 0x00000000b8300000, 0x00000000b8300000|100%| E|CS|TAMS 0x00000000b8200000| PB 0x00000000b8200000| Complete 
| 899|0x00000000b8300000, 0x00000000b8400000, 0x00000000b8400000|100%| E|CS|TAMS 0x00000000b8300000| PB 0x00000000b8300000| Complete 
| 900|0x00000000b8400000, 0x00000000b8500000, 0x00000000b8500000|100%| E|CS|TAMS 0x00000000b8400000| PB 0x00000000b8400000| Complete 
| 901|0x00000000b8500000, 0x00000000b8600000, 0x00000000b8600000|100%| E|CS|TAMS 0x00000000b8500000| PB 0x00000000b8500000| Complete 
| 902|0x00000000b8600000, 0x00000000b8700000, 0x00000000b8700000|100%| E|CS|TAMS 0x00000000b8600000| PB 0x00000000b8600000| Complete 
| 903|0x00000000b8700000, 0x00000000b8800000, 0x00000000b8800000|100%| E|CS|TAMS 0x00000000b8700000| PB 0x00000000b8700000| Complete 
| 904|0x00000000b8800000, 0x00000000b8900000, 0x00000000b8900000|100%| E|CS|TAMS 0x00000000b8800000| PB 0x00000000b8800000| Complete 
| 905|0x00000000b8900000, 0x00000000b8a00000, 0x00000000b8a00000|100%| E|CS|TAMS 0x00000000b8900000| PB 0x00000000b8900000| Complete 
| 906|0x00000000b8a00000, 0x00000000b8b00000, 0x00000000b8b00000|100%| E|CS|TAMS 0x00000000b8a00000| PB 0x00000000b8a00000| Complete 
| 907|0x00000000b8b00000, 0x00000000b8c00000, 0x00000000b8c00000|100%| E|CS|TAMS 0x00000000b8b00000| PB 0x00000000b8b00000| Complete 
| 908|0x00000000b8c00000, 0x00000000b8d00000, 0x00000000b8d00000|100%| E|CS|TAMS 0x00000000b8c00000| PB 0x00000000b8c00000| Complete 
| 909|0x00000000b8d00000, 0x00000000b8e00000, 0x00000000b8e00000|100%| E|CS|TAMS 0x00000000b8d00000| PB 0x00000000b8d00000| Complete 
| 910|0x00000000b8e00000, 0x00000000b8f00000, 0x00000000b8f00000|100%| E|CS|TAMS 0x00000000b8e00000| PB 0x00000000b8e00000| Complete 
| 911|0x00000000b8f00000, 0x00000000b9000000, 0x00000000b9000000|100%| E|CS|TAMS 0x00000000b8f00000| PB 0x00000000b8f00000| Complete 
| 912|0x00000000b9000000, 0x00000000b9100000, 0x00000000b9100000|100%| E|CS|TAMS 0x00000000b9000000| PB 0x00000000b9000000| Complete 
| 913|0x00000000b9100000, 0x00000000b9200000, 0x00000000b9200000|100%| E|CS|TAMS 0x00000000b9100000| PB 0x00000000b9100000| Complete 
| 914|0x00000000b9200000, 0x00000000b9300000, 0x00000000b9300000|100%| E|CS|TAMS 0x00000000b9200000| PB 0x00000000b9200000| Complete 
| 915|0x00000000b9300000, 0x00000000b9400000, 0x00000000b9400000|100%| E|CS|TAMS 0x00000000b9300000| PB 0x00000000b9300000| Complete 
| 916|0x00000000b9400000, 0x00000000b9500000, 0x00000000b9500000|100%| E|CS|TAMS 0x00000000b9400000| PB 0x00000000b9400000| Complete 
| 917|0x00000000b9500000, 0x00000000b9600000, 0x00000000b9600000|100%| E|CS|TAMS 0x00000000b9500000| PB 0x00000000b9500000| Complete 
| 918|0x00000000b9600000, 0x00000000b9700000, 0x00000000b9700000|100%| E|CS|TAMS 0x00000000b9600000| PB 0x00000000b9600000| Complete 
| 919|0x00000000b9700000, 0x00000000b9800000, 0x00000000b9800000|100%| E|CS|TAMS 0x00000000b9700000| PB 0x00000000b9700000| Complete 
| 920|0x00000000b9800000, 0x00000000b9900000, 0x00000000b9900000|100%| E|CS|TAMS 0x00000000b9800000| PB 0x00000000b9800000| Complete 
| 921|0x00000000b9900000, 0x00000000b9a00000, 0x00000000b9a00000|100%| E|CS|TAMS 0x00000000b9900000| PB 0x00000000b9900000| Complete 
| 922|0x00000000b9a00000, 0x00000000b9b00000, 0x00000000b9b00000|100%| E|CS|TAMS 0x00000000b9a00000| PB 0x00000000b9a00000| Complete 
| 923|0x00000000b9b00000, 0x00000000b9c00000, 0x00000000b9c00000|100%| E|CS|TAMS 0x00000000b9b00000| PB 0x00000000b9b00000| Complete 
| 924|0x00000000b9c00000, 0x00000000b9d00000, 0x00000000b9d00000|100%| E|CS|TAMS 0x00000000b9c00000| PB 0x00000000b9c00000| Complete 
| 925|0x00000000b9d00000, 0x00000000b9e00000, 0x00000000b9e00000|100%| E|CS|TAMS 0x00000000b9d00000| PB 0x00000000b9d00000| Complete 
| 926|0x00000000b9e00000, 0x00000000b9f00000, 0x00000000b9f00000|100%| E|CS|TAMS 0x00000000b9e00000| PB 0x00000000b9e00000| Complete 
| 927|0x00000000b9f00000, 0x00000000ba000000, 0x00000000ba000000|100%| E|CS|TAMS 0x00000000b9f00000| PB 0x00000000b9f00000| Complete 
| 928|0x00000000ba000000, 0x00000000ba100000, 0x00000000ba100000|100%| E|CS|TAMS 0x00000000ba000000| PB 0x00000000ba000000| Complete 
| 929|0x00000000ba100000, 0x00000000ba200000, 0x00000000ba200000|100%| E|CS|TAMS 0x00000000ba100000| PB 0x00000000ba100000| Complete 
| 930|0x00000000ba200000, 0x00000000ba300000, 0x00000000ba300000|100%| E|CS|TAMS 0x00000000ba200000| PB 0x00000000ba200000| Complete 
| 931|0x00000000ba300000, 0x00000000ba400000, 0x00000000ba400000|100%| E|CS|TAMS 0x00000000ba300000| PB 0x00000000ba300000| Complete 
| 932|0x00000000ba400000, 0x00000000ba500000, 0x00000000ba500000|100%| E|CS|TAMS 0x00000000ba400000| PB 0x00000000ba400000| Complete 
| 933|0x00000000ba500000, 0x00000000ba600000, 0x00000000ba600000|100%| E|CS|TAMS 0x00000000ba500000| PB 0x00000000ba500000| Complete 
| 934|0x00000000ba600000, 0x00000000ba700000, 0x00000000ba700000|100%| E|CS|TAMS 0x00000000ba600000| PB 0x00000000ba600000| Complete 
| 935|0x00000000ba700000, 0x00000000ba800000, 0x00000000ba800000|100%| E|CS|TAMS 0x00000000ba700000| PB 0x00000000ba700000| Complete 
| 936|0x00000000ba800000, 0x00000000ba900000, 0x00000000ba900000|100%| E|CS|TAMS 0x00000000ba800000| PB 0x00000000ba800000| Complete 
| 937|0x00000000ba900000, 0x00000000baa00000, 0x00000000baa00000|100%| E|CS|TAMS 0x00000000ba900000| PB 0x00000000ba900000| Complete 
| 938|0x00000000baa00000, 0x00000000bab00000, 0x00000000bab00000|100%| E|CS|TAMS 0x00000000baa00000| PB 0x00000000baa00000| Complete 
| 939|0x00000000bab00000, 0x00000000bac00000, 0x00000000bac00000|100%| E|CS|TAMS 0x00000000bab00000| PB 0x00000000bab00000| Complete 
| 940|0x00000000bac00000, 0x00000000bad00000, 0x00000000bad00000|100%| E|CS|TAMS 0x00000000bac00000| PB 0x00000000bac00000| Complete 
| 941|0x00000000bad00000, 0x00000000bae00000, 0x00000000bae00000|100%| E|CS|TAMS 0x00000000bad00000| PB 0x00000000bad00000| Complete 
| 942|0x00000000bae00000, 0x00000000baf00000, 0x00000000baf00000|100%| E|CS|TAMS 0x00000000bae00000| PB 0x00000000bae00000| Complete 
| 943|0x00000000baf00000, 0x00000000bb000000, 0x00000000bb000000|100%| E|CS|TAMS 0x00000000baf00000| PB 0x00000000baf00000| Complete 
| 944|0x00000000bb000000, 0x00000000bb100000, 0x00000000bb100000|100%| E|CS|TAMS 0x00000000bb000000| PB 0x00000000bb000000| Complete 
| 945|0x00000000bb100000, 0x00000000bb200000, 0x00000000bb200000|100%| E|CS|TAMS 0x00000000bb100000| PB 0x00000000bb100000| Complete 
| 946|0x00000000bb200000, 0x00000000bb300000, 0x00000000bb300000|100%| E|CS|TAMS 0x00000000bb200000| PB 0x00000000bb200000| Complete 
| 947|0x00000000bb300000, 0x00000000bb400000, 0x00000000bb400000|100%| E|CS|TAMS 0x00000000bb300000| PB 0x00000000bb300000| Complete 
| 948|0x00000000bb400000, 0x00000000bb500000, 0x00000000bb500000|100%| E|CS|TAMS 0x00000000bb400000| PB 0x00000000bb400000| Complete 
| 949|0x00000000bb500000, 0x00000000bb600000, 0x00000000bb600000|100%| E|CS|TAMS 0x00000000bb500000| PB 0x00000000bb500000| Complete 
| 950|0x00000000bb600000, 0x00000000bb700000, 0x00000000bb700000|100%| E|CS|TAMS 0x00000000bb600000| PB 0x00000000bb600000| Complete 
| 951|0x00000000bb700000, 0x00000000bb800000, 0x00000000bb800000|100%| E|CS|TAMS 0x00000000bb700000| PB 0x00000000bb700000| Complete 
| 952|0x00000000bb800000, 0x00000000bb900000, 0x00000000bb900000|100%| E|CS|TAMS 0x00000000bb800000| PB 0x00000000bb800000| Complete 
| 953|0x00000000bb900000, 0x00000000bba00000, 0x00000000bba00000|100%| E|CS|TAMS 0x00000000bb900000| PB 0x00000000bb900000| Complete 
| 954|0x00000000bba00000, 0x00000000bbb00000, 0x00000000bbb00000|100%| E|CS|TAMS 0x00000000bba00000| PB 0x00000000bba00000| Complete 
| 955|0x00000000bbb00000, 0x00000000bbc00000, 0x00000000bbc00000|100%| E|CS|TAMS 0x00000000bbb00000| PB 0x00000000bbb00000| Complete 
| 956|0x00000000bbc00000, 0x00000000bbd00000, 0x00000000bbd00000|100%| E|CS|TAMS 0x00000000bbc00000| PB 0x00000000bbc00000| Complete 
| 957|0x00000000bbd00000, 0x00000000bbe00000, 0x00000000bbe00000|100%| E|CS|TAMS 0x00000000bbd00000| PB 0x00000000bbd00000| Complete 
| 958|0x00000000bbe00000, 0x00000000bbf00000, 0x00000000bbf00000|100%| E|CS|TAMS 0x00000000bbe00000| PB 0x00000000bbe00000| Complete 
| 959|0x00000000bbf00000, 0x00000000bc000000, 0x00000000bc000000|100%| E|CS|TAMS 0x00000000bbf00000| PB 0x00000000bbf00000| Complete 
| 960|0x00000000bc000000, 0x00000000bc100000, 0x00000000bc100000|100%| E|CS|TAMS 0x00000000bc000000| PB 0x00000000bc000000| Complete 
| 961|0x00000000bc100000, 0x00000000bc200000, 0x00000000bc200000|100%| E|CS|TAMS 0x00000000bc100000| PB 0x00000000bc100000| Complete 
| 962|0x00000000bc200000, 0x00000000bc300000, 0x00000000bc300000|100%| E|CS|TAMS 0x00000000bc200000| PB 0x00000000bc200000| Complete 
| 963|0x00000000bc300000, 0x00000000bc400000, 0x00000000bc400000|100%| E|CS|TAMS 0x00000000bc300000| PB 0x00000000bc300000| Complete 
| 964|0x00000000bc400000, 0x00000000bc500000, 0x00000000bc500000|100%| E|CS|TAMS 0x00000000bc400000| PB 0x00000000bc400000| Complete 
| 965|0x00000000bc500000, 0x00000000bc600000, 0x00000000bc600000|100%| E|CS|TAMS 0x00000000bc500000| PB 0x00000000bc500000| Complete 
| 966|0x00000000bc600000, 0x00000000bc700000, 0x00000000bc700000|100%| E|CS|TAMS 0x00000000bc600000| PB 0x00000000bc600000| Complete 
| 967|0x00000000bc700000, 0x00000000bc800000, 0x00000000bc800000|100%| E|CS|TAMS 0x00000000bc700000| PB 0x00000000bc700000| Complete 
| 968|0x00000000bc800000, 0x00000000bc900000, 0x00000000bc900000|100%| E|CS|TAMS 0x00000000bc800000| PB 0x00000000bc800000| Complete 
| 969|0x00000000bc900000, 0x00000000bca00000, 0x00000000bca00000|100%| E|CS|TAMS 0x00000000bc900000| PB 0x00000000bc900000| Complete 
| 970|0x00000000bca00000, 0x00000000bcb00000, 0x00000000bcb00000|100%| E|CS|TAMS 0x00000000bca00000| PB 0x00000000bca00000| Complete 
| 971|0x00000000bcb00000, 0x00000000bcc00000, 0x00000000bcc00000|100%| E|CS|TAMS 0x00000000bcb00000| PB 0x00000000bcb00000| Complete 
| 972|0x00000000bcc00000, 0x00000000bcd00000, 0x00000000bcd00000|100%| E|CS|TAMS 0x00000000bcc00000| PB 0x00000000bcc00000| Complete 
| 973|0x00000000bcd00000, 0x00000000bce00000, 0x00000000bce00000|100%| E|CS|TAMS 0x00000000bcd00000| PB 0x00000000bcd00000| Complete 
| 974|0x00000000bce00000, 0x00000000bcf00000, 0x00000000bcf00000|100%| E|CS|TAMS 0x00000000bce00000| PB 0x00000000bce00000| Complete 
| 975|0x00000000bcf00000, 0x00000000bd000000, 0x00000000bd000000|100%| E|CS|TAMS 0x00000000bcf00000| PB 0x00000000bcf00000| Complete 
| 976|0x00000000bd000000, 0x00000000bd100000, 0x00000000bd100000|100%| E|CS|TAMS 0x00000000bd000000| PB 0x00000000bd000000| Complete 
| 977|0x00000000bd100000, 0x00000000bd200000, 0x00000000bd200000|100%| E|CS|TAMS 0x00000000bd100000| PB 0x00000000bd100000| Complete 
| 978|0x00000000bd200000, 0x00000000bd300000, 0x00000000bd300000|100%| E|CS|TAMS 0x00000000bd200000| PB 0x00000000bd200000| Complete 
| 979|0x00000000bd300000, 0x00000000bd400000, 0x00000000bd400000|100%| E|CS|TAMS 0x00000000bd300000| PB 0x00000000bd300000| Complete 
| 980|0x00000000bd400000, 0x00000000bd500000, 0x00000000bd500000|100%| E|CS|TAMS 0x00000000bd400000| PB 0x00000000bd400000| Complete 
| 981|0x00000000bd500000, 0x00000000bd600000, 0x00000000bd600000|100%| E|CS|TAMS 0x00000000bd500000| PB 0x00000000bd500000| Complete 
| 982|0x00000000bd600000, 0x00000000bd700000, 0x00000000bd700000|100%| E|CS|TAMS 0x00000000bd600000| PB 0x00000000bd600000| Complete 
| 983|0x00000000bd700000, 0x00000000bd800000, 0x00000000bd800000|100%| E|CS|TAMS 0x00000000bd700000| PB 0x00000000bd700000| Complete 
| 984|0x00000000bd800000, 0x00000000bd900000, 0x00000000bd900000|100%| E|CS|TAMS 0x00000000bd800000| PB 0x00000000bd800000| Complete 
| 985|0x00000000bd900000, 0x00000000bda00000, 0x00000000bda00000|100%| E|CS|TAMS 0x00000000bd900000| PB 0x00000000bd900000| Complete 
| 986|0x00000000bda00000, 0x00000000bdb00000, 0x00000000bdb00000|100%| E|CS|TAMS 0x00000000bda00000| PB 0x00000000bda00000| Complete 
| 987|0x00000000bdb00000, 0x00000000bdc00000, 0x00000000bdc00000|100%| E|CS|TAMS 0x00000000bdb00000| PB 0x00000000bdb00000| Complete 
| 988|0x00000000bdc00000, 0x00000000bdd00000, 0x00000000bdd00000|100%| E|CS|TAMS 0x00000000bdc00000| PB 0x00000000bdc00000| Complete 
| 989|0x00000000bdd00000, 0x00000000bde00000, 0x00000000bde00000|100%| E|CS|TAMS 0x00000000bdd00000| PB 0x00000000bdd00000| Complete 
| 990|0x00000000bde00000, 0x00000000bdf00000, 0x00000000bdf00000|100%| E|CS|TAMS 0x00000000bde00000| PB 0x00000000bde00000| Complete 
| 991|0x00000000bdf00000, 0x00000000be000000, 0x00000000be000000|100%| E|CS|TAMS 0x00000000bdf00000| PB 0x00000000bdf00000| Complete 
| 992|0x00000000be000000, 0x00000000be100000, 0x00000000be100000|100%| E|CS|TAMS 0x00000000be000000| PB 0x00000000be000000| Complete 
| 993|0x00000000be100000, 0x00000000be200000, 0x00000000be200000|100%| E|CS|TAMS 0x00000000be100000| PB 0x00000000be100000| Complete 
| 994|0x00000000be200000, 0x00000000be300000, 0x00000000be300000|100%| E|CS|TAMS 0x00000000be200000| PB 0x00000000be200000| Complete 
| 995|0x00000000be300000, 0x00000000be400000, 0x00000000be400000|100%| E|CS|TAMS 0x00000000be300000| PB 0x00000000be300000| Complete 
| 996|0x00000000be400000, 0x00000000be500000, 0x00000000be500000|100%| E|CS|TAMS 0x00000000be400000| PB 0x00000000be400000| Complete 
| 997|0x00000000be500000, 0x00000000be600000, 0x00000000be600000|100%| E|CS|TAMS 0x00000000be500000| PB 0x00000000be500000| Complete 
| 998|0x00000000be600000, 0x00000000be700000, 0x00000000be700000|100%| E|CS|TAMS 0x00000000be600000| PB 0x00000000be600000| Complete 
| 999|0x00000000be700000, 0x00000000be800000, 0x00000000be800000|100%| E|CS|TAMS 0x00000000be700000| PB 0x00000000be700000| Complete 
|1000|0x00000000be800000, 0x00000000be900000, 0x00000000be900000|100%| E|CS|TAMS 0x00000000be800000| PB 0x00000000be800000| Complete 
|1001|0x00000000be900000, 0x00000000bea00000, 0x00000000bea00000|100%|HS|  |TAMS 0x00000000be900000| PB 0x00000000be900000| Complete 
|1002|0x00000000bea00000, 0x00000000beb00000, 0x00000000beb00000|100%|HC|  |TAMS 0x00000000bea00000| PB 0x00000000bea00000| Complete 
|1003|0x00000000beb00000, 0x00000000bec00000, 0x00000000bec00000|100%|HS|  |TAMS 0x00000000beb00000| PB 0x00000000beb00000| Complete 
|1004|0x00000000bec00000, 0x00000000bed00000, 0x00000000bed00000|100%|HC|  |TAMS 0x00000000bec00000| PB 0x00000000bec00000| Complete 
|1005|0x00000000bed00000, 0x00000000bee00000, 0x00000000bee00000|100%|HS|  |TAMS 0x00000000bed00000| PB 0x00000000bed00000| Complete 
|1006|0x00000000bee00000, 0x00000000bef00000, 0x00000000bef00000|100%|HC|  |TAMS 0x00000000bee00000| PB 0x00000000bee00000| Complete 
|1007|0x00000000bef00000, 0x00000000bf000000, 0x00000000bf000000|100%|HS|  |TAMS 0x00000000bef00000| PB 0x00000000bef00000| Complete 
|1008|0x00000000bf000000, 0x00000000bf100000, 0x00000000bf100000|100%|HC|  |TAMS 0x00000000bf000000| PB 0x00000000bf000000| Complete 
|1009|0x00000000bf100000, 0x00000000bf200000, 0x00000000bf200000|100%|HS|  |TAMS 0x00000000bf100000| PB 0x00000000bf100000| Complete 
|1010|0x00000000bf200000, 0x00000000bf300000, 0x00000000bf300000|100%|HC|  |TAMS 0x00000000bf200000| PB 0x00000000bf200000| Complete 
|1011|0x00000000bf300000, 0x00000000bf400000, 0x00000000bf400000|100%|HS|  |TAMS 0x00000000bf300000| PB 0x00000000bf300000| Complete 
|1012|0x00000000bf400000, 0x00000000bf500000, 0x00000000bf500000|100%|HC|  |TAMS 0x00000000bf400000| PB 0x00000000bf400000| Complete 
|1013|0x00000000bf500000, 0x00000000bf600000, 0x00000000bf600000|100%|HS|  |TAMS 0x00000000bf500000| PB 0x00000000bf500000| Complete 
|1014|0x00000000bf600000, 0x00000000bf700000, 0x00000000bf700000|100%|HC|  |TAMS 0x00000000bf600000| PB 0x00000000bf600000| Complete 
|1015|0x00000000bf700000, 0x00000000bf800000, 0x00000000bf800000|100%|HS|  |TAMS 0x00000000bf700000| PB 0x00000000bf700000| Complete 
|1016|0x00000000bf800000, 0x00000000bf900000, 0x00000000bf900000|100%|HC|  |TAMS 0x00000000bf800000| PB 0x00000000bf800000| Complete 
|1017|0x00000000bf900000, 0x00000000bfa00000, 0x00000000bfa00000|100%|HS|  |TAMS 0x00000000bf900000| PB 0x00000000bf900000| Complete 
|1018|0x00000000bfa00000, 0x00000000bfb00000, 0x00000000bfb00000|100%|HC|  |TAMS 0x00000000bfa00000| PB 0x00000000bfa00000| Complete 
|1019|0x00000000bfb00000, 0x00000000bfc00000, 0x00000000bfc00000|100%|HS|  |TAMS 0x00000000bfb00000| PB 0x00000000bfb00000| Complete 
|1020|0x00000000bfc00000, 0x00000000bfd00000, 0x00000000bfd00000|100%|HC|  |TAMS 0x00000000bfc00000| PB 0x00000000bfc00000| Complete 
|1021|0x00000000bfd00000, 0x00000000bfe00000, 0x00000000bfe00000|100%|HS|  |TAMS 0x00000000bfd00000| PB 0x00000000bfd00000| Complete 
|1022|0x00000000bfe00000, 0x00000000bff00000, 0x00000000bff00000|100%|HC|  |TAMS 0x00000000bfe00000| PB 0x00000000bfe00000| Complete 
|1023|0x00000000bff00000, 0x00000000c0000000, 0x00000000c0000000|100%|HS|  |TAMS 0x00000000bff00000| PB 0x00000000bff00000| Complete 
|1024|0x00000000c0000000, 0x00000000c0100000, 0x00000000c0100000|100%|HC|  |TAMS 0x00000000c0000000| PB 0x00000000c0000000| Complete 
|1025|0x00000000c0100000, 0x00000000c0200000, 0x00000000c0200000|100%|HS|  |TAMS 0x00000000c0100000| PB 0x00000000c0100000| Complete 
|1026|0x00000000c0200000, 0x00000000c0300000, 0x00000000c0300000|100%|HC|  |TAMS 0x00000000c0200000| PB 0x00000000c0200000| Complete 
|1027|0x00000000c0300000, 0x00000000c0300000, 0x00000000c0400000|  0%| F|  |TAMS 0x00000000c0300000| PB 0x00000000c0300000| Untracked 
|1916|0x00000000f7c00000, 0x00000000f7d00000, 0x00000000f7d00000|100%| O|Cm|TAMS 0x00000000f7c00000| PB 0x00000000f7c00000| Complete 
|1917|0x00000000f7d00000, 0x00000000f7e00000, 0x00000000f7e00000|100%| O|Cm|TAMS 0x00000000f7d00000| PB 0x00000000f7d00000| Complete 
|1918|0x00000000f7e00000, 0x00000000f7f00000, 0x00000000f7f00000|100%| O|  |TAMS 0x00000000f7e00000| PB 0x00000000f7e00000| Untracked 
|1919|0x00000000f7f00000, 0x00000000f8000000, 0x00000000f8000000|100%| O|  |TAMS 0x00000000f7f00000| PB 0x00000000f7f00000| Untracked 
|1920|0x00000000f8000000, 0x00000000f8100000, 0x00000000f8100000|100%| O|  |TAMS 0x00000000f8000000| PB 0x00000000f8000000| Untracked 
|1921|0x00000000f8100000, 0x00000000f8200000, 0x00000000f8200000|100%| O|  |TAMS 0x00000000f8100000| PB 0x00000000f8100000| Untracked 
|1922|0x00000000f8200000, 0x00000000f8300000, 0x00000000f8300000|100%| O|  |TAMS 0x00000000f8200000| PB 0x00000000f8200000| Untracked 
|1923|0x00000000f8300000, 0x00000000f8400000, 0x00000000f8400000|100%| O|  |TAMS 0x00000000f8300000| PB 0x00000000f8300000| Untracked 
|1924|0x00000000f8400000, 0x00000000f8500000, 0x00000000f8500000|100%| E|CS|TAMS 0x00000000f8400000| PB 0x00000000f8400000| Complete 
|1925|0x00000000f8500000, 0x00000000f8600000, 0x00000000f8600000|100%| O|Cm|TAMS 0x00000000f8500000| PB 0x00000000f8500000| Complete 
|1926|0x00000000f8600000, 0x00000000f8700000, 0x00000000f8700000|100%| O|Cm|TAMS 0x00000000f8600000| PB 0x00000000f8600000| Complete 
|1927|0x00000000f8700000, 0x00000000f8800000, 0x00000000f8800000|100%| O|  |TAMS 0x00000000f8700000| PB 0x00000000f8700000| Untracked 
|1928|0x00000000f8800000, 0x00000000f8900000, 0x00000000f8900000|100%| O|  |TAMS 0x00000000f8800000| PB 0x00000000f8800000| Untracked 
|1929|0x00000000f8900000, 0x00000000f8a00000, 0x00000000f8a00000|100%| O|Cm|TAMS 0x00000000f8900000| PB 0x00000000f8900000| Complete 
|1930|0x00000000f8a00000, 0x00000000f8b00000, 0x00000000f8b00000|100%| O|Cm|TAMS 0x00000000f8a00000| PB 0x00000000f8a00000| Complete 
|1931|0x00000000f8b00000, 0x00000000f8c00000, 0x00000000f8c00000|100%| E|CS|TAMS 0x00000000f8b00000| PB 0x00000000f8b00000| Complete 
|1932|0x00000000f8c00000, 0x00000000f8d00000, 0x00000000f8d00000|100%| E|CS|TAMS 0x00000000f8c00000| PB 0x00000000f8c00000| Complete 
|1933|0x00000000f8d00000, 0x00000000f8e00000, 0x00000000f8e00000|100%| O|Cm|TAMS 0x00000000f8d00000| PB 0x00000000f8d00000| Complete 
|1934|0x00000000f8e00000, 0x00000000f8f00000, 0x00000000f8f00000|100%| E|CS|TAMS 0x00000000f8e00000| PB 0x00000000f8e00000| Complete 
|1935|0x00000000f8f00000, 0x00000000f9000000, 0x00000000f9000000|100%| E|CS|TAMS 0x00000000f8f00000| PB 0x00000000f8f00000| Complete 
|1936|0x00000000f9000000, 0x00000000f9100000, 0x00000000f9100000|100%| O|  |TAMS 0x00000000f9000000| PB 0x00000000f9000000| Untracked 
|1937|0x00000000f9100000, 0x00000000f9200000, 0x00000000f9200000|100%| E|CS|TAMS 0x00000000f9100000| PB 0x00000000f9100000| Complete 
|1938|0x00000000f9200000, 0x00000000f9300000, 0x00000000f9300000|100%| O|Cm|TAMS 0x00000000f9200000| PB 0x00000000f9200000| Complete 
|1939|0x00000000f9300000, 0x00000000f9400000, 0x00000000f9400000|100%| E|CS|TAMS 0x00000000f9300000| PB 0x00000000f9300000| Complete 
|1940|0x00000000f9400000, 0x00000000f9500000, 0x00000000f9500000|100%| O|Cm|TAMS 0x00000000f9400000| PB 0x00000000f9400000| Complete 
|1941|0x00000000f9500000, 0x00000000f9600000, 0x00000000f9600000|100%| E|CS|TAMS 0x00000000f9500000| PB 0x00000000f9500000| Complete 
|1942|0x00000000f9600000, 0x00000000f9700000, 0x00000000f9700000|100%| E|CS|TAMS 0x00000000f9600000| PB 0x00000000f9600000| Complete 
|1943|0x00000000f9700000, 0x00000000f9800000, 0x00000000f9800000|100%| E|CS|TAMS 0x00000000f9700000| PB 0x00000000f9700000| Complete 
|1944|0x00000000f9800000, 0x00000000f9900000, 0x00000000f9900000|100%| O|Cm|TAMS 0x00000000f9800000| PB 0x00000000f9800000| Complete 
|1945|0x00000000f9900000, 0x00000000f9a00000, 0x00000000f9a00000|100%| O|  |TAMS 0x00000000f9900000| PB 0x00000000f9900000| Untracked 
|1946|0x00000000f9a00000, 0x00000000f9b00000, 0x00000000f9b00000|100%| O|Cm|TAMS 0x00000000f9a00000| PB 0x00000000f9a00000| Complete 
|1947|0x00000000f9b00000, 0x00000000f9c00000, 0x00000000f9c00000|100%| O|Cm|TAMS 0x00000000f9b00000| PB 0x00000000f9b00000| Complete 
|1948|0x00000000f9c00000, 0x00000000f9d00000, 0x00000000f9d00000|100%| O|Cm|TAMS 0x00000000f9c00000| PB 0x00000000f9c00000| Complete 
|1949|0x00000000f9d00000, 0x00000000f9e00000, 0x00000000f9e00000|100%| O|  |TAMS 0x00000000f9d00000| PB 0x00000000f9d00000| Untracked 
|1950|0x00000000f9e00000, 0x00000000f9f00000, 0x00000000f9f00000|100%| O|Cm|TAMS 0x00000000f9e00000| PB 0x00000000f9e00000| Complete 
|1951|0x00000000f9f00000, 0x00000000fa000000, 0x00000000fa000000|100%| O|  |TAMS 0x00000000f9f00000| PB 0x00000000f9f00000| Untracked 
|1952|0x00000000fa000000, 0x00000000fa100000, 0x00000000fa100000|100%| O|Cm|TAMS 0x00000000fa000000| PB 0x00000000fa000000| Complete 
|1953|0x00000000fa100000, 0x00000000fa200000, 0x00000000fa200000|100%| O|Cm|TAMS 0x00000000fa100000| PB 0x00000000fa100000| Complete 
|1954|0x00000000fa200000, 0x00000000fa300000, 0x00000000fa300000|100%| O|Cm|TAMS 0x00000000fa200000| PB 0x00000000fa200000| Complete 
|1955|0x00000000fa300000, 0x00000000fa400000, 0x00000000fa400000|100%| O|  |TAMS 0x00000000fa300000| PB 0x00000000fa300000| Untracked 
|1956|0x00000000fa400000, 0x00000000fa500000, 0x00000000fa500000|100%| O|Cm|TAMS 0x00000000fa400000| PB 0x00000000fa400000| Complete 
|1957|0x00000000fa500000, 0x00000000fa600000, 0x00000000fa600000|100%| O|Cm|TAMS 0x00000000fa500000| PB 0x00000000fa500000| Complete 
|1958|0x00000000fa600000, 0x00000000fa700000, 0x00000000fa700000|100%| O|  |TAMS 0x00000000fa600000| PB 0x00000000fa600000| Untracked 
|1959|0x00000000fa700000, 0x00000000fa800000, 0x00000000fa800000|100%| O|Cm|TAMS 0x00000000fa700000| PB 0x00000000fa700000| Complete 
|1960|0x00000000fa800000, 0x00000000fa900000, 0x00000000fa900000|100%| O|Cm|TAMS 0x00000000fa800000| PB 0x00000000fa800000| Complete 
|1961|0x00000000fa900000, 0x00000000faa00000, 0x00000000faa00000|100%| O|Cm|TAMS 0x00000000fa900000| PB 0x00000000fa900000| Complete 
|1962|0x00000000faa00000, 0x00000000fab00000, 0x00000000fab00000|100%| O|  |TAMS 0x00000000faa00000| PB 0x00000000faa00000| Untracked 
|1963|0x00000000fab00000, 0x00000000fac00000, 0x00000000fac00000|100%| O|  |TAMS 0x00000000fab00000| PB 0x00000000fab00000| Untracked 
|1964|0x00000000fac00000, 0x00000000fad00000, 0x00000000fad00000|100%| O|  |TAMS 0x00000000fac00000| PB 0x00000000fac00000| Untracked 
|1965|0x00000000fad00000, 0x00000000fae00000, 0x00000000fae00000|100%| O|  |TAMS 0x00000000fad00000| PB 0x00000000fad00000| Untracked 
|1966|0x00000000fae00000, 0x00000000faf00000, 0x00000000faf00000|100%| O|Cm|TAMS 0x00000000fae00000| PB 0x00000000fae00000| Complete 
|1967|0x00000000faf00000, 0x00000000fb000000, 0x00000000fb000000|100%| O|  |TAMS 0x00000000faf00000| PB 0x00000000faf00000| Untracked 
|1968|0x00000000fb000000, 0x00000000fb100000, 0x00000000fb100000|100%| O|  |TAMS 0x00000000fb000000| PB 0x00000000fb000000| Untracked 
|1969|0x00000000fb100000, 0x00000000fb200000, 0x00000000fb200000|100%| O|  |TAMS 0x00000000fb100000| PB 0x00000000fb100000| Untracked 
|1970|0x00000000fb200000, 0x00000000fb300000, 0x00000000fb300000|100%| O|  |TAMS 0x00000000fb200000| PB 0x00000000fb200000| Untracked 
|1971|0x00000000fb300000, 0x00000000fb400000, 0x00000000fb400000|100%| O|  |TAMS 0x00000000fb300000| PB 0x00000000fb300000| Untracked 
|1972|0x00000000fb400000, 0x00000000fb500000, 0x00000000fb500000|100%| O|  |TAMS 0x00000000fb400000| PB 0x00000000fb400000| Untracked 
|1973|0x00000000fb500000, 0x00000000fb600000, 0x00000000fb600000|100%| O|  |TAMS 0x00000000fb500000| PB 0x00000000fb500000| Untracked 
|1974|0x00000000fb600000, 0x00000000fb700000, 0x00000000fb700000|100%| O|Cm|TAMS 0x00000000fb600000| PB 0x00000000fb600000| Complete 
|1975|0x00000000fb700000, 0x00000000fb800000, 0x00000000fb800000|100%| O|Cm|TAMS 0x00000000fb700000| PB 0x00000000fb700000| Complete 
|1976|0x00000000fb800000, 0x00000000fb900000, 0x00000000fb900000|100%| O|  |TAMS 0x00000000fb800000| PB 0x00000000fb800000| Untracked 
|1977|0x00000000fb900000, 0x00000000fba00000, 0x00000000fba00000|100%| O|  |TAMS 0x00000000fb900000| PB 0x00000000fb900000| Untracked 
|1978|0x00000000fba00000, 0x00000000fbb00000, 0x00000000fbb00000|100%| O|  |TAMS 0x00000000fba00000| PB 0x00000000fba00000| Untracked 
|1979|0x00000000fbb00000, 0x00000000fbc00000, 0x00000000fbc00000|100%| O|  |TAMS 0x00000000fbb00000| PB 0x00000000fbb00000| Untracked 
|1980|0x00000000fbc00000, 0x00000000fbd00000, 0x00000000fbd00000|100%| O|  |TAMS 0x00000000fbc00000| PB 0x00000000fbc00000| Untracked 
|1981|0x00000000fbd00000, 0x00000000fbe00000, 0x00000000fbe00000|100%| O|  |TAMS 0x00000000fbd00000| PB 0x00000000fbd00000| Untracked 
|1982|0x00000000fbe00000, 0x00000000fbf00000, 0x00000000fbf00000|100%| O|  |TAMS 0x00000000fbe00000| PB 0x00000000fbe00000| Untracked 
|1983|0x00000000fbf00000, 0x00000000fc000000, 0x00000000fc000000|100%| O|  |TAMS 0x00000000fbf00000| PB 0x00000000fbf00000| Untracked 
|1984|0x00000000fc000000, 0x00000000fc100000, 0x00000000fc100000|100%| E|CS|TAMS 0x00000000fc000000| PB 0x00000000fc000000| Complete 
|1985|0x00000000fc100000, 0x00000000fc200000, 0x00000000fc200000|100%| E|CS|TAMS 0x00000000fc100000| PB 0x00000000fc100000| Complete 
|1986|0x00000000fc200000, 0x00000000fc300000, 0x00000000fc300000|100%| E|CS|TAMS 0x00000000fc200000| PB 0x00000000fc200000| Complete 
|1987|0x00000000fc300000, 0x00000000fc400000, 0x00000000fc400000|100%| E|CS|TAMS 0x00000000fc300000| PB 0x00000000fc300000| Complete 
|1988|0x00000000fc400000, 0x00000000fc500000, 0x00000000fc500000|100%| E|CS|TAMS 0x00000000fc400000| PB 0x00000000fc400000| Complete 
|1989|0x00000000fc500000, 0x00000000fc600000, 0x00000000fc600000|100%| O|  |TAMS 0x00000000fc500000| PB 0x00000000fc500000| Untracked 
|1990|0x00000000fc600000, 0x00000000fc700000, 0x00000000fc700000|100%| O|  |TAMS 0x00000000fc600000| PB 0x00000000fc600000| Untracked 
|1991|0x00000000fc700000, 0x00000000fc800000, 0x00000000fc800000|100%| E|CS|TAMS 0x00000000fc700000| PB 0x00000000fc700000| Complete 
|1992|0x00000000fc800000, 0x00000000fc900000, 0x00000000fc900000|100%| E|CS|TAMS 0x00000000fc800000| PB 0x00000000fc800000| Complete 
|1993|0x00000000fc900000, 0x00000000fca00000, 0x00000000fca00000|100%| E|CS|TAMS 0x00000000fc900000| PB 0x00000000fc900000| Complete 
|1994|0x00000000fca00000, 0x00000000fcb00000, 0x00000000fcb00000|100%| E|CS|TAMS 0x00000000fca00000| PB 0x00000000fca00000| Complete 
|1995|0x00000000fcb00000, 0x00000000fcc00000, 0x00000000fcc00000|100%| E|CS|TAMS 0x00000000fcb00000| PB 0x00000000fcb00000| Complete 
|1996|0x00000000fcc00000, 0x00000000fcd00000, 0x00000000fcd00000|100%| E|CS|TAMS 0x00000000fcc00000| PB 0x00000000fcc00000| Complete 
|1997|0x00000000fcd00000, 0x00000000fce00000, 0x00000000fce00000|100%| E|CS|TAMS 0x00000000fcd00000| PB 0x00000000fcd00000| Complete 
|1998|0x00000000fce00000, 0x00000000fcf00000, 0x00000000fcf00000|100%| E|CS|TAMS 0x00000000fce00000| PB 0x00000000fce00000| Complete 
|1999|0x00000000fcf00000, 0x00000000fd000000, 0x00000000fd000000|100%| E|CS|TAMS 0x00000000fcf00000| PB 0x00000000fcf00000| Complete 
|2000|0x00000000fd000000, 0x00000000fd100000, 0x00000000fd100000|100%| E|CS|TAMS 0x00000000fd000000| PB 0x00000000fd000000| Complete 
|2001|0x00000000fd100000, 0x00000000fd200000, 0x00000000fd200000|100%| E|CS|TAMS 0x00000000fd100000| PB 0x00000000fd100000| Complete 
|2002|0x00000000fd200000, 0x00000000fd300000, 0x00000000fd300000|100%| E|CS|TAMS 0x00000000fd200000| PB 0x00000000fd200000| Complete 
|2003|0x00000000fd300000, 0x00000000fd400000, 0x00000000fd400000|100%| E|CS|TAMS 0x00000000fd300000| PB 0x00000000fd300000| Complete 
|2004|0x00000000fd400000, 0x00000000fd500000, 0x00000000fd500000|100%| E|CS|TAMS 0x00000000fd400000| PB 0x00000000fd400000| Complete 
|2005|0x00000000fd500000, 0x00000000fd600000, 0x00000000fd600000|100%| E|CS|TAMS 0x00000000fd500000| PB 0x00000000fd500000| Complete 
|2006|0x00000000fd600000, 0x00000000fd700000, 0x00000000fd700000|100%| E|CS|TAMS 0x00000000fd600000| PB 0x00000000fd600000| Complete 
|2007|0x00000000fd700000, 0x00000000fd800000, 0x00000000fd800000|100%| E|CS|TAMS 0x00000000fd700000| PB 0x00000000fd700000| Complete 
|2008|0x00000000fd800000, 0x00000000fd900000, 0x00000000fd900000|100%| E|CS|TAMS 0x00000000fd800000| PB 0x00000000fd800000| Complete 
|2009|0x00000000fd900000, 0x00000000fda00000, 0x00000000fda00000|100%| E|CS|TAMS 0x00000000fd900000| PB 0x00000000fd900000| Complete 
|2010|0x00000000fda00000, 0x00000000fdb00000, 0x00000000fdb00000|100%| E|CS|TAMS 0x00000000fda00000| PB 0x00000000fda00000| Complete 
|2011|0x00000000fdb00000, 0x00000000fdc00000, 0x00000000fdc00000|100%| E|CS|TAMS 0x00000000fdb00000| PB 0x00000000fdb00000| Complete 
|2012|0x00000000fdc00000, 0x00000000fdd00000, 0x00000000fdd00000|100%| E|CS|TAMS 0x00000000fdc00000| PB 0x00000000fdc00000| Complete 
|2013|0x00000000fdd00000, 0x00000000fde00000, 0x00000000fde00000|100%| E|CS|TAMS 0x00000000fdd00000| PB 0x00000000fdd00000| Complete 
|2014|0x00000000fde00000, 0x00000000fdf00000, 0x00000000fdf00000|100%| E|CS|TAMS 0x00000000fde00000| PB 0x00000000fde00000| Complete 
|2015|0x00000000fdf00000, 0x00000000fe000000, 0x00000000fe000000|100%| E|CS|TAMS 0x00000000fdf00000| PB 0x00000000fdf00000| Complete 
|2016|0x00000000fe000000, 0x00000000fe100000, 0x00000000fe100000|100%| E|CS|TAMS 0x00000000fe000000| PB 0x00000000fe000000| Complete 
|2017|0x00000000fe100000, 0x00000000fe200000, 0x00000000fe200000|100%| E|CS|TAMS 0x00000000fe100000| PB 0x00000000fe100000| Complete 
|2018|0x00000000fe200000, 0x00000000fe275ed0, 0x00000000fe300000| 46%| S|CS|TAMS 0x00000000fe200000| PB 0x00000000fe200000| Complete 
|2019|0x00000000fe300000, 0x00000000fe400000, 0x00000000fe400000|100%| S|CS|TAMS 0x00000000fe300000| PB 0x00000000fe300000| Complete 
|2020|0x00000000fe400000, 0x00000000fe500000, 0x00000000fe500000|100%| S|CS|TAMS 0x00000000fe400000| PB 0x00000000fe400000| Complete 
|2021|0x00000000fe500000, 0x00000000fe600000, 0x00000000fe600000|100%| S|CS|TAMS 0x00000000fe500000| PB 0x00000000fe500000| Complete 
|2022|0x00000000fe600000, 0x00000000fe700000, 0x00000000fe700000|100%| S|CS|TAMS 0x00000000fe600000| PB 0x00000000fe600000| Complete 
|2023|0x00000000fe700000, 0x00000000fe800000, 0x00000000fe800000|100%| S|CS|TAMS 0x00000000fe700000| PB 0x00000000fe700000| Complete 
|2024|0x00000000fe800000, 0x00000000fe900000, 0x00000000fe900000|100%| S|CS|TAMS 0x00000000fe800000| PB 0x00000000fe800000| Complete 
|2025|0x00000000fe900000, 0x00000000fea00000, 0x00000000fea00000|100%| S|CS|TAMS 0x00000000fe900000| PB 0x00000000fe900000| Complete 
|2026|0x00000000fea00000, 0x00000000feb00000, 0x00000000feb00000|100%| S|CS|TAMS 0x00000000fea00000| PB 0x00000000fea00000| Complete 
|2027|0x00000000feb00000, 0x00000000fec00000, 0x00000000fec00000|100%| S|CS|TAMS 0x00000000feb00000| PB 0x00000000feb00000| Complete 
|2028|0x00000000fec00000, 0x00000000fed00000, 0x00000000fed00000|100%| O|  |TAMS 0x00000000fec00000| PB 0x00000000fec00000| Untracked 
|2029|0x00000000fed00000, 0x00000000fee00000, 0x00000000fee00000|100%| O|  |TAMS 0x00000000fed00000| PB 0x00000000fed00000| Untracked 
|2030|0x00000000fee00000, 0x00000000fef00000, 0x00000000fef00000|100%| O|  |TAMS 0x00000000fee00000| PB 0x00000000fee00000| Untracked 
|2031|0x00000000fef00000, 0x00000000ff000000, 0x00000000ff000000|100%| S|CS|TAMS 0x00000000fef00000| PB 0x00000000fef00000| Complete 
|2032|0x00000000ff000000, 0x00000000ff100000, 0x00000000ff100000|100%| S|CS|TAMS 0x00000000ff000000| PB 0x00000000ff000000| Complete 
|2033|0x00000000ff100000, 0x00000000ff200000, 0x00000000ff200000|100%| S|CS|TAMS 0x00000000ff100000| PB 0x00000000ff100000| Complete 
|2034|0x00000000ff200000, 0x00000000ff300000, 0x00000000ff300000|100%| S|CS|TAMS 0x00000000ff200000| PB 0x00000000ff200000| Complete 
|2035|0x00000000ff300000, 0x00000000ff400000, 0x00000000ff400000|100%| O|  |TAMS 0x00000000ff300000| PB 0x00000000ff300000| Untracked 
|2036|0x00000000ff400000, 0x00000000ff500000, 0x00000000ff500000|100%| O|  |TAMS 0x00000000ff400000| PB 0x00000000ff400000| Untracked 
|2037|0x00000000ff500000, 0x00000000ff600000, 0x00000000ff600000|100%| O|  |TAMS 0x00000000ff500000| PB 0x00000000ff500000| Untracked 
|2038|0x00000000ff600000, 0x00000000ff700000, 0x00000000ff700000|100%| E|CS|TAMS 0x00000000ff600000| PB 0x00000000ff600000| Complete 
|2039|0x00000000ff700000, 0x00000000ff800000, 0x00000000ff800000|100%| O|  |TAMS 0x00000000ff700000| PB 0x00000000ff700000| Untracked 
|2040|0x00000000ff800000, 0x00000000ff900000, 0x00000000ff900000|100%| O|  |TAMS 0x00000000ff800000| PB 0x00000000ff800000| Untracked 
|2041|0x00000000ff900000, 0x00000000ffa00000, 0x00000000ffa00000|100%| O|  |TAMS 0x00000000ff900000| PB 0x00000000ff900000| Untracked 
|2042|0x00000000ffa00000, 0x00000000ffb00000, 0x00000000ffb00000|100%| O|  |TAMS 0x00000000ffa00000| PB 0x00000000ffa00000| Untracked 
|2043|0x00000000ffb00000, 0x00000000ffc00000, 0x00000000ffc00000|100%| O|  |TAMS 0x00000000ffb00000| PB 0x00000000ffb00000| Untracked 
|2044|0x00000000ffc00000, 0x00000000ffd00000, 0x00000000ffd00000|100%| E|CS|TAMS 0x00000000ffc00000| PB 0x00000000ffc00000| Complete 
|2045|0x00000000ffd00000, 0x00000000ffe00000, 0x00000000ffe00000|100%| E|CS|TAMS 0x00000000ffd00000| PB 0x00000000ffd00000| Complete 
|2046|0x00000000ffe00000, 0x00000000fff00000, 0x00000000fff00000|100%| E|CS|TAMS 0x00000000ffe00000| PB 0x00000000ffe00000| Complete 
|2047|0x00000000fff00000, 0x0000000100000000, 0x0000000100000000|100%| E|CS|TAMS 0x00000000fff00000| PB 0x00000000fff00000| Complete 

Card table byte_map: [0x000001a8cc0e0000,0x000001a8cc4e0000] _byte_map_base: 0x000001a8cbce0000

Marking Bits: (CMBitMap*) 0x000001a8b73b61b0
 Bits: [0x000001a8cc4e0000, 0x000001a8ce4e0000)

Polling page: 0x000001a8b7420000

Metaspace:

Usage:
  Non-class:    216.63 MB used.
      Class:     31.33 MB used.
       Both:    247.96 MB used.

Virtual space:
  Non-class space:      256.00 MB reserved,     218.31 MB ( 85%) committed,  4 nodes.
      Class space:        1.00 GB reserved,      33.06 MB (  3%) committed,  1 nodes.
             Both:        1.25 GB reserved,     251.38 MB ( 20%) committed. 

Chunk freelists:
   Non-Class:  4.91 MB
       Class:  14.79 MB
        Both:  19.69 MB

MaxMetaspaceSize: unlimited
CompressedClassSpaceSize: 1.00 GB
Initial GC threshold: 21.00 MB
Current GC threshold: 418.38 MB
CDS: off
 - commit_granule_bytes: 65536.
 - commit_granule_words: 8192.
 - virtual_space_node_default_size: 8388608.
 - enlarge_chunks_in_place: 1.
 - use_allocation_guard: 0.


Internal statistics:

num_allocs_failed_limit: 3.
num_arena_births: 6692.
num_arena_deaths: 16.
num_vsnodes_births: 5.
num_vsnodes_deaths: 0.
num_space_committed: 4019.
num_space_uncommitted: 0.
num_chunks_returned_to_freelist: 27.
num_chunks_taken_from_freelist: 17573.
num_chunk_merges: 12.
num_chunk_splits: 11956.
num_chunks_enlarged: 8117.
num_inconsistent_stats: 0.

CodeHeap 'non-profiled nmethods': size=119168Kb used=23686Kb max_used=24723Kb free=95481Kb
 bounds [0x000001a8c38b0000, 0x000001a8c50e0000, 0x000001a8cad10000]
CodeHeap 'profiled nmethods': size=119104Kb used=56356Kb max_used=61315Kb free=62747Kb
 bounds [0x000001a8bbd10000, 0x000001a8bf900000, 0x000001a8c3160000]
CodeHeap 'non-nmethods': size=7488Kb used=3354Kb max_used=5123Kb free=4133Kb
 bounds [0x000001a8c3160000, 0x000001a8c3670000, 0x000001a8c38b0000]
 total_blobs=26888 nmethods=25550 adapters=1236
 compilation: enabled
              stopped_count=0, restarted_count=0
 full_count=0

Compilation events (20 events):
Event: 1705.815 Thread 0x000001a8d1798fb0 47860       3       com.sun.org.apache.xerces.internal.impl.XMLDocumentFragmentScannerImpl::getPropertyDefault (36 bytes)
Event: 1705.815 Thread 0x000001a8d1798fb0 nmethod 47860 0x000001a8bc691f10 code [0x000001a8bc6920e0, 0x000001a8bc692370]
Event: 1705.816 Thread 0x000001a8d1798fb0 47861       3       com.sun.org.apache.xerces.internal.util.XMLAttributesImpl::checkDuplicatesNS (110 bytes)
Event: 1705.817 Thread 0x000001a8d1798fb0 nmethod 47861 0x000001a8bc3e3290 code [0x000001a8bc3e3480, 0x000001a8bc3e3870]
Event: 1705.826 Thread 0x000001a8d17979b0 47862 %     4       java.lang.StringUTF16::compress @ 3 (50 bytes)
Event: 1705.828 Thread 0x000001a8d17979b0 nmethod 47862% 0x000001a8c470e990 code [0x000001a8c470eb40, 0x000001a8c470ef08]
Event: 1705.877 Thread 0x000001a8d17979b0 47863       4       com.android.zipflinger.Entry::<init> (32 bytes)
Event: 1705.878 Thread 0x000001a8d17979b0 nmethod 47863 0x000001a8c43d1410 code [0x000001a8c43d15c0, 0x000001a8c43d19d8]
Event: 1705.881 Thread 0x000001a8d17979b0 47864       4       com.android.zipflinger.ZipMap::checkPolicy (99 bytes)
Event: 1705.882 Thread 0x000001a8d17979b0 nmethod 47864 0x000001a8c4177510 code [0x000001a8c41776a0, 0x000001a8c41777e0]
Event: 1705.882 Thread 0x000001a8d17979b0 47865       4       com.android.zipflinger.ZipMap::readLocalFields (67 bytes)
Event: 1705.884 Thread 0x000001a8d17979b0 nmethod 47865 0x000001a8c44d5b90 code [0x000001a8c44d5d40, 0x000001a8c44d6090]
Event: 1706.011 Thread 0x000001a8d17979b0 47866       4       java.lang.Math::toIntExact (21 bytes)
Event: 1706.011 Thread 0x000001a8d17979b0 nmethod 47866 0x000001a8c40f9810 code [0x000001a8c40f99a0, 0x000001a8c40f9a38]
Event: 1706.251 Thread 0x000001a8d17979b0 47867       4       java.util.concurrent.ThreadLocalRandom::getProbe (13 bytes)
Event: 1706.251 Thread 0x000001a8d1798fb0 47868       3       jdk.internal.vm.SharedThreadContainer::start (26 bytes)
Event: 1706.252 Thread 0x000001a8d17979b0 nmethod 47867 0x000001a8c4123410 code [0x000001a8c4123580, 0x000001a8c41235f8]
Event: 1706.253 Thread 0x000001a8d1798fb0 nmethod 47868 0x000001a8bcf81690 code [0x000001a8bcf81860, 0x000001a8bcf81b98]
Event: 1706.253 Thread 0x000001a8d1798fb0 47869       3       java.lang.System$2::start (6 bytes)
Event: 1706.253 Thread 0x000001a8d1798fb0 nmethod 47869 0x000001a8bcd75710 code [0x000001a8bcd758c0, 0x000001a8bcd75a90]

GC Heap History (20 events):
Event: 111.552 GC heap before
{Heap before GC invocations=76 (full 0):
 garbage-first heap   total 703488K, used 545518K [0x0000000080000000, 0x0000000100000000)
  region size 1024K, 196 young (200704K), 4 survivors (4096K)
 Metaspace       used 235816K, committed 239040K, reserved 1310720K
  class space    used 30476K, committed 32128K, reserved 1048576K
}
Event: 111.586 GC heap after
{Heap after GC invocations=77 (full 0):
 garbage-first heap   total 703488K, used 352792K [0x0000000080000000, 0x0000000100000000)
  region size 1024K, 16 young (16384K), 16 survivors (16384K)
 Metaspace       used 235816K, committed 239040K, reserved 1310720K
  class space    used 30476K, committed 32128K, reserved 1048576K
}
Event: 111.592 GC heap before
{Heap before GC invocations=77 (full 0):
 garbage-first heap   total 703488K, used 356888K [0x0000000080000000, 0x0000000100000000)
  region size 1024K, 17 young (17408K), 16 survivors (16384K)
 Metaspace       used 235816K, committed 239040K, reserved 1310720K
  class space    used 30476K, committed 32128K, reserved 1048576K
}
Event: 111.603 GC heap after
{Heap after GC invocations=78 (full 0):
 garbage-first heap   total 703488K, used 357510K [0x0000000080000000, 0x0000000100000000)
  region size 1024K, 16 young (16384K), 16 survivors (16384K)
 Metaspace       used 235816K, committed 239040K, reserved 1310720K
  class space    used 30476K, committed 32128K, reserved 1048576K
}
Event: 208.674 GC heap before
{Heap before GC invocations=79 (full 0):
 garbage-first heap   total 925696K, used 859270K [0x0000000080000000, 0x0000000100000000)
  region size 1024K, 291 young (297984K), 16 survivors (16384K)
 Metaspace       used 238412K, committed 241728K, reserved 1310720K
  class space    used 30811K, committed 32512K, reserved 1048576K
}
Event: 208.743 GC heap after
{Heap after GC invocations=80 (full 0):
 garbage-first heap   total 925696K, used 331145K [0x0000000080000000, 0x0000000100000000)
  region size 1024K, 37 young (37888K), 37 survivors (37888K)
 Metaspace       used 238412K, committed 241728K, reserved 1310720K
  class space    used 30811K, committed 32512K, reserved 1048576K
}
Event: 211.354 GC heap before
{Heap before GC invocations=80 (full 0):
 garbage-first heap   total 925696K, used 439689K [0x0000000080000000, 0x0000000100000000)
  region size 1024K, 144 young (147456K), 37 survivors (37888K)
 Metaspace       used 242802K, committed 246208K, reserved 1310720K
  class space    used 31191K, committed 32896K, reserved 1048576K
}
Event: 211.373 GC heap after
{Heap after GC invocations=81 (full 0):
 garbage-first heap   total 925696K, used 338851K [0x0000000080000000, 0x0000000100000000)
  region size 1024K, 48 young (49152K), 48 survivors (49152K)
 Metaspace       used 242802K, committed 246208K, reserved 1310720K
  class space    used 31191K, committed 32896K, reserved 1048576K
}
Event: 1188.880 GC heap before
{Heap before GC invocations=82 (full 0):
 garbage-first heap   total 925696K, used 847779K [0x0000000080000000, 0x0000000100000000)
  region size 1024K, 521 young (533504K), 48 survivors (49152K)
 Metaspace       used 251832K, committed 255296K, reserved 1310720K
  class space    used 32021K, committed 33792K, reserved 1048576K
}
Event: 1189.046 GC heap after
{Heap after GC invocations=83 (full 0):
 garbage-first heap   total 931840K, used 371740K [0x0000000080000000, 0x0000000100000000)
  region size 1024K, 51 young (52224K), 51 survivors (52224K)
 Metaspace       used 251832K, committed 255296K, reserved 1310720K
  class space    used 32021K, committed 33792K, reserved 1048576K
}
Event: 1194.104 GC heap before
{Heap before GC invocations=83 (full 0):
 garbage-first heap   total 931840K, used 886812K [0x0000000080000000, 0x0000000100000000)
  region size 1024K, 488 young (499712K), 51 survivors (52224K)
 Metaspace       used 252013K, committed 255488K, reserved 1310720K
  class space    used 32022K, committed 33792K, reserved 1048576K
}
Event: 1194.185 GC heap after
{Heap after GC invocations=84 (full 0):
 garbage-first heap   total 1036288K, used 485849K [0x0000000080000000, 0x0000000100000000)
  region size 1024K, 61 young (62464K), 61 survivors (62464K)
 Metaspace       used 252013K, committed 255488K, reserved 1310720K
  class space    used 32022K, committed 33792K, reserved 1048576K
}
Event: 1194.289 GC heap before
{Heap before GC invocations=84 (full 0):
 garbage-first heap   total 1036288K, used 496089K [0x0000000080000000, 0x0000000100000000)
  region size 1024K, 72 young (73728K), 61 survivors (62464K)
 Metaspace       used 252013K, committed 255488K, reserved 1310720K
  class space    used 32022K, committed 33792K, reserved 1048576K
}
Event: 1194.330 GC heap after
{Heap after GC invocations=85 (full 0):
 garbage-first heap   total 1036288K, used 490457K [0x0000000080000000, 0x0000000100000000)
  region size 1024K, 2 young (2048K), 2 survivors (2048K)
 Metaspace       used 252013K, committed 255488K, reserved 1310720K
  class space    used 32022K, committed 33792K, reserved 1048576K
}
Event: 1260.947 GC heap before
{Heap before GC invocations=86 (full 0):
 garbage-first heap   total 1136640K, used 1134553K [0x0000000080000000, 0x0000000100000000)
  region size 1024K, 332 young (339968K), 2 survivors (2048K)
 Metaspace       used 252795K, committed 256320K, reserved 1310720K
  class space    used 32067K, committed 33856K, reserved 1048576K
}
Event: 1261.016 GC heap after
{Heap after GC invocations=87 (full 0):
 garbage-first heap   total 1139712K, used 470447K [0x0000000080000000, 0x0000000100000000)
  region size 1024K, 3 young (3072K), 3 survivors (3072K)
 Metaspace       used 252795K, committed 256320K, reserved 1310720K
  class space    used 32067K, committed 33856K, reserved 1048576K
}
Event: 1544.345 GC heap before
{Heap before GC invocations=87 (full 0):
 garbage-first heap   total 1139712K, used 1138095K [0x0000000080000000, 0x0000000100000000)
  region size 1024K, 372 young (380928K), 3 survivors (3072K)
 Metaspace       used 253532K, committed 257024K, reserved 1310720K
  class space    used 32075K, committed 33856K, reserved 1048576K
}
Event: 1544.425 GC heap after
{Heap after GC invocations=88 (full 0):
 garbage-first heap   total 1160192K, used 443846K [0x0000000080000000, 0x0000000100000000)
  region size 1024K, 13 young (13312K), 13 survivors (13312K)
 Metaspace       used 253532K, committed 257024K, reserved 1310720K
  class space    used 32075K, committed 33856K, reserved 1048576K
}
Event: 1544.495 GC heap before
{Heap before GC invocations=88 (full 0):
 garbage-first heap   total 1160192K, used 446918K [0x0000000080000000, 0x0000000100000000)
  region size 1024K, 18 young (18432K), 13 survivors (13312K)
 Metaspace       used 253532K, committed 257024K, reserved 1310720K
  class space    used 32075K, committed 33856K, reserved 1048576K
}
Event: 1544.524 GC heap after
{Heap after GC invocations=89 (full 0):
 garbage-first heap   total 1160192K, used 444849K [0x0000000080000000, 0x0000000100000000)
  region size 1024K, 14 young (14336K), 14 survivors (14336K)
 Metaspace       used 253532K, committed 257024K, reserved 1310720K
  class space    used 32075K, committed 33856K, reserved 1048576K
}

Dll operation events (3 events):
Event: 0.006 Loaded shared library C:\Program Files\Android\Android Studio\jbr\bin\java.dll
Event: 0.009 Loaded shared library C:\Program Files\Android\Android Studio\jbr\bin\zip.dll
Event: 0.287 Loaded shared library C:\Program Files\Android\Android Studio\jbr\bin\verify.dll

Deoptimization events (20 events):
Event: 1699.785 Thread 0x000001a8ee101ab0 DEOPT PACKING pc=0x000001a8bf4a0555 sp=0x00000057b07fc4a0
Event: 1699.785 Thread 0x000001a8ee101ab0 DEOPT UNPACKING pc=0x000001a8c31b4e42 sp=0x00000057b07fb900 mode 0
Event: 1704.713 Thread 0x000001a8da588bd0 Uncommon trap: trap_request=0xffffff45 fr.pc=0x000001a8c417f9dc relative=0x00000000000007dc
Event: 1704.713 Thread 0x000001a8da588bd0 Uncommon trap: reason=unstable_if action=reinterpret pc=0x000001a8c417f9dc method=org.objectweb.asm.ClassReader.readUtf(II[C)Ljava/lang/String; @ 69 c2
Event: 1704.713 Thread 0x000001a8da588bd0 DEOPT PACKING pc=0x000001a8c417f9dc sp=0x00000057b08fb7d0
Event: 1704.713 Thread 0x000001a8da588bd0 DEOPT UNPACKING pc=0x000001a8c31b46a2 sp=0x00000057b08fb770 mode 2
Event: 1705.248 Thread 0x000001a8f80bb690 Uncommon trap: trap_request=0xffffff6e fr.pc=0x000001a8c50a9f6c relative=0x0000000000000c0c
Event: 1705.248 Thread 0x000001a8f80bb690 Uncommon trap: reason=loop_limit_check action=maybe_recompile pc=0x000001a8c50a9f6c method=com.android.tools.r8.internal.T.putAll(Ljava/util/Map;)V @ 31 c2
Event: 1705.248 Thread 0x000001a8f80bb690 DEOPT PACKING pc=0x000001a8c50a9f6c sp=0x00000057b37fd030
Event: 1705.249 Thread 0x000001a8f80bb690 DEOPT UNPACKING pc=0x000001a8c31b46a2 sp=0x00000057b37fd040 mode 2
Event: 1705.250 Thread 0x000001a8f80bb690 Uncommon trap: trap_request=0xffffff6e fr.pc=0x000001a8c3edd1f0 relative=0x0000000000000a90
Event: 1705.250 Thread 0x000001a8f80bb690 Uncommon trap: reason=loop_limit_check action=maybe_recompile pc=0x000001a8c3edd1f0 method=java.util.AbstractCollection.containsAll(Ljava/util/Collection;)Z @ 13 c2
Event: 1705.250 Thread 0x000001a8f80bb690 DEOPT PACKING pc=0x000001a8c3edd1f0 sp=0x00000057b37fcfa0
Event: 1705.250 Thread 0x000001a8f80bb690 DEOPT UNPACKING pc=0x000001a8c31b46a2 sp=0x00000057b37fcf18 mode 2
Event: 1705.385 Thread 0x000001a8f80bb690 DEOPT PACKING pc=0x000001a8bc752bf7 sp=0x00000057b37fd130
Event: 1705.385 Thread 0x000001a8f80bb690 DEOPT UNPACKING pc=0x000001a8c31b4e42 sp=0x00000057b37fc6a8 mode 0
Event: 1705.497 Thread 0x000001a8f80bb690 Uncommon trap: trap_request=0xffffff6e fr.pc=0x000001a8c4531aec relative=0x0000000000000a8c
Event: 1705.498 Thread 0x000001a8f80bb690 Uncommon trap: reason=loop_limit_check action=maybe_recompile pc=0x000001a8c4531aec method=com.android.tools.r8.internal.BG.a()I @ 64 c2
Event: 1705.498 Thread 0x000001a8f80bb690 DEOPT PACKING pc=0x000001a8c4531aec sp=0x00000057b37fd050
Event: 1705.498 Thread 0x000001a8f80bb690 DEOPT UNPACKING pc=0x000001a8c31b46a2 sp=0x00000057b37fcf40 mode 2

Classes loaded (20 events):
Event: 72.741 Loading class javax/management/ReflectionException
Event: 72.741 Loading class javax/management/ReflectionException done
Event: 72.741 Loading class javax/management/InstanceNotFoundException
Event: 72.742 Loading class javax/management/InstanceNotFoundException done
Event: 93.946 Loading class java/lang/StackStreamFactory
Event: 93.948 Loading class java/lang/StackStreamFactory done
Event: 93.948 Loading class java/lang/StackWalker$ExtendedOption
Event: 93.948 Loading class java/lang/StackWalker$ExtendedOption done
Event: 93.948 Loading class java/lang/StackStreamFactory$StackFrameTraverser
Event: 93.950 Loading class java/lang/StackStreamFactory$StackFrameTraverser done
Event: 93.950 Loading class java/lang/StackStreamFactory$WalkerState
Event: 93.950 Loading class java/lang/StackStreamFactory$WalkerState done
Event: 93.950 Loading class java/lang/StackStreamFactory$StackFrameTraverser$StackFrameBuffer
Event: 93.950 Loading class java/lang/StackStreamFactory$FrameBuffer
Event: 93.951 Loading class java/lang/StackStreamFactory$FrameBuffer done
Event: 93.951 Loading class java/lang/StackStreamFactory$StackFrameTraverser$StackFrameBuffer done
Event: 93.951 Loading class java/util/logging/LogRecord
Event: 93.953 Loading class java/util/logging/LogRecord done
Event: 110.978 Loading class java/rmi/server/Unreferenced
Event: 110.979 Loading class java/rmi/server/Unreferenced done

Classes unloaded (8 events):
Event: 112.148 Thread 0x000001a8d1562e80 Unloading class 0x0000000101e5c400 'java/lang/invoke/LambdaForm$DMH+0x0000000101e5c400'
Event: 112.149 Thread 0x000001a8d1562e80 Unloading class 0x0000000101e39400 'jdk/internal/reflect/GeneratedSerializationConstructorAccessor361'
Event: 112.149 Thread 0x000001a8d1562e80 Unloading class 0x0000000101e38c00 'jdk/internal/reflect/GeneratedSerializationConstructorAccessor360'
Event: 112.149 Thread 0x000001a8d1562e80 Unloading class 0x0000000101e39000 'jdk/internal/reflect/GeneratedSerializationConstructorAccessor359'
Event: 112.149 Thread 0x000001a8d1562e80 Unloading class 0x0000000101e38800 'jdk/internal/reflect/GeneratedSerializationConstructorAccessor358'
Event: 112.149 Thread 0x000001a8d1562e80 Unloading class 0x0000000101e38400 'jdk/internal/reflect/GeneratedSerializationConstructorAccessor356'
Event: 112.149 Thread 0x000001a8d1562e80 Unloading class 0x0000000101e38000 'jdk/internal/reflect/GeneratedSerializationConstructorAccessor357'
Event: 112.149 Thread 0x000001a8d1562e80 Unloading class 0x0000000101e32c00 'jdk/internal/reflect/GeneratedSerializationConstructorAccessor355'

Classes redefined (0 events):
No events

Internal exceptions (20 events):
Event: 1546.324 Thread 0x000001a8e683b5b0 Exception <a 'sun/nio/fs/WindowsException'{0x00000000fcabab40}> (0x00000000fcabab40) 
thrown [s\src\hotspot\share\prims\jni.cpp, line 535]
Event: 1546.324 Thread 0x000001a8e683b5b0 Exception <a 'sun/nio/fs/WindowsException'{0x00000000fcabb648}> (0x00000000fcabb648) 
thrown [s\src\hotspot\share\prims\jni.cpp, line 535]
Event: 1546.324 Thread 0x000001a8e683b5b0 Exception <a 'sun/nio/fs/WindowsException'{0x00000000fcabc1a8}> (0x00000000fcabc1a8) 
thrown [s\src\hotspot\share\prims\jni.cpp, line 535]
Event: 1546.330 Thread 0x000001a8e683b5b0 Exception <a 'sun/nio/fs/WindowsException'{0x00000000fcac6ce8}> (0x00000000fcac6ce8) 
thrown [s\src\hotspot\share\prims\jni.cpp, line 535]
Event: 1695.469 Thread 0x000001a8e51d4570 Exception <a 'sun/nio/fs/WindowsException'{0x00000000f9650138}> (0x00000000f9650138) 
thrown [s\src\hotspot\share\prims\jni.cpp, line 535]
Event: 1695.476 Thread 0x000001a8e51d4570 Exception <a 'sun/nio/fs/WindowsException'{0x00000000f9651528}> (0x00000000f9651528) 
thrown [s\src\hotspot\share\prims\jni.cpp, line 535]
Event: 1695.477 Thread 0x000001a8e51d4570 Exception <a 'sun/nio/fs/WindowsException'{0x00000000f9652908}> (0x00000000f9652908) 
thrown [s\src\hotspot\share\prims\jni.cpp, line 535]
Event: 1695.477 Thread 0x000001a8e51d4570 Exception <a 'sun/nio/fs/WindowsException'{0x00000000f96539a8}> (0x00000000f96539a8) 
thrown [s\src\hotspot\share\prims\jni.cpp, line 535]
Event: 1696.095 Thread 0x000001a8e51d4570 Exception <a 'sun/nio/fs/WindowsException'{0x00000000bdea3ce0}> (0x00000000bdea3ce0) 
thrown [s\src\hotspot\share\prims\jni.cpp, line 535]
Event: 1696.097 Thread 0x000001a8e51d4570 Exception <a 'sun/nio/fs/WindowsException'{0x00000000bdea5298}> (0x00000000bdea5298) 
thrown [s\src\hotspot\share\prims\jni.cpp, line 535]
Event: 1696.117 Thread 0x000001a8e51d4570 Exception <a 'sun/nio/fs/WindowsException'{0x00000000bdea8500}> (0x00000000bdea8500) 
thrown [s\src\hotspot\share\prims\jni.cpp, line 535]
Event: 1698.664 Thread 0x000001a8e51d4570 Exception <a 'sun/nio/fs/WindowsException'{0x00000000bb331198}> (0x00000000bb331198) 
thrown [s\src\hotspot\share\prims\jni.cpp, line 535]
Event: 1698.664 Thread 0x000001a8e51d4570 Exception <a 'sun/nio/fs/WindowsException'{0x00000000bb332428}> (0x00000000bb332428) 
thrown [s\src\hotspot\share\prims\jni.cpp, line 535]
Event: 1698.664 Thread 0x000001a8e51d4570 Exception <a 'sun/nio/fs/WindowsException'{0x00000000bb333708}> (0x00000000bb333708) 
thrown [s\src\hotspot\share\prims\jni.cpp, line 535]
Event: 1698.665 Thread 0x000001a8e51d4570 Exception <a 'sun/nio/fs/WindowsException'{0x00000000bb3349e8}> (0x00000000bb3349e8) 
thrown [s\src\hotspot\share\prims\jni.cpp, line 535]
Event: 1699.139 Thread 0x000001a8ef0fb660 Exception <a 'sun/nio/fs/WindowsException'{0x00000000bad23a40}> (0x00000000bad23a40) 
thrown [s\src\hotspot\share\prims\jni.cpp, line 535]
Event: 1700.046 Thread 0x000001a8da586470 Exception <a 'sun/nio/fs/WindowsException'{0x00000000bacdd6f0}> (0x00000000bacdd6f0) 
thrown [s\src\hotspot\share\prims\jni.cpp, line 535]
Event: 1705.601 Thread 0x000001a8f80bb690 Exception <a 'sun/nio/fs/WindowsException'{0x00000000b586fdf8}> (0x00000000b586fdf8) 
thrown [s\src\hotspot\share\prims\jni.cpp, line 535]
Event: 1705.665 Thread 0x000001a8eff9b1b0 Exception <a 'sun/nio/fs/WindowsException'{0x00000000b575f718}> (0x00000000b575f718) 
thrown [s\src\hotspot\share\prims\jni.cpp, line 535]
Event: 1705.742 Thread 0x000001a8f80b95c0 Exception <a 'sun/nio/fs/WindowsException'{0x00000000b56dc8e8}> (0x00000000b56dc8e8) 
thrown [s\src\hotspot\share\prims\jni.cpp, line 535]

ZGC Phase Switch (0 events):
No events

VM Operations (20 events):
Event: 1563.488 Executing VM operation: RendezvousGCThreads
Event: 1563.488 Executing VM operation: RendezvousGCThreads done
Event: 1651.537 Executing VM operation: Cleanup
Event: 1651.537 Executing VM operation: Cleanup done
Event: 1695.555 Executing VM operation: Cleanup
Event: 1695.556 Executing VM operation: Cleanup done
Event: 1696.556 Executing VM operation: Cleanup
Event: 1696.559 Executing VM operation: Cleanup done
Event: 1697.560 Executing VM operation: Cleanup
Event: 1697.560 Executing VM operation: Cleanup done
Event: 1699.561 Executing VM operation: Cleanup
Event: 1699.561 Executing VM operation: Cleanup done
Event: 1700.561 Executing VM operation: Cleanup
Event: 1700.562 Executing VM operation: Cleanup done
Event: 1703.563 Executing VM operation: Cleanup
Event: 1703.563 Executing VM operation: Cleanup done
Event: 1705.564 Executing VM operation: Cleanup
Event: 1705.565 Executing VM operation: Cleanup done
Event: 1706.565 Executing VM operation: Cleanup
Event: 1706.578 Executing VM operation: Cleanup done

Memory protections (0 events):
No events

Nmethod flushes (20 events):
Event: 1546.037 Thread 0x000001a8d1562e80 flushing  nmethod 0x000001a8be1cd990
Event: 1546.038 Thread 0x000001a8d1562e80 flushing  nmethod 0x000001a8be2fff90
Event: 1546.038 Thread 0x000001a8d1562e80 flushing  nmethod 0x000001a8be301810
Event: 1546.038 Thread 0x000001a8d1562e80 flushing  nmethod 0x000001a8be3a7c90
Event: 1546.038 Thread 0x000001a8d1562e80 flushing  nmethod 0x000001a8be472290
Event: 1546.038 Thread 0x000001a8d1562e80 flushing  nmethod 0x000001a8be473590
Event: 1546.038 Thread 0x000001a8d1562e80 flushing  nmethod 0x000001a8be477290
Event: 1546.038 Thread 0x000001a8d1562e80 flushing  nmethod 0x000001a8be477590
Event: 1546.038 Thread 0x000001a8d1562e80 flushing  nmethod 0x000001a8be477d90
Event: 1546.038 Thread 0x000001a8d1562e80 flushing  nmethod 0x000001a8be57db10
Event: 1546.038 Thread 0x000001a8d1562e80 flushing  nmethod 0x000001a8be57ef10
Event: 1546.038 Thread 0x000001a8d1562e80 flushing  nmethod 0x000001a8be5f7a90
Event: 1546.038 Thread 0x000001a8d1562e80 flushing  nmethod 0x000001a8be5fc590
Event: 1546.038 Thread 0x000001a8d1562e80 flushing  nmethod 0x000001a8be644410
Event: 1546.038 Thread 0x000001a8d1562e80 flushing  nmethod 0x000001a8be680890
Event: 1546.039 Thread 0x000001a8d1562e80 flushing  nmethod 0x000001a8be6fcf10
Event: 1546.039 Thread 0x000001a8d1562e80 flushing  nmethod 0x000001a8beba8590
Event: 1546.039 Thread 0x000001a8d1562e80 flushing  nmethod 0x000001a8bebb4890
Event: 1546.039 Thread 0x000001a8d1562e80 flushing  nmethod 0x000001a8beec5290
Event: 1546.039 Thread 0x000001a8d1562e80 flushing  nmethod 0x000001a8bf530b10

Events (20 events):
Event: 1704.987 Thread 0x000001a8da588bd0 Thread added: 0x000001a8e5d0cc40
Event: 1704.990 Thread 0x000001a8da588bd0 Thread added: 0x000001a8e5d0e680
Event: 1705.238 Thread 0x000001a8e68823e0 Thread exited: 0x000001a8e68823e0
Event: 1705.312 Thread 0x000001a8d17979b0 Thread added: 0x000001a8e68823e0
Event: 1705.669 Thread 0x000001a8e68823e0 Thread exited: 0x000001a8e68823e0
Event: 1705.897 Thread 0x000001a8f80b9c50 Thread added: 0x000001a8eff990e0
Event: 1706.238 Thread 0x000001a8eff990e0 Thread added: 0x000001a8db50a390
Event: 1706.239 Thread 0x000001a8db50a390 Thread added: 0x000001a8d92acc00
Event: 1706.239 Thread 0x000001a8d92acc00 Thread added: 0x000001a8eca13bf0
Event: 1706.244 Thread 0x000001a8eca13bf0 Thread added: 0x000001a8e5d0ed10
Event: 1706.246 Thread 0x000001a8e5d0ed10 Thread added: 0x000001a8f80ba2e0
Event: 1706.248 Thread 0x000001a8f80ba2e0 Thread added: 0x000001a8eff9c560
Event: 1706.251 Thread 0x000001a8eff9c560 Thread added: 0x000001a8e7d242e0
Event: 1706.254 Thread 0x000001a8e7d242e0 Thread added: 0x000001a8e5d0f3a0
Event: 1706.262 Thread 0x000001a8e5d0f3a0 Thread added: 0x000001a8f9328640
Event: 1706.267 Thread 0x000001a8f9328640 Thread added: 0x000001a8f80bb000
Event: 1706.270 Thread 0x000001a8f80bb000 Thread added: 0x000001a8f9329360
Event: 1706.277 Thread 0x000001a8f9329360 Thread added: 0x000001a8f9327fb0
Event: 1706.288 Thread 0x000001a8f9327fb0 Thread added: 0x000001a8f80ba970
Event: 1706.290 Thread 0x000001a8f80ba970 Thread added: 0x000001a8e6be6850


Dynamic libraries:
0x00007ff796a20000 - 0x00007ff796a2a000 	C:\Program Files\Android\Android Studio\jbr\bin\java.exe
0x00007ffc9f800000 - 0x00007ffc9fa68000 	C:\WINDOWS\SYSTEM32\ntdll.dll
0x00007ffc9df90000 - 0x00007ffc9e059000 	C:\WINDOWS\System32\KERNEL32.DLL
0x00007ffc9c990000 - 0x00007ffc9cd82000 	C:\WINDOWS\System32\KERNELBASE.dll
0x00007ffc9cf00000 - 0x00007ffc9d04b000 	C:\WINDOWS\System32\ucrtbase.dll
0x00007ffc5a8d0000 - 0x00007ffc5a8e8000 	C:\Program Files\Android\Android Studio\jbr\bin\jli.dll
0x00007ffc991a0000 - 0x00007ffc991bb000 	C:\Program Files\Android\Android Studio\jbr\bin\VCRUNTIME140.dll
0x00007ffc9e150000 - 0x00007ffc9e315000 	C:\WINDOWS\System32\USER32.dll
0x00007ffc9d320000 - 0x00007ffc9d347000 	C:\WINDOWS\System32\win32u.dll
0x00007ffc82430000 - 0x00007ffc826c3000 	C:\WINDOWS\WinSxS\amd64_microsoft.windows.common-controls_6595b64144ccf1df_6.0.26100.6725_none_3e085828e334708b\COMCTL32.dll
0x00007ffc9e120000 - 0x00007ffc9e14b000 	C:\WINDOWS\System32\GDI32.dll
0x00007ffc9d410000 - 0x00007ffc9d53d000 	C:\WINDOWS\System32\gdi32full.dll
0x00007ffc9d9d0000 - 0x00007ffc9da79000 	C:\WINDOWS\System32\msvcrt.dll
0x00007ffc9d0f0000 - 0x00007ffc9d193000 	C:\WINDOWS\System32\msvcp_win.dll
0x00007ffc9f3d0000 - 0x00007ffc9f3ff000 	C:\WINDOWS\System32\IMM32.DLL
0x00007ffc991c0000 - 0x00007ffc991cc000 	C:\Program Files\Android\Android Studio\jbr\bin\vcruntime140_1.dll
0x00007ffc28500000 - 0x00007ffc2858d000 	C:\Program Files\Android\Android Studio\jbr\bin\msvcp140.dll
0x00007ffc25b20000 - 0x00007ffc267aa000 	C:\Program Files\Android\Android Studio\jbr\bin\server\jvm.dll
0x00007ffc9e060000 - 0x00007ffc9e114000 	C:\WINDOWS\System32\ADVAPI32.dll
0x00007ffc9dc90000 - 0x00007ffc9dd36000 	C:\WINDOWS\System32\sechost.dll
0x00007ffc9d5d0000 - 0x00007ffc9d6e8000 	C:\WINDOWS\System32\RPCRT4.dll
0x00007ffc9dc10000 - 0x00007ffc9dc84000 	C:\WINDOWS\System32\WS2_32.dll
0x00007ffc9b5c0000 - 0x00007ffc9b61e000 	C:\WINDOWS\SYSTEM32\POWRPROF.dll
0x00007ffc96eb0000 - 0x00007ffc96ee5000 	C:\WINDOWS\SYSTEM32\WINMM.dll
0x00007ffc950e0000 - 0x00007ffc950eb000 	C:\WINDOWS\SYSTEM32\VERSION.dll
0x00007ffc9b5a0000 - 0x00007ffc9b5b4000 	C:\WINDOWS\SYSTEM32\UMPDC.dll
0x00007ffc9b880000 - 0x00007ffc9b89b000 	C:\WINDOWS\SYSTEM32\kernel.appcore.dll
0x00007ffc8b200000 - 0x00007ffc8b20a000 	C:\Program Files\Android\Android Studio\jbr\bin\jimage.dll
0x00007ffc9a060000 - 0x00007ffc9a2a2000 	C:\WINDOWS\SYSTEM32\DBGHELP.DLL
0x00007ffc9f440000 - 0x00007ffc9f7bb000 	C:\WINDOWS\System32\combase.dll
0x00007ffc9d890000 - 0x00007ffc9d967000 	C:\WINDOWS\System32\OLEAUT32.dll
0x00007ffc7d310000 - 0x00007ffc7d34c000 	C:\WINDOWS\SYSTEM32\dbgcore.DLL
0x00007ffc9d050000 - 0x00007ffc9d0e8000 	C:\WINDOWS\System32\bcryptPrimitives.dll
0x00007ffc6d2a0000 - 0x00007ffc6d2ae000 	C:\Program Files\Android\Android Studio\jbr\bin\instrument.dll
0x00007ffc88d30000 - 0x00007ffc88d50000 	C:\Program Files\Android\Android Studio\jbr\bin\java.dll
0x00007ffc88d10000 - 0x00007ffc88d28000 	C:\Program Files\Android\Android Studio\jbr\bin\zip.dll
0x00007ffc9ec80000 - 0x00007ffc9f3cc000 	C:\WINDOWS\System32\SHELL32.dll
0x00007ffc9cd90000 - 0x00007ffc9cefb000 	C:\WINDOWS\System32\wintypes.dll
0x00007ffc9a5e0000 - 0x00007ffc9ae3d000 	C:\WINDOWS\SYSTEM32\windows.storage.dll
0x00007ffc9d6f0000 - 0x00007ffc9d7e2000 	C:\WINDOWS\System32\SHCORE.dll
0x00007ffc9df20000 - 0x00007ffc9df82000 	C:\WINDOWS\System32\shlwapi.dll
0x00007ffc9c8b0000 - 0x00007ffc9c8d9000 	C:\WINDOWS\SYSTEM32\profapi.dll
0x00007ffc88bf0000 - 0x00007ffc88c00000 	C:\Program Files\Android\Android Studio\jbr\bin\net.dll
0x00007ffc95f40000 - 0x00007ffc9605f000 	C:\WINDOWS\SYSTEM32\WINHTTP.dll
0x00007ffc9bdf0000 - 0x00007ffc9be5b000 	C:\WINDOWS\system32\mswsock.dll
0x00007ffc6b920000 - 0x00007ffc6b936000 	C:\Program Files\Android\Android Studio\jbr\bin\nio.dll
0x00007ffc87a50000 - 0x00007ffc87a60000 	C:\Program Files\Android\Android Studio\jbr\bin\verify.dll
0x00007ffc4fd50000 - 0x00007ffc4fd77000 	C:\Users\prash\.gradle\native\c067742578af261105cb4f569cf0c3c89f3d7b1fecec35dd04571415982c5e48\windows-amd64\native-platform.dll
0x00007ffc28080000 - 0x00007ffc281c4000 	C:\Users\prash\.gradle\native\100fb08df4bc3b14c8652ba06237920a3bd2aa13389f12d3474272988ae205f9\windows-amd64\native-platform-file-events.dll
0x00007ffc99120000 - 0x00007ffc99129000 	C:\Program Files\Android\Android Studio\jbr\bin\management.dll
0x00007ffc95160000 - 0x00007ffc9516b000 	C:\Program Files\Android\Android Studio\jbr\bin\management_ext.dll
0x00007ffc9e6e0000 - 0x00007ffc9e6e8000 	C:\WINDOWS\System32\PSAPI.DLL
0x00007ffc9c0a0000 - 0x00007ffc9c0bb000 	C:\WINDOWS\SYSTEM32\CRYPTSP.dll
0x00007ffc9b7e0000 - 0x00007ffc9b81b000 	C:\WINDOWS\system32\rsaenh.dll
0x00007ffc9be90000 - 0x00007ffc9bebb000 	C:\WINDOWS\SYSTEM32\USERENV.dll
0x00007ffc9c880000 - 0x00007ffc9c8a6000 	C:\WINDOWS\SYSTEM32\bcrypt.dll
0x00007ffc9c0c0000 - 0x00007ffc9c0cc000 	C:\WINDOWS\SYSTEM32\CRYPTBASE.dll
0x00007ffc9b340000 - 0x00007ffc9b374000 	C:\WINDOWS\SYSTEM32\IPHLPAPI.DLL
0x00007ffc9d7f0000 - 0x00007ffc9d7fa000 	C:\WINDOWS\System32\NSI.dll
0x00007ffc99180000 - 0x00007ffc99189000 	C:\Program Files\Android\Android Studio\jbr\bin\extnet.dll
0x00007ffc689c0000 - 0x00007ffc689c8000 	C:\WINDOWS\system32\wshunix.dll
0x00007ffc6f470000 - 0x00007ffc6f488000 	C:\WINDOWS\system32\napinsp.dll
0x00007ffc9b380000 - 0x00007ffc9b4a6000 	C:\WINDOWS\SYSTEM32\DNSAPI.dll
0x00007ffc6f520000 - 0x00007ffc6f532000 	C:\WINDOWS\System32\winrnr.dll
0x00007ffc6f360000 - 0x00007ffc6f388000 	C:\WINDOWS\system32\nlansp_c.dll
0x00007ffc6f2a0000 - 0x00007ffc6f2b6000 	C:\WINDOWS\system32\wshbth.dll
0x00007ffc95f10000 - 0x00007ffc95f1b000 	C:\Windows\System32\rasadhlp.dll
0x00007ffc96db0000 - 0x00007ffc96e36000 	C:\WINDOWS\System32\fwpuclnt.dll
0x00007ffc9b9a0000 - 0x00007ffc9b9d6000 	C:\WINDOWS\SYSTEM32\ntmarta.dll
0x00007ffc64210000 - 0x00007ffc64217000 	C:\Program Files\Android\Android Studio\jbr\bin\rmi.dll

dbghelp: loaded successfully - version: 4.0.5 - missing functions: none
symbol engine: initialized successfully - sym options: 0x614 - pdb path: .;C:\Program Files\Android\Android Studio\jbr\bin;C:\WINDOWS\SYSTEM32;C:\WINDOWS\WinSxS\amd64_microsoft.windows.common-controls_6595b64144ccf1df_6.0.26100.6725_none_3e085828e334708b;C:\Program Files\Android\Android Studio\jbr\bin\server;C:\Users\prash\.gradle\native\c067742578af261105cb4f569cf0c3c89f3d7b1fecec35dd04571415982c5e48\windows-amd64;C:\Users\prash\.gradle\native\100fb08df4bc3b14c8652ba06237920a3bd2aa13389f12d3474272988ae205f9\windows-amd64

VM Arguments:
jvm_args: --add-opens=java.base/java.lang=ALL-UNNAMED --add-opens=java.base/java.lang.invoke=ALL-UNNAMED --add-opens=java.base/java.util=ALL-UNNAMED --add-opens=java.prefs/java.util.prefs=ALL-UNNAMED --add-exports=jdk.compiler/com.sun.tools.javac.api=ALL-UNNAMED --add-exports=jdk.compiler/com.sun.tools.javac.util=ALL-UNNAMED --add-opens=java.base/java.util=ALL-UNNAMED --add-opens=java.prefs/java.util.prefs=ALL-UNNAMED --add-opens=java.base/java.nio.charset=ALL-UNNAMED --add-opens=java.base/java.net=ALL-UNNAMED --add-opens=java.base/java.util.concurrent.atomic=ALL-UNNAMED --add-opens=java.xml/javax.xml.namespace=ALL-UNNAMED -Xmx2048m -Dfile.encoding=UTF-8 -Duser.country=IN -Duser.language=en -Duser.variant -javaagent:C:\Users\prash\.gradle\wrapper\dists\gradle-8.11.1-bin\bpt9gzteqjrbo1mjrsomdt32c\gradle-8.11.1\lib\agents\gradle-instrumentation-agent-8.11.1.jar 
java_command: org.gradle.launcher.daemon.bootstrap.GradleDaemon 8.11.1
java_class_path (initial): C:\Users\prash\.gradle\wrapper\dists\gradle-8.11.1-bin\bpt9gzteqjrbo1mjrsomdt32c\gradle-8.11.1\lib\gradle-daemon-main-8.11.1.jar
Launcher Type: SUN_STANDARD

[Global flags]
     intx CICompilerCount                          = 12                                        {product} {ergonomic}
     uint ConcGCThreads                            = 3                                         {product} {ergonomic}
     uint G1ConcRefinementThreads                  = 13                                        {product} {ergonomic}
   size_t G1HeapRegionSize                         = 1048576                                   {product} {ergonomic}
    uintx GCDrainStackTargetSize                   = 64                                        {product} {ergonomic}
   size_t InitialHeapSize                          = 130023424                                 {product} {ergonomic}
   size_t MarkStackSize                            = 4194304                                   {product} {ergonomic}
   size_t MaxHeapSize                              = 2147483648                                {product} {command line}
   size_t MaxNewSize                               = 1287651328                                {product} {ergonomic}
   size_t MinHeapDeltaBytes                        = 1048576                                   {product} {ergonomic}
   size_t MinHeapSize                              = 8388608                                   {product} {ergonomic}
    uintx NonNMethodCodeHeapSize                   = 7602480                                {pd product} {ergonomic}
    uintx NonProfiledCodeHeapSize                  = 122027880                              {pd product} {ergonomic}
    uintx ProfiledCodeHeapSize                     = 122027880                              {pd product} {ergonomic}
    uintx ReservedCodeCacheSize                    = 251658240                              {pd product} {ergonomic}
     bool SegmentedCodeCache                       = true                                      {product} {ergonomic}
   size_t SoftMaxHeapSize                          = 2147483648                             {manageable} {ergonomic}
     bool UseCompressedOops                        = true                           {product lp64_product} {ergonomic}
     bool UseG1GC                                  = true                                      {product} {ergonomic}
     bool UseLargePagesIndividualAllocation        = false                                  {pd product} {ergonomic}

Logging:
Log output configuration:
 #0: stdout all=warning uptime,level,tags foldmultilines=false
 #1: stderr all=off uptime,level,tags foldmultilines=false

Environment Variables:
PATH=C:\Program Files\Common Files\Oracle\Java\javapath;C:\Windows\system32;C:\Windows;C:\Windows\System32\Wbem;C:\Windows\System32\WindowsPowerShell\v1.0\;C:\Windows\System32\OpenSSH\;C:\Program Files\dotnet\;C:\Program Files (x86)\NVIDIA Corporation\PhysX\Common;C:\Program Files\Git\cmd;C:\Users\prash\Downloads\x86_64-15.1.0-release-posix-seh-ucrt-rt_v12-rev0\mingw64\bin;C:\Program Files\Java\jdk-22\bin;C:\Program Files\nodejs\;C:\ProgramData\chocolatey\bin;C:\WINDOWS\system32;C:\WINDOWS;C:\WINDOWS\System32\Wbem;C:\WINDOWS\System32\WindowsPowerShell\v1.0\;C:\WINDOWS\System32\OpenSSH\;C:\Program Files\NVIDIA Corporation\NVIDIA app\NvDLISR;C:\Program Files\Go\bin;P:\poppler-24.08.0\Library\bin;C:\Users\prash\.local\bin;C:\Program Files\MySQL\MySQL Shell 8.0\bin\;C:\Users\prash\AppData\Local\Programs\Python\Python312\Scripts\;C:\Users\prash\AppData\Local\Programs\Python\Python312\;C:\Users\prash\AppData\Local\Microsoft\WindowsApps;C:\Users\prash\AppData\Local\Programs\Microsoft VS Code\bin;C:\Users\prash\AppData\Roaming\npm;C:\FFmpeg\ffmpeg-7.0.2-full_build\bin;C:\Program Files\JetBrains\IntelliJ IDEA Community Edition 2024.2.2\bin;;P:\Tesss;C:\Users\prash\AppData\Local\Programs\Ollama;C:\Users\prash\sqlite\sqlite-tools-win-x64-3480000;C:\ffmpeg-7.1.1-full_build\bin;C:\Users\prash\go\bin;P:\poppler-24.08.0\Library\bin
USERNAME=prash
OS=Windows_NT
PROCESSOR_IDENTIFIER=Intel64 Family 6 Model 183 Stepping 1, GenuineIntel
TMP=C:\Users\prash\AppData\Local\Temp
TEMP=C:\Users\prash\AppData\Local\Temp




Periodic native trim disabled

JNI global refs:
JNI global refs: 36, weak refs: 0

JNI global refs memory usage: 835, weak refs: 201

Process memory usage:
Resident Set Size: 489880K (6% of 8065744K total physical memory with 289744K free physical memory)

OOME stack traces (most recent first):
Classloader memory used:
Loader org.gradle.internal.classloader.VisitableURLClassLoader                         : 110M
Loader org.gradle.internal.classloader.VisitableURLClassLoader$InstrumentingVisitableURLClassLoader: 62004K
Loader bootstrap                                                                       : 34990K
Loader org.gradle.internal.classloader.VisitableURLClassLoader                         : 17264K
Loader org.gradle.initialization.MixInLegacyTypesClassLoader                           : 15703K
Loader jdk.internal.loader.ClassLoaders$AppClassLoader                                 : 7909K
Loader jdk.internal.reflect.DelegatingClassLoader                                      : 1663K
Loader jdk.internal.loader.ClassLoaders$PlatformClassLoader                            : 737K
Loader jdk.internal.jrtfs.JrtFileSystemProvider$JrtFsLoader                            : 348K
Loader org.gradle.groovy.scripts.internal.DefaultScriptCompilationHandler$ScriptClassLoader: 139K
Loader org.codehaus.groovy.runtime.callsite.CallSiteClassLoader                        : 59216B
Loader sun.reflect.misc.MethodUtil                                                     : 2952B

Classes loaded by more than one classloader:
Class Program                                                                         : loaded 9 times (x 68B)
Class com.google.common.collect.Lists$RandomAccessReverseList                         : loaded 4 times (x 196B)
Class com.amazon.ion.impl.bin.IonManagedBinaryWriter$UserState$1                      : loaded 4 times (x 81B)
Class org.jetbrains.plugins.gradle.tooling.serialization.internal.IdeaProjectSerializationService$ReadContext: loaded 4 times (x 68B)
Class org.jetbrains.plugins.gradle.tooling.serialization.RepositoriesModelSerializationService$WriteContext: loaded 4 times (x 68B)
Class com.amazon.ion.impl._Private_IonBinaryWriterBuilder                             : loaded 4 times (x 111B)
Class com.amazon.ion.BufferConfiguration$DataHandler                                  : loaded 4 times (x 66B)
Class com.amazon.ion.impl._Private_LocalSymbolTable                                   : loaded 4 times (x 66B)
Class com.amazon.ion.ReadOnlyValueException                                           : loaded 4 times (x 80B)
Class com.google.common.collect.RegularImmutableMap$KeySet                            : loaded 4 times (x 148B)
Class com.amazon.ion.IonSexp                                                          : loaded 4 times (x 66B)
Class com.amazon.ion.UnexpectedEofException                                           : loaded 4 times (x 80B)
Class com.android.ide.gradle.model.LegacyAndroidGradlePluginProperties                : loaded 4 times (x 66B)
Class com.google.common.collect.Iterables                                             : loaded 4 times (x 67B)
Class org.jetbrains.plugins.gradle.tooling.serialization.GradleExtensionsSerializationService$ReadContext: loaded 4 times (x 68B)
Class com.amazon.ion.impl.lite.ContainerlessContext                                   : loaded 4 times (x 76B)
Class com.amazon.ion.impl._Private_RecyclingQueue$Recycler                            : loaded 4 times (x 66B)
Class com.google.common.collect.RegularImmutableSet                                   : loaded 4 times (x 145B)
Class com.google.common.collect.Iterators$MergingIterator                             : loaded 4 times (x 77B)
Class com.intellij.gradle.toolingExtension.impl.model.sourceSetModel.GradleSourceSetSerialisationService$SourceSetModelWriteContext: loaded 4 times (x 68B)
Class com.amazon.ion.impl.bin.IonManagedBinaryWriter$UserState$2                      : loaded 4 times (x 81B)
Class com.amazon.ion.impl._Private_IonValue                                           : loaded 4 times (x 66B)
Class com.intellij.gradle.toolingExtension.impl.model.utilTurnOffDefaultTasksModel.TurnOffDefaultTasks: loaded 4 times (x 66B)
Class com.intellij.gradle.toolingExtension.impl.model.sourceSetModel.GradleSourceSetSerialisationService$Companion: loaded 4 times (x 67B)
Class com.intellij.gradle.toolingExtension.impl.model.sourceSetModel.GradleSourceSetSerialisationService$SourceSetModelReadContext: loaded 4 times (x 68B)
Class com.amazon.ion.IonCatalog                                                       : loaded 4 times (x 66B)
Class com.amazon.ion.system.IonSystemBuilder                                          : loaded 4 times (x 71B)
Class com.amazon.ion.impl._Private_IonWriterBase                                      : loaded 4 times (x 158B)
Class com.google.common.base.CharMatcher$IsEither                                     : loaded 4 times (x 107B)
Class [Lcom.amazon.ion.impl.bin.IonManagedBinaryWriter$SymbolState;                   : loaded 4 times (x 65B)
Class com.google.common.collect.ImmutableList$SubList                                 : loaded 4 times (x 205B)
Class com.google.common.collect.ForwardingObject                                      : loaded 4 times (x 68B)
Class org.jetbrains.plugins.gradle.javaModel.JavaGradleManifestModel                  : loaded 4 times (x 66B)
Class com.intellij.gradle.toolingExtension.impl.model.taskModel.GradleTaskSerialisationService$Companion: loaded 4 times (x 67B)
Class org.jetbrains.plugins.gradle.tooling.serialization.GradleExtensionsSerializationService$WriteContext: loaded 4 times (x 68B)
Class com.amazon.ion.SymbolTable                                                      : loaded 4 times (x 66B)
Class com.amazon.ion.impl.bin.IonManagedBinaryWriter$ImportDescriptor                 : loaded 4 times (x 72B)
Class com.google.common.collect.ImmutableSet$SetBuilderImpl                           : loaded 4 times (x 72B)
Class com.amazon.ion.SubstituteSymbolTableException                                   : loaded 4 times (x 80B)
Class com.amazon.ion.impl.SymbolTokenImpl                                             : loaded 4 times (x 77B)
Class com.amazon.ion.impl.bin.IonManagedBinaryWriter$UserState$3                      : loaded 4 times (x 81B)
Class com.amazon.ion.IonException                                                     : loaded 4 times (x 80B)
Class org.jetbrains.plugins.gradle.tooling.util.IntObjectMap$ObjectFactory            : loaded 4 times (x 66B)
Class com.amazon.ion.IonText                                                          : loaded 4 times (x 66B)
Class com.amazon.ion.impl.bin.utf8.Pool$Allocator                                     : loaded 4 times (x 66B)
Class com.amazon.ion.impl.bin.utf8.Utf8StringEncoder$Result                           : loaded 4 times (x 70B)
Class com.google.common.collect.ImmutableList                                         : loaded 4 times (x 202B)
Class [Lcom.amazon.ion.impl.bin.IonRawBinaryWriter$ContainerType;                     : loaded 4 times (x 65B)
Class com.amazon.ion.IonBufferConfiguration$Builder                                   : loaded 4 times (x 74B)
Class org.jetbrains.plugins.gradle.model.GradleExtension                              : loaded 4 times (x 66B)
Class com.amazon.ion.impl.lite.IonDecimalLite                                         : loaded 4 times (x 184B)
Class com.google.common.collect.ImmutableList$1                                       : loaded 4 times (x 93B)
Class Build_gradle                                                                    : loaded 4 times (x 126B)
Class com.amazon.ion.impl.bin.IonRawBinaryWriter$PreallocationMode$3                  : loaded 4 times (x 78B)
Class com.android.ide.gradle.model.GradlePluginModel                                  : loaded 4 times (x 66B)
Class com.google.common.base.CharMatcher$InRange                                      : loaded 4 times (x 107B)
Class com.google.common.collect.SetMultimap                                           : loaded 4 times (x 66B)
Class com.google.common.collect.ImmutableSet$Builder                                  : loaded 4 times (x 81B)
Class org.jetbrains.kotlin.idea.gradleTooling.PrepareKotlinIdeImportTaskModel         : loaded 4 times (x 66B)
Class com.amazon.ion.impl.bin.IonRawBinaryWriter$PreallocationMode$2                  : loaded 4 times (x 78B)
Class com.amazon.ion.IonInt                                                           : loaded 4 times (x 66B)
Class org.jetbrains.plugins.gradle.model.UnresolvedExternalDependency                 : loaded 4 times (x 66B)
Class com.google.common.collect.ImmutableMapEntrySet$RegularEntrySet                  : loaded 4 times (x 148B)
Class com.amazon.ion.impl.bin.IonManagedBinaryWriter$UserState$4                      : loaded 4 times (x 81B)
Class com.amazon.ion.system.IonBinaryWriterBuilder                                    : loaded 4 times (x 95B)
Class org.jetbrains.plugins.gradle.model.GradleExtensions                             : loaded 4 times (x 66B)
Class org.jetbrains.plugins.gradle.model.AnnotationProcessingModel                    : loaded 4 times (x 66B)
Class com.intellij.gradle.toolingExtension.impl.model.dependencyDownloadPolicyModel.GradleDependencyDownloadPolicy: loaded 4 times (x 66B)
Class org.jetbrains.kotlin.idea.gradleTooling.KotlinMPPGradleModel                    : loaded 4 times (x 66B)
Class [Lcom.amazon.ion.impl.bin._Private_IonManagedBinaryWriterBuilder$AllocatorMode; : loaded 4 times (x 65B)
Class com.google.common.collect.RegularImmutableMap                                   : loaded 4 times (x 117B)
Class com.google.common.collect.ImmutableMap$MapViewOfValuesAsSingletonSets           : loaded 4 times (x 122B)
Class com.amazon.ion.impl.bin.IonRawBinaryWriter$PreallocationMode$1                  : loaded 4 times (x 78B)
Class com.amazon.ion.impl._Private_ValueFactory                                       : loaded 4 times (x 66B)
Class com.amazon.ion.impl.lite.IonClobLite                                            : loaded 4 times (x 216B)
Class com.google.common.collect.RangeSet                                              : loaded 4 times (x 66B)
Class org.jetbrains.plugins.gradle.model.DependencyAccessorsModel                     : loaded 4 times (x 66B)
Class org.gradle.internal.impldep.gnu.trove.TObjectHash                               : loaded 4 times (x 90B)
Class [Lcom.intellij.openapi.externalSystem.model.project.dependencies.ResolutionState;: loaded 4 times (x 65B)
Class com.amazon.ion.impl.lite.IonNullLite                                            : loaded 4 times (x 171B)
Class com.intellij.util.ThrowableConsumer                                             : loaded 4 times (x 66B)
Class com.google.common.collect.RangeGwtSerializationDependencies                     : loaded 4 times (x 67B)
Class com.google.common.base.Joiner$2                                                 : loaded 4 times (x 75B)
Class com.google.common.base.CharMatcher$1                                            : loaded 4 times (x 109B)
Class com.google.common.base.CharMatcher$NamedFastMatcher                             : loaded 4 times (x 108B)
Class org.jetbrains.plugins.gradle.tooling.serialization.AnnotationProcessingModelSerializationService: loaded 4 times (x 73B)
Class com.amazon.ion.impl._Private_LocalSymbolTableFactory                            : loaded 4 times (x 66B)
Class com.amazon.ion.impl.bin.IonManagedBinaryWriter$ImportedSymbolResolverMode$1$1$1 : loaded 4 times (x 72B)
Class com.amazon.ion.system.IonTextWriterBuilder                                      : loaded 4 times (x 94B)
Class com.google.common.collect.UnmodifiableListIterator                              : loaded 4 times (x 91B)
Class com.google.common.collect.PeekingIterator                                       : loaded 4 times (x 66B)
Class com.google.common.base.Joiner$1                                                 : loaded 4 times (x 76B)
Class com.google.common.base.CharMatcher                                              : loaded 4 times (x 107B)
Class com.google.common.collect.ImmutableSetMultimap                                  : loaded 4 times (x 176B)
Class org.jetbrains.plugins.gradle.tooling.serialization.ExternalTestsSerializationService: loaded 4 times (x 73B)
Class com.amazon.ion.IonSequence                                                      : loaded 4 times (x 66B)
Class com.amazon.ion.IonLob                                                           : loaded 4 times (x 66B)
Class com.amazon.ion.IonBlob                                                          : loaded 4 times (x 66B)
Class com.amazon.ion.impl.bin.IonRawBinaryWriter$PatchPoint                           : loaded 4 times (x 69B)
Class com.google.common.base.Preconditions                                            : loaded 4 times (x 67B)
Class com.intellij.gradle.toolingExtension.impl.model.projectModel.GradleExternalProjectSerializationService: loaded 4 times (x 73B)
Class org.jetbrains.kotlin.idea.gradleTooling.AndroidAwareGradleModelProvider$Companion: loaded 4 times (x 67B)
Class [Lcom.amazon.ion.impl.bin.IonRawBinaryWriter$StreamCloseMode;                   : loaded 4 times (x 65B)
Class com.amazon.ion.impl.lite.IonSymbolLite                                          : loaded 4 times (x 242B)
Class com.amazon.ion.impl.bin.IonManagedBinaryWriter$ImportedSymbolResolverMode$1     : loaded 4 times (x 76B)
Class com.amazon.ion.impl._Private_IonBinaryWriterBuilder$Mutable                     : loaded 4 times (x 111B)
Class com.intellij.util.containers.IntObjectHashMap$ArrayProducer                     : loaded 4 times (x 66B)
Class com.amazon.ion.impl.bin.IonRawBinaryWriter$StreamCloseMode                      : loaded 4 times (x 75B)
Class com.google.common.base.CharMatcher$Is                                           : loaded 4 times (x 107B)
Class com.google.common.base.CharMatcher$Negated                                      : loaded 4 times (x 109B)
Class org.jetbrains.plugins.gradle.model.tests.ExternalTestsModel                     : loaded 4 times (x 66B)
Class com.amazon.ion.IonDecimal                                                       : loaded 4 times (x 66B)
Class org.jetbrains.plugins.gradle.model.GradleConfiguration                          : loaded 4 times (x 66B)
Class com.amazon.ion.BufferConfiguration$OversizedValueHandler                        : loaded 4 times (x 66B)
Class com.amazon.ion.impl._Private_IonSystem                                          : loaded 4 times (x 66B)
Class com.amazon.ion.impl.bin.utf8.Utf8StringEncoderPool                              : loaded 4 times (x 70B)
Class com.google.common.collect.RegularImmutableMap$BucketOverflowException           : loaded 4 times (x 78B)
Class com.intellij.gradle.toolingExtension.impl.model.dependencyModel.DependencyWriteContext: loaded 4 times (x 68B)
Class com.intellij.gradle.toolingExtension.impl.model.projectModel.GradleExternalProjectSerializationService$ReadContext: loaded 4 times (x 69B)
Class com.amazon.ion.impl._Private_Utils                                              : loaded 4 times (x 67B)
Class com.amazon.ion.impl.bin.IonManagedBinaryWriter$ImportedSymbolResolverMode$2     : loaded 4 times (x 76B)
Class com.google.common.collect.ImmutableRangeSet$ComplementRanges                    : loaded 4 times (x 203B)
Class com.google.common.collect.ImmutableSet$RegularSetBuilderImpl                    : loaded 4 times (x 73B)
Class org.jetbrains.plugins.gradle.model.GradleProperty                               : loaded 4 times (x 66B)
Class com.amazon.ion.IonLoader                                                        : loaded 4 times (x 66B)
Class org.gradle.internal.IoActions                                                   : loaded 4 times (x 67B)
Class com.amazon.ion.IonBool                                                          : loaded 4 times (x 66B)
Class com.amazon.ion.impl.bin.utf8.Utf8StringEncoder                                  : loaded 4 times (x 76B)
Class [Lcom.amazon.ion.impl.bin.IonManagedBinaryWriter$UserState;                     : loaded 4 times (x 65B)
Class org.gradle.internal.impldep.gnu.trove.TObjectIntProcedure                       : loaded 4 times (x 66B)
Class com.amazon.ion.IonNumber                                                        : loaded 4 times (x 66B)
Class com.amazon.ion.impl.lite.IonTextLite                                            : loaded 4 times (x 177B)
Class com.amazon.ion.impl.lite.IonLobLite                                             : loaded 4 times (x 180B)
Class org.jetbrains.plugins.gradle.tooling.ModelBuilderService$Parameter              : loaded 4 times (x 66B)
Class com.amazon.ion.IonClob                                                          : loaded 4 times (x 66B)
Class com.amazon.ion.IonReader                                                        : loaded 4 times (x 66B)
Class org.jetbrains.plugins.gradle.model.AnnotationProcessingConfig                   : loaded 4 times (x 66B)
Class org.jetbrains.kotlin.idea.projectModel.KotlinTaskProperties                     : loaded 4 times (x 66B)
Class com.amazon.ion.system.IonReaderBuilder                                          : loaded 4 times (x 89B)
Class org.jetbrains.plugins.gradle.tooling.serialization.internal.IdeaProjectSerializationService: loaded 4 times (x 73B)
Class [Lcom.google.common.collect.ImmutableMapEntry;                                  : loaded 4 times (x 65B)
Class org.gradle.api.GradleException                                                  : loaded 4 times (x 78B)
Class com.google.common.collect.ImmutableEntry                                        : loaded 4 times (x 78B)
Class [Lcom.google.common.collect.AbstractMapEntry;                                   : loaded 4 times (x 65B)
Class org.jetbrains.plugins.gradle.tooling.util.ObjectCollector$Processor             : loaded 4 times (x 66B)
Class com.amazon.ion.impl.bin.AbstractIonWriter                                       : loaded 4 times (x 157B)
Class com.google.common.collect.AbstractRangeSet                                      : loaded 4 times (x 110B)
Class com.google.common.base.CharMatcher$NegatedFastMatcher                           : loaded 4 times (x 109B)
Class com.amazon.ion.impl.SymbolTableAsStruct                                         : loaded 4 times (x 66B)
Class com.amazon.ion.impl.lite.IonSystemLite                                          : loaded 4 times (x 271B)
Class com.amazon.ion.impl.bin.IonRawBinaryWriter$PreallocationMode                    : loaded 4 times (x 78B)
Class com.amazon.ion.impl.bin._Private_IonRawWriter                                   : loaded 4 times (x 66B)
Class com.amazon.ion.IonWriter                                                        : loaded 4 times (x 66B)
Class com.amazon.ion.impl._Private_Utils$1                                            : loaded 4 times (x 85B)
Class com.amazon.ion.impl.lite.IonSequenceLite                                        : loaded 4 times (x 428B)
Class com.google.common.base.Predicate                                                : loaded 4 times (x 66B)
Class com.google.common.collect.ImmutableMap                                          : loaded 4 times (x 116B)
Class org.jetbrains.plugins.gradle.model.GradleSourceSetModel                         : loaded 4 times (x 66B)
Class com.intellij.gradle.toolingExtension.impl.model.sourceSetDependencyModel.GradleSourceSetDependencySerialisationService: loaded 4 times (x 73B)
Class org.jetbrains.plugins.gradle.tooling.serialization.internal.IdeaProjectSerializationService$WriteContext: loaded 4 times (x 68B)
Class com.amazon.ion.impl.bin.BlockAllocatorProvider                                  : loaded 4 times (x 68B)
Class com.google.common.collect.ImmutableRangeSet                                     : loaded 4 times (x 111B)
Class com.google.common.base.CharMatcher$FastMatcher                                  : loaded 4 times (x 107B)
Class com.amazon.ion.impl.bin.AbstractIonWriter$WriteValueOptimization                : loaded 4 times (x 75B)
Class org.gradle.internal.Cast                                                        : loaded 4 times (x 67B)
Class org.gradle.api.Action                                                           : loaded 4 times (x 66B)
Class com.google.common.collect.ImmutableList$SerializedForm                          : loaded 4 times (x 69B)
Class org.jetbrains.plugins.gradle.tooling.serialization.ExternalTestsSerializationService$ReadContext: loaded 4 times (x 68B)
Class com.amazon.ion.impl.BlockedBuffer$BufferedOutputStream                          : loaded 4 times (x 86B)
Class com.amazon.ion.impl.bin.IonBinaryWriterAdapter$Factory                          : loaded 4 times (x 66B)
Class [Lcom.amazon.ion.SymbolTable;                                                   : loaded 4 times (x 65B)
Class com.amazon.ion.impl.bin.IonRawBinaryWriter$1                                    : loaded 4 times (x 73B)
Class com.amazon.ion.impl._Private_RecyclingQueue$ElementFactory                      : loaded 4 times (x 66B)
Class com.amazon.ion.impl._Private_IonContainer                                       : loaded 4 times (x 66B)
Class com.intellij.gradle.toolingExtension.impl.model.buildScriptClasspathModel.GradleBuildScriptClasspathSerializationService$ReadContext: loaded 4 times (x 68B)
Class org.gradle.internal.impldep.gnu.trove.TObjectIntHashMap                         : loaded 4 times (x 105B)
Class com.google.common.base.CharMatcher$Or                                           : loaded 4 times (x 108B)
Class com.google.common.collect.ImmutableSet$SerializedForm                           : loaded 4 times (x 69B)
Class com.amazon.ion.system.IonWriterBuilderBase                                      : loaded 4 times (x 79B)
Class com.amazon.ion.impl._Private_RecyclingQueue                                     : loaded 4 times (x 76B)
Class com.amazon.ion.impl.bin.BlockAllocator                                          : loaded 4 times (x 76B)
Class com.amazon.ion.impl.IonWriterSystemTextMarkup                                   : loaded 4 times (x 188B)
Class com.google.common.collect.ImmutableSet                                          : loaded 4 times (x 141B)
Class com.google.common.collect.RegularImmutableMap$Values                            : loaded 4 times (x 203B)
Class com.google.common.base.CharMatcher$BitSetMatcher                                : loaded 4 times (x 108B)
Class org.jetbrains.plugins.gradle.model.GradleBuildScriptClasspathModel              : loaded 4 times (x 66B)
Class com.amazon.ion.IonStruct                                                        : loaded 4 times (x 66B)
Class com.amazon.ion.impl.bin.IonManagedBinaryWriter$SymbolState                      : loaded 4 times (x 76B)
Class com.amazon.ion.UnsupportedIonVersionException                                   : loaded 4 times (x 81B)
Class [Lcom.amazon.ion.impl.bin.IonRawBinaryWriter$StreamFlushMode;                   : loaded 4 times (x 65B)
Class org.gradle.internal.impldep.com.google.common.base.Preconditions                : loaded 4 times (x 67B)
Class org.jetbrains.plugins.gradle.tooling.util.IntObjectMap$1                        : loaded 4 times (x 73B)
Class com.amazon.ion.impl._Private_RecyclingStack$$Iterator                           : loaded 4 times (x 95B)
Class com.amazon.ion.impl.SharedSymbolTable                                           : loaded 4 times (x 89B)
Class com.amazon.ion.impl.bin.IonRawBinaryWriter                                      : loaded 4 times (x 165B)
Class com.amazon.ion.SymbolToken                                                      : loaded 4 times (x 66B)
Class com.google.common.collect.ImmutableRangeSet$Builder                             : loaded 4 times (x 73B)
Class com.google.common.collect.Lists$ReverseList$1                                   : loaded 4 times (x 95B)
Class com.intellij.gradle.toolingExtension.impl.model.taskModel.GradleTaskSerialisationService: loaded 4 times (x 72B)
Class com.amazon.ion.system.SimpleCatalog                                             : loaded 4 times (x 87B)
Class com.amazon.ion.BufferConfiguration                                              : loaded 4 times (x 69B)
Class com.android.ide.gradle.model.LegacyV1AgpVersionModel                            : loaded 4 times (x 66B)
Class org.jetbrains.plugins.gradle.model.GradleSourceSetDependencyModel               : loaded 4 times (x 66B)
Class com.amazon.ion.IonString                                                        : loaded 4 times (x 66B)
Class com.intellij.gradle.toolingExtension.impl.model.utilDummyModel.DummyModel       : loaded 4 times (x 66B)
Class org.gradle.internal.impldep.gnu.trove.TObjectHashingStrategy                    : loaded 4 times (x 66B)
Class org.jetbrains.plugins.gradle.model.FileCollectionDependency                     : loaded 4 times (x 66B)
Class com.amazon.ion.impl.lite.IonTimestampLite                                       : loaded 4 times (x 188B)
Class com.amazon.ion.impl.LocalSymbolTableAsStruct                                    : loaded 4 times (x 122B)
Class Build_gradle$1                                                                  : loaded 4 times (x 70B)
Class com.intellij.gradle.toolingExtension.impl.model.buildScriptClasspathModel.GradleBuildScriptClasspathSerializationService: loaded 4 times (x 73B)
Class com.amazon.ion.impl.bin.IonManagedBinaryWriter$ImportedSymbolResolverMode       : loaded 4 times (x 76B)
Class com.amazon.ion.impl.LocalSymbolTable$Factory                                    : loaded 4 times (x 73B)
Class [Lcom.google.common.collect.ImmutableEntry;                                     : loaded 4 times (x 65B)
Class com.amazon.ion.IonFloat                                                         : loaded 4 times (x 66B)
Class com.amazon.ion.impl.lite.IonListLite                                            : loaded 4 times (x 486B)
Class com.amazon.ion.impl.lite.IonSexpLite                                            : loaded 4 times (x 486B)
Class [Lcom.amazon.ion.impl.bin.IonRawBinaryWriter$PreallocationMode;                 : loaded 4 times (x 65B)
Class com.amazon.ion.util._Private_FastAppendable                                     : loaded 4 times (x 66B)
Class com.amazon.ion.impl.lite.IonIntLite                                             : loaded 4 times (x 185B)
Class com.amazon.ion.impl.lite.IonBoolLite                                            : loaded 4 times (x 174B)
Class org.gradle.internal.impldep.gnu.trove.TObjectHash$NULL                          : loaded 4 times (x 67B)
Class com.intellij.gradle.toolingExtension.impl.model.sourceSetModel.GradleSourceSetSerialisationService: loaded 4 times (x 73B)
Class com.amazon.ion.impl.bin.IonManagedBinaryWriter$ImportedSymbolContext            : loaded 4 times (x 68B)
Class com.amazon.ion.IonSystem                                                        : loaded 4 times (x 66B)
Class com.google.common.collect.RegularImmutableList                                  : loaded 4 times (x 209B)
Class org.jetbrains.plugins.gradle.tooling.serialization.internal.adapter.Supplier    : loaded 4 times (x 66B)
Class com.amazon.ion.IonList                                                          : loaded 4 times (x 66B)
Class com.google.common.base.Function                                                 : loaded 4 times (x 66B)
Class com.google.common.collect.ImmutableMapEntry$NonTerminalImmutableMapEntry        : loaded 4 times (x 81B)
Class com.google.common.collect.ImmutableMultimap                                     : loaded 4 times (x 143B)
Class org.jetbrains.plugins.gradle.tooling.serialization.SerializationService         : loaded 4 times (x 66B)
Class com.amazon.ion.impl.LocalSymbolTable                                            : loaded 4 times (x 117B)
Class com.amazon.ion.impl.lite.IonBlobLite                                            : loaded 4 times (x 215B)
Class com.google.common.collect.ImmutableMapEntry                                     : loaded 4 times (x 81B)
Class org.jetbrains.plugins.gradle.tooling.serialization.internal.IdeaProjectSerializationService$WriteContext$8: loaded 4 times (x 79B)
Class com.amazon.ion.impl.bin.IonManagedBinaryWriter                                  : loaded 4 times (x 162B)
Class com.amazon.ion.impl.bin.WriteBuffer                                             : loaded 4 times (x 74B)
Class com.google.common.collect.RegularImmutableSortedSet                             : loaded 4 times (x 296B)
Class org.gradle.internal.impldep.gnu.trove.PrimeFinder                               : loaded 4 times (x 67B)
Class org.jetbrains.plugins.gradle.model.RepositoryModels                             : loaded 4 times (x 66B)
Class org.jetbrains.kotlin.idea.gradleTooling.model.kapt.KaptGradleModel              : loaded 4 times (x 66B)
Class org.jetbrains.kotlin.idea.gradleTooling.KotlinDslScriptAdditionalTask           : loaded 4 times (x 66B)
Class org.jetbrains.plugins.gradle.model.ClasspathEntryModel                          : loaded 4 times (x 66B)
Class org.jetbrains.plugins.gradle.tooling.serialization.internal.IdeaProjectSerializationService$WriteContext$7: loaded 4 times (x 79B)
Class com.amazon.ion.impl.lite.ValueFactoryLite                                       : loaded 4 times (x 214B)
Class com.google.common.base.CharMatcher$IsNot                                        : loaded 4 times (x 107B)
Class com.google.common.collect.ImmutableMap$SerializedForm                           : loaded 4 times (x 69B)
Class org.jetbrains.plugins.gradle.tooling.serialization.internal.IdeaProjectSerializationService$WriteContext$6: loaded 4 times (x 79B)
Class com.amazon.ion.IonType                                                          : loaded 4 times (x 75B)
Class com.amazon.ion.impl.lite._Private_LiteDomTrampoline                             : loaded 4 times (x 67B)
Class com.amazon.ion.impl._Private_RecyclingQueue$ElementIterator                     : loaded 4 times (x 78B)
Class com.amazon.ion.impl.bin.IntList                                                 : loaded 4 times (x 73B)
Class com.google.common.collect.ImmutableSortedSet                                    : loaded 4 times (x 296B)
Class com.google.common.collect.Lists$ReverseList                                     : loaded 4 times (x 196B)
Class com.intellij.gradle.toolingExtension.impl.model.sourceSetDependencyModel.GradleSourceSetDependencySerialisationService$SourceSetDependencyModelWriteContext: loaded 4 times (x 68B)
Class org.jetbrains.plugins.gradle.tooling.serialization.internal.IdeaProjectSerializationService$WriteContext$5: loaded 4 times (x 79B)
Class com.android.ide.gradle.model.AdditionalClassifierArtifactsModelParameter        : loaded 4 times (x 66B)
Class com.amazon.ion.BufferConfiguration$Builder                                      : loaded 4 times (x 74B)
Class com.amazon.ion.IonTimestamp                                                     : loaded 4 times (x 66B)
Class com.amazon.ion.impl.bin.PooledBlockAllocatorProvider$PooledBlockAllocator       : loaded 4 times (x 77B)
Class com.intellij.gradle.toolingExtension.impl.model.sourceSetDependencyModel.GradleSourceSetDependencySerialisationService$Companion: loaded 4 times (x 67B)
Class org.jetbrains.plugins.gradle.tooling.serialization.GradleExtensionsSerializationService: loaded 4 times (x 73B)
Class org.jetbrains.plugins.gradle.tooling.serialization.internal.IdeaProjectSerializationService$WriteContext$4: loaded 4 times (x 79B)
Class org.jetbrains.kotlin.idea.gradleTooling.AndroidAwareGradleModelProvider         : loaded 4 times (x 79B)
Class org.jetbrains.plugins.gradle.tooling.serialization.internal.IdeaProjectSerializationService$WriteContext$3: loaded 4 times (x 79B)
Class org.jetbrains.plugins.gradle.tooling.serialization.AnnotationProcessingModelSerializationService$ReadContext: loaded 4 times (x 68B)
Class com.amazon.ion.impl.bin.PooledBlockAllocatorProvider                            : loaded 4 times (x 69B)
Class com.amazon.ion.IonContainer                                                     : loaded 4 times (x 66B)
Class com.amazon.ion.impl.lite.IonValueLite                                           : loaded 4 times (x 143B)
Class com.amazon.ion.impl._Private_IonSymbol                                          : loaded 4 times (x 66B)
Class com.android.ide.gradle.model.artifacts.AdditionalClassifierArtifacts            : loaded 4 times (x 66B)
Class com.google.common.collect.ImmutableAsList                                       : loaded 4 times (x 205B)
Class com.google.common.collect.Iterators$9                                           : loaded 4 times (x 77B)
Class org.jetbrains.plugins.gradle.tooling.serialization.internal.IdeaProjectSerializationService$WriteContext$2: loaded 4 times (x 79B)
Class com.amazon.ion.impl._Private_SymtabExtendsCache                                 : loaded 4 times (x 68B)
Class com.amazon.ion.impl.bin.utf8.Pool                                               : loaded 4 times (x 70B)
Class com.google.common.collect.ImmutableSet$CachingAsList                            : loaded 4 times (x 144B)
Class com.google.common.collect.Lists                                                 : loaded 4 times (x 67B)
Class com.amazon.ion.IonDatagram                                                      : loaded 4 times (x 66B)
Class com.amazon.ion.impl._Private_RecyclingStack$ElementFactory                      : loaded 4 times (x 66B)
Class com.amazon.ion.impl.bin.IonManagedBinaryWriter$ImportedSymbolResolverMode$1$1   : loaded 4 times (x 74B)
Class com.amazon.ion.impl._Private_ByteTransferSink                                   : loaded 4 times (x 66B)
Class org.jetbrains.plugins.gradle.model.ExternalProject                              : loaded 4 times (x 66B)
Class com.intellij.openapi.externalSystem.model.project.dependencies.ResolutionState  : loaded 4 times (x 75B)
Class org.jetbrains.plugins.gradle.tooling.serialization.internal.IdeaProjectSerializationService$WriteContext$1: loaded 4 times (x 79B)
Class com.amazon.ion.impl.bin.IonManagedBinaryWriter$SymbolState$4                    : loaded 4 times (x 76B)
Class com.google.common.collect.ImmutableCollection                                   : loaded 4 times (x 121B)
Class com.google.common.base.CharMatcher$AnyOf                                        : loaded 4 times (x 108B)
Class com.intellij.gradle.toolingExtension.impl.model.sourceSetArtifactIndex.GradleSourceSetArtifactBuildRequest: loaded 4 times (x 66B)
Class com.amazon.ion.IonBinaryWriter                                                  : loaded 4 times (x 66B)
Class com.amazon.ion.impl.bin.IonRawBinaryWriter$StreamFlushMode                      : loaded 4 times (x 75B)
Class com.amazon.ion.impl.bin.IonManagedBinaryWriter$SymbolState$3                    : loaded 4 times (x 76B)
Class com.amazon.ion.impl.bin.IonRawBinaryWriter$ContainerInfo                        : loaded 4 times (x 70B)
Class com.google.common.base.CharMatcher$ForPredicate                                 : loaded 4 times (x 108B)
Class com.intellij.gradle.toolingExtension.impl.model.warmUp.GradleTaskWarmUpRequest  : loaded 4 times (x 66B)
Class com.amazon.ion.IonNull                                                          : loaded 4 times (x 66B)
Class com.amazon.ion.impl.bin.IonManagedBinaryWriter$SymbolState$2                    : loaded 4 times (x 76B)
Class org.jetbrains.plugins.gradle.model.ExternalSourceSet                            : loaded 4 times (x 66B)
Class org.jetbrains.plugins.gradle.model.ProjectImportModelProvider                   : loaded 4 times (x 66B)
Class com.google.common.collect.Iterators$5                                           : loaded 4 times (x 78B)
Class org.jetbrains.plugins.gradle.model.VersionCatalogsModel                         : loaded 4 times (x 66B)
Class com.intellij.gradle.toolingExtension.impl.model.dependencyModel.DependencyReadContext: loaded 4 times (x 68B)
Class org.jetbrains.plugins.gradle.model.ExternalLibraryDependency                    : loaded 4 times (x 66B)
Class com.intellij.gradle.toolingExtension.impl.model.sourceSetDependencyModel.GradleSourceSetDependencySerialisationService$SourceSetDependencyModelReadContext: loaded 4 times (x 68B)
Class [Lcom.amazon.ion.IonType;                                                       : loaded 4 times (x 65B)
Class com.amazon.ion.impl.LocalSymbolTableAsStruct$Factory                            : loaded 4 times (x 75B)
Class com.amazon.ion.impl.bin.IonManagedBinaryWriter$SymbolState$1                    : loaded 4 times (x 76B)
Class com.google.common.collect.SortedIterable                                        : loaded 4 times (x 66B)
Class com.google.common.collect.Iterators$4                                           : loaded 4 times (x 78B)
Class com.google.common.collect.ImmutableBiMap                                        : loaded 4 times (x 139B)
Class com.intellij.util.containers.IntObjectHashMap                                   : loaded 4 times (x 68B)
Class org.jetbrains.plugins.gradle.model.ExternalDependency                           : loaded 4 times (x 66B)
Class org.jetbrains.plugins.gradle.model.IntelliJProjectSettings                      : loaded 4 times (x 66B)
Class com.google.common.collect.SingletonImmutableSet                                 : loaded 4 times (x 142B)
Class com.google.common.collect.ImmutableMap$IteratorBasedImmutableMap                : loaded 4 times (x 122B)
Class com.amazon.ion.UnknownSymbolException                                           : loaded 4 times (x 82B)
Class com.android.ide.gradle.model.composites.BuildMap                                : loaded 4 times (x 66B)
Class com.google.common.collect.Iterators$1                                           : loaded 4 times (x 77B)
Class com.amazon.ion.impl.bin.IonRawBinaryWriter$ThrowingRunnable                     : loaded 4 times (x 66B)
Class com.amazon.ion.IonValue                                                         : loaded 4 times (x 66B)
Class com.amazon.ion.impl.bin.IonManagedBinaryWriter$LocalSymbolTableView             : loaded 4 times (x 103B)
Class com.amazon.ion.impl._Private_RecyclingStack$Recycler                            : loaded 4 times (x 66B)
Class com.android.ide.gradle.model.ArtifactIdentifier                                 : loaded 4 times (x 66B)
Class org.jetbrains.kotlin.idea.gradleTooling.KotlinGradleModel                       : loaded 4 times (x 66B)
Class org.jetbrains.plugins.gradle.tooling.serialization.ExternalTestsSerializationService$WriteContext: loaded 4 times (x 68B)
Class com.amazon.ion.impl.bin.IonManagedBinaryWriter$SymbolResolverBuilder            : loaded 4 times (x 66B)
Class com.google.common.collect.ImmutableCollection$Builder                           : loaded 4 times (x 72B)
Class com.google.common.collect.Iterators$ArrayItr                                    : loaded 4 times (x 93B)
Class com.google.common.collect.ImmutableRangeSet$AsSet                               : loaded 4 times (x 296B)
Class com.amazon.ion.system.IonSystemBuilder$Mutable                                  : loaded 4 times (x 71B)
Class com.google.common.collect.ImmutableList$ReverseImmutableList                    : loaded 4 times (x 205B)
Class org.jetbrains.plugins.gradle.tooling.serialization.KotlinDslScriptsModelSerializationService: loaded 4 times (x 77B)
Class org.jetbrains.plugins.gradle.model.ExternalProjectDependency                    : loaded 4 times (x 66B)
Class org.gradle.api.UncheckedIOException                                             : loaded 4 times (x 78B)
Class com.google.common.collect.SingletonImmutableList                                : loaded 4 times (x 203B)
Class [Lcom.amazon.ion.SymbolToken;                                                   : loaded 4 times (x 65B)
Class org.jetbrains.plugins.gradle.tooling.util.IntObjectMap                          : loaded 4 times (x 69B)
Class com.google.common.collect.NullnessCasts                                         : loaded 4 times (x 67B)
Class com.intellij.gradle.toolingExtension.impl.model.projectModel.GradleExternalProjectSerializationService$WriteContext: loaded 4 times (x 69B)
Class com.amazon.ion.impl.bin._Private_IonManagedBinaryWriterBuilder                  : loaded 4 times (x 68B)
Class com.amazon.ion.impl._Private_IonWriter                                          : loaded 4 times (x 66B)
Class org.jetbrains.plugins.gradle.tooling.serialization.internal.adapter.InternalBuildIdentifier: loaded 4 times (x 71B)
Class com.amazon.ion.impl.bin.IonManagedBinaryWriter$UserState                        : loaded 4 times (x 81B)
Class com.google.common.collect.Multimap                                              : loaded 4 times (x 66B)
Class com.amazon.ion.impl.bin.IonRawBinaryWriter$ContainerType                        : loaded 4 times (x 75B)
Class com.amazon.ion.impl._Private_IonTextWriterBuilder$Mutable                       : loaded 4 times (x 98B)
Class org.jetbrains.plugins.gradle.tooling.serialization.RepositoriesModelSerializationService$ReadContext: loaded 4 times (x 68B)
Class [Lcom.amazon.ion.impl.bin.AbstractIonWriter$WriteValueOptimization;             : loaded 4 times (x 65B)
Class com.google.common.collect.BaseImmutableMultimap                                 : loaded 4 times (x 119B)
Class org.jetbrains.plugins.gradle.tooling.serialization.RepositoriesModelSerializationService: loaded 4 times (x 78B)
Class com.amazon.ion.impl.bin.Symbols                                                 : loaded 4 times (x 67B)
Class com.amazon.ion.IonBufferConfiguration                                           : loaded 4 times (x 69B)
Class com.android.ide.gradle.model.artifacts.AdditionalClassifierArtifactsModel       : loaded 4 times (x 66B)
Class com.google.common.base.Joiner                                                   : loaded 4 times (x 75B)
Class com.google.common.collect.ImmutableMap$Builder                                  : loaded 4 times (x 78B)
Class com.intellij.openapi.externalSystem.model.project.dependencies.ProjectDependencies: loaded 4 times (x 66B)
Class org.gradle.internal.impldep.gnu.trove.TObjectIdentityHashingStrategy            : loaded 4 times (x 74B)
Class org.jetbrains.plugins.gradle.tooling.serialization.ProjectDependenciesSerializationService$ReadContext: loaded 4 times (x 68B)
Class com.intellij.openapi.externalSystem.model.project.IExternalSystemSourceType     : loaded 4 times (x 66B)
Class com.amazon.ion.impl._Private_IonReaderBuilder$Mutable                           : loaded 4 times (x 91B)
Class com.google.common.collect.ImmutableMapEntrySet                                  : loaded 4 times (x 148B)
Class org.jetbrains.plugins.gradle.model.GradleTaskModel                              : loaded 4 times (x 66B)
Class org.jetbrains.plugins.gradle.tooling.util.ObjectCollector                       : loaded 4 times (x 68B)
Class org.jetbrains.plugins.gradle.model.IntelliJSettings                             : loaded 4 times (x 66B)
Class org.jetbrains.kotlin.idea.gradleTooling.KotlinSourceSetContainer                : loaded 4 times (x 66B)
Class com.amazon.ion.impl.bin._Private_IonManagedBinaryWriterBuilder$AllocatorMode    : loaded 4 times (x 76B)
Class com.google.common.collect.Platform                                              : loaded 4 times (x 67B)
Class com.amazon.ion.impl._Private_SymbolToken                                        : loaded 4 times (x 66B)
Class com.amazon.ion.impl.bin.IonManagedBinaryWriter$SymbolResolver                   : loaded 4 times (x 66B)
Class com.amazon.ion.impl._Private_IonReaderBuilder$TwoElementSequenceInputStream     : loaded 4 times (x 88B)
Class com.google.common.collect.AbstractIndexedListIterator                           : loaded 4 times (x 92B)
Class com.google.common.collect.ObjectArrays                                          : loaded 4 times (x 67B)
Class com.amazon.ion.ValueFactory                                                     : loaded 4 times (x 66B)
Class [Lcom.amazon.ion.impl.bin.IonManagedBinaryWriter$ImportedSymbolResolverMode;    : loaded 4 times (x 65B)
Class com.google.common.collect.UnmodifiableIterator                                  : loaded 4 times (x 76B)
Class com.amazon.ion.impl.IonWriterSystemText                                         : loaded 4 times (x 186B)
Class com.amazon.ion.impl.lite.IonContext                                             : loaded 4 times (x 66B)
Class com.amazon.ion.impl.lite.IonLoaderLite                                          : loaded 4 times (x 78B)
Class com.amazon.ion.impl.bin.utf8.Utf8StringEncoderPool$1                            : loaded 4 times (x 72B)
Class org.jetbrains.plugins.gradle.model.ExternalTask                                 : loaded 4 times (x 66B)
Class com.google.common.collect.AbstractIterator                                      : loaded 4 times (x 78B)
Class com.amazon.ion.impl.bin.Block                                                   : loaded 4 times (x 75B)
Class com.google.common.collect.BiMap                                                 : loaded 4 times (x 66B)
Class com.google.common.collect.ImmutableMap$1                                        : loaded 4 times (x 77B)
Class com.android.ide.gradle.model.GradlePropertiesModel                              : loaded 4 times (x 66B)
Class com.google.common.collect.IndexedImmutableSet                                   : loaded 4 times (x 148B)
Class com.amazon.ion.impl.lite.IonStringLite                                          : loaded 4 times (x 208B)
Class com.amazon.ion.impl.bin.PooledBlockAllocatorProvider$PooledBlockAllocator$1     : loaded 4 times (x 75B)
Class com.amazon.ion.impl.IonWriterSystem                                             : loaded 4 times (x 167B)
Class com.amazon.ion.impl.bin.Symbols$2                                               : loaded 4 times (x 103B)
Class com.amazon.ion.impl.bin._Private_IonManagedWriter                               : loaded 4 times (x 66B)
Class com.intellij.gradle.toolingExtension.util.GradleVersionUtil                     : loaded 4 times (x 67B)
Class com.google.common.base.CharMatcher$And                                          : loaded 4 times (x 108B)
Class org.gradle.internal.impldep.gnu.trove.TObjectCanonicalHashingStrategy           : loaded 4 times (x 76B)
Class com.google.common.collect.AbstractMapEntry                                      : loaded 4 times (x 77B)
Class com.intellij.gradle.toolingExtension.impl.model.buildScriptClasspathModel.GradleBuildScriptClasspathSerializationService$WriteContext: loaded 4 times (x 68B)
Class com.amazon.ion.IonMutableCatalog                                                : loaded 4 times (x 66B)
Class com.amazon.ion.impl._Private_IonReaderBuilder                                   : loaded 4 times (x 91B)
Class com.amazon.ion.impl._Private_RecyclingStack                                     : loaded 4 times (x 75B)
Class org.jetbrains.plugins.gradle.ExternalDependencyId                               : loaded 4 times (x 66B)
Class com.google.common.collect.Lists$StringAsImmutableList                           : loaded 4 times (x 203B)
Class org.gradle.internal.impldep.gnu.trove.Equality                                  : loaded 4 times (x 66B)
Class com.amazon.ion.impl.bin._Private_IonManagedBinaryWriterBuilder$AllocatorMode$2  : loaded 4 times (x 76B)
Class com.amazon.ion.impl._Private_IonTextWriterBuilder                               : loaded 4 times (x 98B)
Class com.amazon.ion.impl.lite.IonFloatLite                                           : loaded 4 times (x 182B)
Class com.android.ide.gradle.model.ArtifactIdentifierImpl                             : loaded 4 times (x 73B)
Class com.amazon.ion.impl.lite.IonContainerLite                                       : loaded 4 times (x 244B)
Class com.amazon.ion.IonBufferConfiguration$OversizedSymbolTableHandler               : loaded 4 times (x 66B)
Class com.amazon.ion.system.IonWriterBuilder                                          : loaded 4 times (x 70B)
Class org.jetbrains.plugins.gradle.tooling.serialization.ToolingStreamApiUtils        : loaded 4 times (x 67B)
Class com.google.common.collect.Range                                                 : loaded 4 times (x 83B)
Class com.amazon.ion.facet.Faceted                                                    : loaded 4 times (x 66B)
Class com.google.common.collect.AbstractMultimap                                      : loaded 4 times (x 119B)
Class com.google.common.collect.Iterators                                             : loaded 4 times (x 67B)
Class org.jetbrains.plugins.gradle.tooling.serialization.ProjectDependenciesSerializationService: loaded 4 times (x 73B)
Class com.google.common.collect.ImmutableList$Builder                                 : loaded 4 times (x 73B)
Class org.jetbrains.plugins.gradle.tooling.serialization.ProjectDependenciesSerializationService$WriteContext: loaded 4 times (x 68B)
Class com.amazon.ion.impl.bin._Private_IonManagedBinaryWriterBuilder$AllocatorMode$1  : loaded 4 times (x 76B)
Class com.amazon.ion.Decimal                                                          : loaded 4 times (x 129B)
Class com.amazon.ion.impl.bin.AbstractSymbolTable                                     : loaded 4 times (x 103B)
Class com.amazon.ion.impl._Private_ReaderWriter                                       : loaded 4 times (x 66B)
Class com.amazon.ion.impl.bin.utf8.Poolable                                           : loaded 4 times (x 75B)
Class com.amazon.ion.impl.lite.IonStructLite                                          : loaded 4 times (x 294B)
Class com.amazon.ion.IonSymbol                                                        : loaded 4 times (x 66B)
Class org.jetbrains.kotlin.idea.gradleTooling.KotlinGradlePluginVersion               : loaded 4 times (x 66B)
Class com.google.common.collect.ImmutableRangeSet$1                                   : loaded 4 times (x 206B)
Class org.jetbrains.plugins.gradle.tooling.serialization.AnnotationProcessingModelSerializationService$WriteContext: loaded 4 times (x 68B)
Class org.gradle.internal.impldep.gnu.trove.THash                                     : loaded 4 times (x 77B)
Class com.google.common.collect.RegularImmutableAsList                                : loaded 4 times (x 213B)
Class org.gradle.tooling.model.gradle.GradleScript                                    : loaded 3 times (x 66B)
Class kotlin.ranges.IntProgression                                                    : loaded 3 times (x 77B)
Class com.android.ide.common.gradle.Part                                              : loaded 3 times (x 73B)
Class kotlin.io.TerminateException                                                    : loaded 3 times (x 78B)
Class kotlin.io.FilesKt__FilePathComponentsKt                                         : loaded 3 times (x 67B)
Class com.android.builder.model.v2.ide.CodeShrinker                                   : loaded 3 times (x 75B)
Class ijInit2_eckzo4rzlkr7rwz5erdvl6w9j                                               : loaded 3 times (x 175B)
Class kotlin.text.StringsKt__StringsKt                                                : loaded 3 times (x 67B)
Class kotlin.reflect.KCallable                                                        : loaded 3 times (x 66B)
Class com.android.builder.model.v2.ide.ViewBindingOptions                             : loaded 3 times (x 66B)
Class kotlin.text.MatchGroupCollection                                                : loaded 3 times (x 66B)
Class org.gradle.tooling.internal.adapter.MethodInvoker                               : loaded 3 times (x 66B)
Class com.google.common.collect.LexicographicalOrdering                               : loaded 3 times (x 111B)
Class com.google.common.collect.ForwardingCollection                                  : loaded 3 times (x 126B)
Class kotlin.text.MatcherMatchResult                                                  : loaded 3 times (x 76B)
Class kotlin.sequences.FlatteningSequence                                             : loaded 3 times (x 71B)
Class kotlin.NotImplementedError                                                      : loaded 3 times (x 78B)
Class org.gradle.tooling.internal.adapter.ProtocolToModelAdapter$ViewDecoration       : loaded 3 times (x 66B)
Class org.gradle.tooling.internal.adapter.ProtocolToModelAdapter$1                    : loaded 3 times (x 71B)
Class kotlin.collections.CollectionsKt__MutableCollectionsKt                          : loaded 3 times (x 67B)
Class com.android.builder.model.v2.ide.BytecodeTransformation                         : loaded 3 times (x 75B)
Class org.gradle.tooling.GradleConnectionException                                    : loaded 3 times (x 78B)
Class kotlin.collections.AbstractIterator                                             : loaded 3 times (x 79B)
Class kotlin.text.CharsKt                                                             : loaded 3 times (x 67B)
Class org.gradle.tooling.internal.adapter.WeakIdentityHashMap                         : loaded 3 times (x 72B)
Class kotlin.coroutines.jvm.internal.DebugProbesKt                                    : loaded 3 times (x 67B)
Class kotlin.coroutines.CoroutineContext                                              : loaded 3 times (x 66B)
Class org.gradle.tooling.model.kotlin.dsl.KotlinDslScriptModel                        : loaded 3 times (x 66B)
Class org.gradle.tooling.internal.adapter.CollectionMapper                            : loaded 3 times (x 69B)
Class com.android.builder.model.v2.dsl.BuildType                                      : loaded 3 times (x 66B)
Class kotlin.ranges.IntProgressionIterator                                            : loaded 3 times (x 78B)
Class kotlin.collections.CollectionsKt                                                : loaded 3 times (x 67B)
Class kotlin.io.NoSuchFileException                                                   : loaded 3 times (x 78B)
Class com.android.utils.StringHelper                                                  : loaded 3 times (x 67B)
Class org.jetbrains.kotlin.tooling.core.KotlinToolingVersion                          : loaded 3 times (x 71B)
Class org.gradle.tooling.internal.adapter.ProtocolToModelAdapter$MethodInvocationCache$MethodInvocationKey: loaded 3 times (x 69B)
Class kotlin.coroutines.jvm.internal.CoroutineStackFrame                              : loaded 3 times (x 66B)
Class kotlin.coroutines.intrinsics.IntrinsicsKt__IntrinsicsJvmKt                      : loaded 3 times (x 67B)
Class kotlin.sequences.FilteringSequence$iterator$1                                   : loaded 3 times (x 75B)
Class kotlin.io.FilesKt__FileTreeWalkKt                                               : loaded 3 times (x 67B)
Class [Lcom.android.builder.model.v2.ide.LibraryType;                                 : loaded 3 times (x 65B)
Class com.android.builder.model.v2.ide.LibraryType                                    : loaded 3 times (x 75B)
Class kotlin.jvm.internal.StringCompanionObject                                       : loaded 3 times (x 67B)
Class com.google.common.collect.ExplicitOrdering                                      : loaded 3 times (x 111B)
Class kotlin.jvm.internal.Ref$BooleanRef                                              : loaded 3 times (x 67B)
Class kotlin.jvm.internal.CollectionToArray                                           : loaded 3 times (x 67B)
Class kotlin.collections.CollectionsKt__ReversedViewsKt                               : loaded 3 times (x 67B)
Class kotlin.sequences.SequencesKt__SequenceBuilderKt                                 : loaded 3 times (x 67B)
Class org.gradle.util.GradleVersion                                                   : loaded 3 times (x 79B)
Class kotlin.coroutines.jvm.internal.SuspendFunction                                  : loaded 3 times (x 66B)
Class com.google.common.collect.ComparisonChain$InactiveComparisonChain               : loaded 3 times (x 76B)
Class org.gradle.tooling.model.UnsupportedMethodException                             : loaded 3 times (x 78B)
Class com.android.builder.model.v2.ide.BasicArtifact                                  : loaded 3 times (x 66B)
Class org.gradle.tooling.internal.adapter.ProtocolToModelAdapter$SupportedPropertyInvoker: loaded 3 times (x 72B)
Class kotlin.Pair                                                                     : loaded 3 times (x 68B)
Class kotlin.sequences.TransformingSequence$iterator$1                                : loaded 3 times (x 75B)
Class org.gradle.tooling.model.DomainObjectSet                                        : loaded 3 times (x 66B)
Class org.gradle.tooling.model.idea.IdeaProject                                       : loaded 3 times (x 66B)
Class org.gradle.tooling.internal.adapter.ProtocolToModelAdapter$ViewGraphDetails     : loaded 3 times (x 68B)
Class com.android.builder.model.v2.ide.LintOptions                                    : loaded 3 times (x 66B)
Class org.gradle.tooling.internal.adapter.ProtocolToModelAdapter                      : loaded 3 times (x 76B)
Class kotlin.jvm.internal.markers.KMappedMarker                                       : loaded 3 times (x 66B)
Class org.gradle.internal.time.Timer                                                  : loaded 3 times (x 66B)
Class com.android.builder.model.v2.ide.SourceSetContainer                             : loaded 3 times (x 66B)
Class com.android.builder.model.v2.models.VariantDependenciesAdjacencyList            : loaded 3 times (x 66B)
Class org.gradle.tooling.model.build.JavaEnvironment                                  : loaded 3 times (x 66B)
Class com.android.builder.model.v2.models.VariantDependenciesFlatList                 : loaded 3 times (x 66B)
Class kotlin.collections.ArraysKt___ArraysKt$asSequence$$inlined$Sequence$1           : loaded 3 times (x 71B)
Class com.google.common.collect.ReverseOrdering                                       : loaded 3 times (x 111B)
Class com.android.ide.common.gradle.Separator                                         : loaded 3 times (x 75B)
Class com.android.builder.model.v2.ide.AndroidGradlePluginProjectFlags$BooleanFlag    : loaded 3 times (x 75B)
Class kotlin.collections.MapsKt__MapsJVMKt                                            : loaded 3 times (x 67B)
Class kotlin.collections.EmptyList                                                    : loaded 3 times (x 170B)
Class com.android.builder.model.v2.ide.Edge                                           : loaded 3 times (x 66B)
Class org.gradle.internal.time.DefaultTimer                                           : loaded 3 times (x 76B)
Class org.gradle.tooling.model.build.GradleEnvironment                                : loaded 3 times (x 66B)
Class org.gradle.tooling.internal.adapter.ProtocolToModelAdapter$InvocationHandlerImpl: loaded 3 times (x 73B)
Class com.android.builder.model.v2.ide.VectorDrawablesOptions                         : loaded 3 times (x 66B)
Class org.gradle.tooling.model.BuildIdentifier                                        : loaded 3 times (x 66B)
Class kotlin.NoWhenBranchMatchedException                                             : loaded 3 times (x 78B)
Class kotlin.ranges.IntProgression$Companion                                          : loaded 3 times (x 67B)
Class com.android.builder.model.v2.ide.AndroidArtifact                                : loaded 3 times (x 66B)
Class kotlin.jvm.internal.CallableReference$NoReceiver                                : loaded 3 times (x 67B)
Class kotlin.text.StringsKt__StringBuilderKt                                          : loaded 3 times (x 67B)
Class org.gradle.tooling.internal.adapter.TargetTypeProvider                          : loaded 3 times (x 66B)
Class kotlin.collections.ArraysKt__ArraysJVMKt                                        : loaded 3 times (x 67B)
Class com.android.builder.model.v2.models.ProjectGraph                                : loaded 3 times (x 66B)
Class com.android.ide.common.repository.AgpVersion$PreviewKind                        : loaded 3 times (x 75B)
Class com.android.ide.common.gradle.Version$Companion$ParseState$NUMERIC              : loaded 3 times (x 70B)
Class com.android.builder.model.v2.ide.AaptOptions$Namespacing                        : loaded 3 times (x 75B)
Class com.android.utils.FileUtils                                                     : loaded 3 times (x 67B)
Class org.gradle.internal.time.Time                                                   : loaded 3 times (x 67B)
Class kotlin.coroutines.EmptyCoroutineContext                                         : loaded 3 times (x 73B)
Class kotlin.collections.SetsKt__SetsKt                                               : loaded 3 times (x 67B)
Class com.google.common.collect.ByFunctionOrdering                                    : loaded 3 times (x 111B)
Class org.gradle.tooling.internal.adapter.ProtocolToModelAdapter$ViewKey              : loaded 3 times (x 68B)
Class kotlin.sequences.TransformingSequence                                           : loaded 3 times (x 71B)
Class com.android.builder.model.v2.dsl.DependenciesInfo                               : loaded 3 times (x 66B)
Class org.gradle.tooling.internal.adapter.MethodInvocation                            : loaded 3 times (x 81B)
Class org.gradle.internal.operations.MultipleBuildOperationFailures                   : loaded 3 times (x 91B)
Class org.gradle.tooling.model.HierarchicalElement                                    : loaded 3 times (x 66B)
Class kotlin.collections.ArrayDeque$Companion                                         : loaded 3 times (x 67B)
Class kotlin.collections.ArraysKt                                                     : loaded 3 times (x 67B)
Class com.android.builder.model.v2.ide.ProjectInfo                                    : loaded 3 times (x 66B)
Class kotlin.text.CharsKt__CharKt                                                     : loaded 3 times (x 67B)
Class org.gradle.internal.exceptions.DefaultMultiCauseException                       : loaded 3 times (x 91B)
Class org.gradle.tooling.internal.adapter.WeakIdentityHashMap$WeakKey                 : loaded 3 times (x 75B)
Class org.gradle.tooling.internal.adapter.ProtocolToModelAdapter$SafeMethodInvoker    : loaded 3 times (x 72B)
Class org.gradle.tooling.model.idea.IdeaLanguageLevel                                 : loaded 3 times (x 66B)
Class kotlin.ranges.RangesKt___RangesKt                                               : loaded 3 times (x 67B)
Class com.android.builder.model.v2.CustomSourceDirectory                              : loaded 3 times (x 66B)
Class com.android.ide.common.repository.AgpVersion$Companion$WhenMappings             : loaded 3 times (x 67B)
Class com.google.common.collect.NullsFirstOrdering                                    : loaded 3 times (x 111B)
Class com.android.ide.common.repository.AgpVersion                                    : loaded 3 times (x 71B)
Class kotlin.ResultKt                                                                 : loaded 3 times (x 67B)
Class kotlin.sequences.SequencesKt__SequencesKt$flatten$3                             : loaded 3 times (x 74B)
Class org.gradle.tooling.internal.adapter.ProtocolToModelAdapter$PropertyCachingMethodInvoker: loaded 3 times (x 72B)
Class kotlin.KotlinNullPointerException                                               : loaded 3 times (x 79B)
Class kotlin.sequences.SequenceBuilderIterator                                        : loaded 3 times (x 81B)
Class kotlin.ranges.OpenEndRange                                                      : loaded 3 times (x 66B)
Class com.android.ide.common.gradle.Version$Companion$ParseState$EMPTY                : loaded 3 times (x 70B)
Class Build_gradle$1$6                                                                : loaded 3 times (x 74B)
Class org.gradle.tooling.model.ProjectModel                                           : loaded 3 times (x 66B)
Class kotlin.coroutines.intrinsics.CoroutineSingletons                                : loaded 3 times (x 75B)
Class kotlin.collections.CollectionsKt__IterablesKt                                   : loaded 3 times (x 67B)
Class kotlin.collections.MapsKt                                                       : loaded 3 times (x 67B)
Class kotlin.Result                                                                   : loaded 3 times (x 68B)
Class kotlin.sequences.SequencesKt__SequencesKt$flatten$1                             : loaded 3 times (x 74B)
Class Build_gradle$1$5                                                                : loaded 3 times (x 74B)
Class org.gradle.kotlin.dsl.ImplementationConfigurationAccessorsKt                    : loaded 3 times (x 67B)
Class com.android.builder.model.v2.ide.TestInfo$Execution                             : loaded 3 times (x 75B)
Class kotlin.jvm.internal.Intrinsics                                                  : loaded 3 times (x 67B)
Class org.gradle.internal.time.CountdownTimer                                         : loaded 3 times (x 66B)
Class org.gradle.internal.exceptions.MultiCauseException                              : loaded 3 times (x 66B)
Class kotlin.coroutines.intrinsics.IntrinsicsKt                                       : loaded 3 times (x 67B)
Class com.android.builder.model.v2.models.ProjectSyncIssues                           : loaded 3 times (x 66B)
Class kotlin.collections.ArraysKt__ArraysKt                                           : loaded 3 times (x 67B)
Class kotlin.Result$Failure                                                           : loaded 3 times (x 68B)
Class org.gradle.internal.time.DefaultCountdownTimer                                  : loaded 3 times (x 84B)
Class kotlin.jvm.internal.markers.KMutableCollection                                  : loaded 3 times (x 66B)
Class kotlin.reflect.KAnnotatedElement                                                : loaded 3 times (x 66B)
Class kotlin.collections.EmptyMap                                                     : loaded 3 times (x 105B)
Class kotlin.text.MatcherMatchResult$groups$1                                         : loaded 3 times (x 147B)
Class com.android.builder.model.v2.ide.TestedTargetVariant                            : loaded 3 times (x 66B)
Class kotlin.ranges.IntRange$Companion                                                : loaded 3 times (x 67B)
Class Build_gradle$1$4                                                                : loaded 3 times (x 70B)
Class com.android.builder.model.v2.models.VariantDependencies                         : loaded 3 times (x 66B)
Class com.google.common.collect.ReverseNaturalOrdering                                : loaded 3 times (x 110B)
Class Build_gradle$1$3                                                                : loaded 3 times (x 74B)
Class org.jetbrains.kotlin.tooling.core.HasMutableExtras                              : loaded 3 times (x 66B)
Class kotlin.enums.EnumEntriesKt                                                      : loaded 3 times (x 67B)
Class kotlin.text.MatcherMatchResult$groupValues$1                                    : loaded 3 times (x 194B)
Class kotlin.collections.CollectionsKt__MutableCollectionsJVMKt                       : loaded 3 times (x 67B)
Class com.google.common.collect.NullsLastOrdering                                     : loaded 3 times (x 111B)
Class kotlin.text.StringsKt___StringsKt                                               : loaded 3 times (x 67B)
Class kotlin.collections.SetsKt__SetsJVMKt                                            : loaded 3 times (x 67B)
Class org.gradle.tooling.internal.adapter.ProtocolToModelAdapter$AdaptingMethodInvoker: loaded 3 times (x 72B)
Class org.gradle.tooling.internal.gradle.DefaultBuildIdentifier                       : loaded 3 times (x 75B)
Class kotlin.Function                                                                 : loaded 3 times (x 66B)
Class [Lcom.android.ide.common.gradle.Separator;                                      : loaded 3 times (x 65B)
Class kotlin.sequences.SequencesKt___SequencesKt                                      : loaded 3 times (x 67B)
Class Build_gradle$1$2                                                                : loaded 3 times (x 75B)
Class org.gradle.tooling.internal.adapter.ProtocolToModelAdapter$ReflectionMethodInvoker: loaded 3 times (x 72B)
Class kotlin.collections.MapsKt__MapWithDefaultKt                                     : loaded 3 times (x 67B)
Class gnu.trove.TObjectHashingStrategy                                                : loaded 3 times (x 66B)
Class kotlin.collections.AbstractList$Companion                                       : loaded 3 times (x 67B)
Class Build_gradle$1$1                                                                : loaded 3 times (x 74B)
Class kotlin.collections.ArraysKt___ArraysKt                                          : loaded 3 times (x 67B)
Class kotlin.collections.MapsKt___MapsKt                                              : loaded 3 times (x 67B)
Class kotlin.io.FileAlreadyExistsException                                            : loaded 3 times (x 78B)
Class kotlin.internal.ProgressionUtilKt                                               : loaded 3 times (x 67B)
Class com.android.builder.model.v2.models.Versions$Version                            : loaded 3 times (x 66B)
Class kotlin.io.FilesKt                                                               : loaded 3 times (x 67B)
Class kotlin.annotation.Retention                                                     : loaded 3 times (x 66B)
Class kotlin.reflect.KDeclarationContainer                                            : loaded 3 times (x 66B)
Class com.android.builder.model.v2.ide.ApiVersion                                     : loaded 3 times (x 66B)
Class kotlin.text.StringsKt___StringsJvmKt                                            : loaded 3 times (x 67B)
Class com.android.builder.model.v2.ide.AndroidLibraryData                             : loaded 3 times (x 66B)
Class com.android.ide.common.gradle.Version                                           : loaded 3 times (x 71B)
Class kotlin.collections.CollectionsKt__IteratorsJVMKt                                : loaded 3 times (x 67B)
Class gnu.trove.Equality                                                              : loaded 3 times (x 66B)
Class org.gradle.tooling.internal.adapter.ViewBuilder                                 : loaded 3 times (x 66B)
Class org.gradle.tooling.model.idea.IdeaModuleDependency                              : loaded 3 times (x 66B)
Class org.gradle.internal.exceptions.NonGradleCauseExceptionsHolder                   : loaded 3 times (x 66B)
Class kotlin.collections.CollectionsKt___CollectionsKt                                : loaded 3 times (x 67B)
Class kotlin.annotation.Target                                                        : loaded 3 times (x 66B)
Class kotlin.collections.EmptySet                                                     : loaded 3 times (x 118B)
Class kotlin.jvm.functions.Function4                                                  : loaded 3 times (x 66B)
Class com.google.common.collect.Ordering                                              : loaded 3 times (x 110B)
Class [Lcom.android.ide.common.repository.AgpVersion$PreviewKind;                     : loaded 3 times (x 65B)
Class kotlin.sequences.SequencesKt___SequencesKt$flatMap$2                            : loaded 3 times (x 121B)
Class org.gradle.tooling.internal.adapter.WeakIdentityHashMap$AbsentValueProvider     : loaded 3 times (x 66B)
Class kotlin.collections.MapsKt___MapsJvmKt                                           : loaded 3 times (x 67B)
Class kotlin.jvm.functions.Function2                                                  : loaded 3 times (x 66B)
Class kotlin.KotlinNothingValueException                                              : loaded 3 times (x 78B)
Class com.android.builder.model.v2.models.ndk.NativeModelBuilderParameter             : loaded 3 times (x 66B)
Class kotlin.text.StringsKt__AppendableKt                                             : loaded 3 times (x 67B)
Class kotlin.jvm.functions.Function1                                                  : loaded 3 times (x 66B)
Class kotlin.collections.AbstractMutableList                                          : loaded 3 times (x 202B)
Class com.android.builder.model.v2.ide.AaptOptions                                    : loaded 3 times (x 66B)
Class [Lcom.android.builder.model.v2.ide.BytecodeTransformation;                      : loaded 3 times (x 65B)
Class com.android.ide.common.gradle.Version$Companion                                 : loaded 3 times (x 67B)
Class com.android.builder.model.v2.models.AndroidDsl                                  : loaded 3 times (x 66B)
Class kotlin.comparisons.ComparisonsKt___ComparisonsJvmKt                             : loaded 3 times (x 67B)
Class org.gradle.tooling.model.idea.IdeaDependency                                    : loaded 3 times (x 66B)
Class org.gradle.tooling.internal.gradle.DefaultProjectIdentifier                     : loaded 3 times (x 82B)
Class kotlin.jvm.functions.Function0                                                  : loaded 3 times (x 66B)
Class kotlin.sequences.FlatteningSequence$iterator$1                                  : loaded 3 times (x 75B)
Class kotlin.collections.ArraysUtilJVM                                                : loaded 3 times (x 67B)
Class org.gradle.tooling.internal.gradle.GradleProjectIdentity                        : loaded 3 times (x 66B)
Class com.android.ide.common.repository.AgpVersion$Companion                          : loaded 3 times (x 67B)
Class org.gradle.tooling.internal.adapter.ProtocolToModelAdapter$ViewGraphDetails$1   : loaded 3 times (x 73B)
Class kotlin.ranges.RangesKt                                                          : loaded 3 times (x 67B)
Class [Lcom.android.builder.model.v2.ide.AaptOptions$Namespacing;                     : loaded 3 times (x 65B)
Class com.android.ide.common.gradle.Version$Companion$ParseState                      : loaded 3 times (x 66B)
Class kotlin.Unit                                                                     : loaded 3 times (x 67B)
Class org.gradle.tooling.internal.adapter.ProtocolToModelAdapter$DefaultViewBuilder   : loaded 3 times (x 76B)
Class kotlin.sequences.SequencesKt___SequencesJvmKt                                   : loaded 3 times (x 67B)
Class kotlin.jvm.internal.markers.KMutableIterable                                    : loaded 3 times (x 66B)
Class kotlin.TuplesKt                                                                 : loaded 3 times (x 67B)
Class [Lcom.android.builder.model.v2.ide.ProjectType;                                 : loaded 3 times (x 65B)
Class kotlin.jvm.internal.ArrayIteratorKt                                             : loaded 3 times (x 67B)
Class kotlin.ranges.ClosedRange                                                       : loaded 3 times (x 66B)
Class com.android.builder.model.v2.ide.JavaArtifact                                   : loaded 3 times (x 66B)
Class com.android.ide.common.gradle.Numeric                                           : loaded 3 times (x 73B)
Class kotlin.collections.CollectionsKt___CollectionsJvmKt                             : loaded 3 times (x 67B)
Class kotlin.jvm.internal.FunctionReferenceImpl                                       : loaded 3 times (x 118B)
Class com.google.common.collect.ComparatorOrdering                                    : loaded 3 times (x 111B)
Class org.gradle.util.internal.DefaultGradleVersion                                   : loaded 3 times (x 80B)
Class kotlin.Result$Companion                                                         : loaded 3 times (x 67B)
Class kotlin.coroutines.jvm.internal.BaseContinuationImpl                             : loaded 3 times (x 83B)
Class com.android.builder.model.v2.ide.SourceProvider                                 : loaded 3 times (x 66B)
Class com.android.builder.model.v2.ide.BundleInfo                                     : loaded 3 times (x 66B)
Class kotlin.comparisons.ComparisonsKt___ComparisonsKt                                : loaded 3 times (x 67B)
Class kotlin.comparisons.ComparisonsKt                                                : loaded 3 times (x 67B)
Class kotlin.sequences.FilteringSequence                                              : loaded 3 times (x 71B)
Class kotlin.text.CharsKt__CharJVMKt                                                  : loaded 3 times (x 67B)
Class kotlin.coroutines.Continuation                                                  : loaded 3 times (x 66B)
Class kotlin.sequences.SequencesKt__SequencesKt                                       : loaded 3 times (x 67B)
Class kotlin.collections.SetsKt___SetsKt                                              : loaded 3 times (x 67B)
Class kotlin.ranges.RangesKt__RangesKt                                                : loaded 3 times (x 67B)
Class com.android.builder.model.v2.ide.BasicVariant                                   : loaded 3 times (x 66B)
Class com.android.builder.model.v2.ide.AndroidGradlePluginProjectFlags                : loaded 3 times (x 66B)
Class [Lcom.android.builder.model.v2.ide.AndroidGradlePluginProjectFlags$BooleanFlag; : loaded 3 times (x 65B)
Class kotlin.comparisons.ComparisonsKt__ComparisonsKt                                 : loaded 3 times (x 67B)
Class org.gradle.kotlin.dsl.Accessors6ijptz36i787i38pli2t3331aKt                      : loaded 3 times (x 67B)
Class org.gradle.kotlin.dsl.AndroidTestImplementationConfigurationAccessorsKt         : loaded 3 times (x 67B)
Class kotlin.text.StringsKt__StringsJVMKt                                             : loaded 3 times (x 67B)
Class kotlin.collections.IntIterator                                                  : loaded 3 times (x 78B)
Class org.gradle.tooling.model.internal.ImmutableDomainObjectSet                      : loaded 3 times (x 151B)
Class org.jetbrains.kotlin.tooling.core.Extras                                        : loaded 3 times (x 66B)
Class kotlin.sequences.SequencesKt__SequenceBuilderKt$sequence$$inlined$Sequence$1    : loaded 3 times (x 71B)
Class kotlin.text.Regex                                                               : loaded 3 times (x 68B)
Class kotlin.text.StringsKt__StringBuilderJVMKt                                       : loaded 3 times (x 67B)
Class kotlin.jvm.KotlinReflectionNotSupportedError                                    : loaded 3 times (x 78B)
Class kotlin.collections.AbstractCollection                                           : loaded 3 times (x 113B)
Class kotlin.collections.AbstractList                                                 : loaded 3 times (x 193B)
Class org.gradle.tooling.model.Element                                                : loaded 3 times (x 66B)
Class org.gradle.tooling.internal.adapter.ProtocolToModelAdapter$NoOpDecoration       : loaded 3 times (x 75B)
Class org.gradle.tooling.internal.adapter.TypeInspector                               : loaded 3 times (x 69B)
Class kotlin.coroutines.jvm.internal.RestrictedSuspendLambda                          : loaded 3 times (x 87B)
Class kotlin.sequences.SequencesKt__SequencesJVMKt                                    : loaded 3 times (x 67B)
Class com.google.common.collect.CompoundOrdering                                      : loaded 3 times (x 111B)
Class kotlin.text.StringsKt__IndentKt                                                 : loaded 3 times (x 67B)
Class com.android.builder.model.v2.dsl.SigningConfig                                  : loaded 3 times (x 66B)
Class kotlin.enums.EnumEntriesList                                                    : loaded 3 times (x 219B)
Class com.android.builder.model.v2.models.AndroidProject                              : loaded 3 times (x 66B)
Class com.android.builder.model.v2.AndroidModel                                       : loaded 3 times (x 66B)
Class com.android.builder.model.v2.dsl.ProductFlavor                                  : loaded 3 times (x 66B)
Class kotlin.collections.SetsKt                                                       : loaded 3 times (x 67B)
Class kotlin.io.FilePathComponents                                                    : loaded 3 times (x 68B)
Class [Lcom.android.builder.model.v2.ide.TestInfo$Execution;                          : loaded 3 times (x 65B)
Class kotlin.text.StringsKt__StringNumberConversionsJVMKt                             : loaded 3 times (x 67B)
Class Build_gradle$2                                                                  : loaded 3 times (x 75B)
Class org.gradle.internal.time.Clock                                                  : loaded 3 times (x 66B)
Class kotlin.text.StringsKt__RegexExtensionsKt                                        : loaded 3 times (x 67B)
Class kotlin.collections.EmptyIterator                                                : loaded 3 times (x 85B)
Class com.google.common.collect.NaturalOrdering                                       : loaded 3 times (x 111B)
Class kotlin.text.MatchResult                                                         : loaded 3 times (x 66B)
Class kotlin.jvm.internal.FunctionBase                                                : loaded 3 times (x 66B)
Class com.android.builder.model.v2.models.BasicAndroidProject                         : loaded 3 times (x 66B)
Class org.gradle.tooling.ToolingModelContract                                         : loaded 3 times (x 66B)
Class kotlin.jvm.internal.ArrayIterator                                               : loaded 3 times (x 75B)
Class [Lkotlin.coroutines.intrinsics.CoroutineSingletons;                             : loaded 3 times (x 65B)
Class kotlin.sequences.SequenceScope                                                  : loaded 3 times (x 69B)
Class kotlin.sequences.Sequence                                                       : loaded 3 times (x 66B)
Class kotlin.jvm.internal.DefaultConstructorMarker                                    : loaded 3 times (x 67B)
Class org.gradle.internal.time.TimeSource$1                                           : loaded 3 times (x 73B)
Class com.android.builder.model.v2.dsl.BaseConfig                                     : loaded 3 times (x 66B)
Class kotlin.reflect.KFunction                                                        : loaded 3 times (x 66B)
Class kotlin.collections.ArrayDeque                                                   : loaded 3 times (x 203B)
Class org.jetbrains.kotlin.tooling.core.HasExtras                                     : loaded 3 times (x 66B)
Class com.google.common.collect.ComparisonChain                                       : loaded 3 times (x 76B)
Class com.android.builder.model.v2.ide.ProjectType                                    : loaded 3 times (x 75B)
Class kotlin.io.FileSystemException                                                   : loaded 3 times (x 78B)
Class com.android.builder.model.v2.ide.ComponentInfo                                  : loaded 3 times (x 66B)
Class org.gradle.tooling.model.ProjectIdentifier                                      : loaded 3 times (x 66B)
Class org.gradle.tooling.model.idea.IdeaCompilerOutput                                : loaded 3 times (x 66B)
Class kotlin.text.MatchResult$DefaultImpls                                            : loaded 3 times (x 67B)
Class kotlin.jvm.internal.FunctionReference                                           : loaded 3 times (x 118B)
Class org.gradle.kotlin.dsl.TestImplementationConfigurationAccessorsKt                : loaded 3 times (x 67B)
Class org.gradle.internal.exceptions.ResolutionProvider                               : loaded 3 times (x 66B)
Class org.gradle.tooling.internal.adapter.ProtocolToModelAdapter$MixInMappingAction   : loaded 3 times (x 76B)
Class com.android.builder.model.v2.ide.JavaCompileOptions                             : loaded 3 times (x 66B)
Class kotlin.jvm.internal.Lambda                                                      : loaded 3 times (x 71B)
Class kotlin.collections.CollectionsKt___CollectionsKt$asSequence$$inlined$Sequence$1 : loaded 3 times (x 71B)
Class kotlin.collections.MapsKt__MapsKt                                               : loaded 3 times (x 67B)
Class org.gradle.kotlin.dsl.Accessors377twfxlhpj2n65rquy9ybeqsKt                      : loaded 3 times (x 67B)
Class kotlin.enums.EnumEntries                                                        : loaded 3 times (x 66B)
Class org.gradle.tooling.internal.gradle.GradleBuildIdentity                          : loaded 3 times (x 66B)
Class com.android.builder.model.v2.ide.TestInfo                                       : loaded 3 times (x 66B)
Class org.gradle.tooling.model.kotlin.dsl.KotlinDslScriptsModel                       : loaded 3 times (x 66B)
Class org.gradle.internal.time.TimeSource                                             : loaded 3 times (x 66B)
Class org.gradle.tooling.model.idea.IdeaDependencyScope                               : loaded 3 times (x 66B)
Class kotlin.ranges.IntRange                                                          : loaded 3 times (x 89B)
Class [Lorg.gradle.api.JavaVersion;                                                   : loaded 3 times (x 65B)
Class kotlin.jvm.internal.CallableReference                                           : loaded 3 times (x 102B)
Class kotlin.collections.AbstractList$SubList                                         : loaded 3 times (x 194B)
Class com.android.builder.model.v2.ide.LibraryInfo                                    : loaded 3 times (x 66B)
Class kotlin.sequences.SequencesKt___SequencesKt$sortedWith$1                         : loaded 3 times (x 71B)
Class [Lkotlin.sequences.Sequence;                                                    : loaded 3 times (x 65B)
Class org.gradle.internal.time.MonotonicClock                                         : loaded 3 times (x 73B)
Class com.android.builder.model.v2.ide.Variant                                        : loaded 3 times (x 66B)
Class kotlin.jvm.internal.markers.KMutableList                                        : loaded 3 times (x 66B)
Class kotlin.text.MatchNamedGroupCollection                                           : loaded 3 times (x 66B)
Class com.google.common.collect.UsingToStringOrdering                                 : loaded 3 times (x 110B)
Class kotlin.io.FilesKt__FileReadWriteKt                                              : loaded 3 times (x 67B)
Class kotlin.text.StringsKt__StringNumberConversionsKt                                : loaded 3 times (x 67B)
Class org.gradle.tooling.model.Model                                                  : loaded 3 times (x 66B)
Class [Lkotlin.Pair;                                                                  : loaded 3 times (x 65B)
Class kotlin.coroutines.jvm.internal.RestrictedContinuationImpl                       : loaded 3 times (x 83B)
Class org.gradle.util.internal.DefaultGradleVersion$Stage                             : loaded 3 times (x 71B)
Class org.gradle.api.JavaVersion                                                      : loaded 3 times (x 75B)
Class org.gradle.tooling.model.Dependency                                             : loaded 3 times (x 66B)
Class kotlin.text.StringsKt                                                           : loaded 3 times (x 67B)
Class [Lcom.android.builder.model.v2.ide.CodeShrinker;                                : loaded 3 times (x 65B)
Class kotlin.sequences.SequencesKt                                                    : loaded 3 times (x 67B)
Class kotlin.collections.CollectionsKt__IteratorsKt                                   : loaded 3 times (x 67B)
Class kotlin.collections.CollectionsKt__CollectionsJVMKt                              : loaded 3 times (x 67B)
Class com.google.common.collect.Lists$TransformingRandomAccessList                    : loaded 3 times (x 195B)
Class kotlin.text.MatchResult$Destructured                                            : loaded 3 times (x 68B)
Class kotlin.io.FilesKt__UtilsKt                                                      : loaded 3 times (x 67B)
Class kotlin.Metadata                                                                 : loaded 3 times (x 66B)
Class kotlin.UninitializedPropertyAccessException                                     : loaded 3 times (x 78B)
Class com.android.builder.model.v2.models.ModelBuilderParameter                       : loaded 3 times (x 66B)
Class kotlin.text.StringsKt__RegexExtensionsJVMKt                                     : loaded 3 times (x 67B)
Class com.android.builder.model.v2.ide.AbstractArtifact                               : loaded 3 times (x 66B)
Class com.google.common.collect.ComparisonChain$1                                     : loaded 3 times (x 77B)
Class com.google.common.collect.AllEqualOrdering                                      : loaded 3 times (x 110B)
Class kotlin.collections.ArraysKt___ArraysJvmKt                                       : loaded 3 times (x 67B)
Class kotlin.coroutines.intrinsics.IntrinsicsKt__IntrinsicsKt                         : loaded 3 times (x 67B)
Class kotlin.text.RegexKt                                                             : loaded 3 times (x 67B)
Class com.google.common.collect.ImmutableSortedAsList                                 : loaded 3 times (x 217B)
Class com.android.builder.model.v2.ide.Installation                                   : loaded 3 times (x 66B)
Class com.android.builder.model.v2.ide.Library                                        : loaded 3 times (x 66B)
Class com.android.builder.model.v2.ide.ArtifactDependenciesAdjacencyList              : loaded 3 times (x 66B)
Class kotlin.sequences.SequencesKt___SequencesKt$filterNotNull$1                      : loaded 3 times (x 74B)
Class kotlin.collections.CollectionsKt__CollectionsKt                                 : loaded 3 times (x 67B)
Class Build_gradle$1$2$1                                                              : loaded 3 times (x 71B)
Class org.gradle.tooling.internal.adapter.ObjectGraphAdapter                          : loaded 3 times (x 66B)
Class com.android.builder.model.v2.models.Versions                                    : loaded 3 times (x 66B)
Class com.android.ide.common.repository.AgpVersion$PreviewKind$Companion              : loaded 3 times (x 67B)
Class com.android.builder.model.v2.ide.PrivacySandboxSdkInfo                          : loaded 3 times (x 66B)
Class com.android.builder.model.v2.models.ndk.NativeModule                            : loaded 3 times (x 66B)
Class kotlin.text.Regex$Companion                                                     : loaded 3 times (x 67B)
Class org.gradle.tooling.internal.adapter.ProtocolToModelAdapter$MethodInvocationCache: loaded 3 times (x 69B)
Class [Lcom.android.tools.idea.gradle.project.sync.SyncTestMode;                      : loaded 2 times (x 65B)
Class com.intellij.gradle.toolingExtension.impl.modelSerialization.ToolingSerializerConverter: loaded 2 times (x 69B)
Class jdk.internal.jimage.ImageReader                                                 : loaded 2 times (x 71B)
Class com.google.common.reflect.TypeToken$2                                           : loaded 2 times (x 106B)
Class [Lorg.jetbrains.kotlin.cli.common.messages.CompilerMessageSeverity;             : loaded 2 times (x 65B)
Class com.google.common.cache.LocalCache$Segment                                      : loaded 2 times (x 150B)
Class com.android.ide.gradle.model.builder.LegacyAndroidGradlePluginPropertiesModelBuilder: loaded 2 times (x 76B)
Class com.google.common.reflect.Invokable                                             : loaded 2 times (x 99B)
Class kotlin.coroutines.jvm.internal.CoroutineDumpState                               : loaded 2 times (x 67B)
Class org.jetbrains.plugins.gradle.tooling.builder.VersionCatalogsModelBuilder        : loaded 2 times (x 82B)
Class com.intellij.openapi.externalSystem.model.project.dependencies.AbstractDependencyNode: loaded 2 times (x 83B)
Class com.intellij.gradle.toolingExtension.impl.model.utilDummyModel.DummyModelBuilder: loaded 2 times (x 82B)
Class com.android.tools.idea.gradle.project.sync.StandaloneDeliverableModel           : loaded 2 times (x 71B)
Class com.android.tools.idea.gradle.project.sync.NativeVariantAbiResult               : loaded 2 times (x 67B)
Class com.android.tools.idea.gradle.model.IdeUnresolvedJavaLibrary                    : loaded 2 times (x 66B)
Class com.android.tools.idea.gradle.model.impl.IdeMultiVariantDataImpl                : loaded 2 times (x 73B)
Class org.gradle.tooling.model.idea.IdeaContentRoot                                   : loaded 2 times (x 66B)
Class com.android.tools.idea.gradle.project.sync.AndroidProjectResult$Companion$RuntimeClasspathBehaviour: loaded 2 times (x 67B)
Class io.opentelemetry.context.Context                                                : loaded 2 times (x 66B)
Class com.android.tools.idea.gradle.model.IdeArtifactName                             : loaded 2 times (x 75B)
Class com.android.builder.model.NativeVariantAbi                                      : loaded 2 times (x 66B)
Class io.opentelemetry.context.ContextExecutorService                                 : loaded 2 times (x 100B)
Class jdk.internal.jimage.ImageReader$SharedImageReader                               : loaded 2 times (x 91B)
Class [Lcom.google.common.base.Supplier;                                              : loaded 2 times (x 65B)
Class org.jetbrains.kotlin.utils.DescriptionAware                                     : loaded 2 times (x 66B)
Class [Lorg.objectweb.asm.SymbolTable$Entry;                                          : loaded 2 times (x 65B)
Class com.google.common.cache.CacheLoader                                             : loaded 2 times (x 70B)
Class com.google.common.collect.AbstractListMultimap                                  : loaded 2 times (x 168B)
Class org.gradle.internal.installation.GradleInstallation$1                           : loaded 2 times (x 71B)
Class org.gradle.api.internal.classpath.ModuleRegistry                                : loaded 2 times (x 66B)
Class org.jetbrains.plugins.gradle.tooling.serialization.internal.IdeaProjectSerializationService$JdkGetter: loaded 2 times (x 71B)
Class org.jetbrains.plugins.gradle.tooling.serialization.internal.IdeaProjectSerializationService$ResourceDirectoriesGetter: loaded 2 times (x 71B)
Class org.jetbrains.plugins.gradle.tooling.serialization.GradleExtensionsSerializationService$2: loaded 2 times (x 72B)
Class org.jetbrains.kotlin.idea.gradleTooling.reflect.ParameterList                   : loaded 2 times (x 169B)
Class com.android.ide.gradle.model.artifacts.builder.AdditionalClassifierArtifactsModelBuilder: loaded 2 times (x 75B)
Class com.google.common.base.Splitter$1                                               : loaded 2 times (x 73B)
Class sync_studio_tooling769_9i9xokyiqkix5uuv2fx9r1lsm                                : loaded 2 times (x 175B)
Class com.android.tools.idea.gradle.project.sync.AdditionalClassifierArtifactsModelCollectorKt: loaded 2 times (x 67B)
Class com.android.tools.idea.gradle.model.IdeProductFlavor                            : loaded 2 times (x 66B)
Class org.jetbrains.plugins.gradle.tooling.serialization.internal.adapter.InternalBuildEnvironment: loaded 2 times (x 76B)
Class com.google.common.collect.MapDifference                                         : loaded 2 times (x 66B)
Class [Lcom.android.tools.idea.gradle.project.sync.MeasurementCheckpoint;             : loaded 2 times (x 65B)
Class com.android.tools.idea.gradle.project.sync.AndroidExtraModelProviderKt          : loaded 2 times (x 67B)
Class com.intellij.util.ArrayUtilRt                                                   : loaded 2 times (x 67B)
Class org.gradle.tooling.internal.adapter.ProtocolToModelAdapter$MixInBeanMappingAction: loaded 2 times (x 77B)
Class [Lcom.google.common.collect.SortedLists$KeyAbsentBehavior;                      : loaded 2 times (x 65B)
Class com.google.appengine.gradle.model.AppEngineModel                                : loaded 2 times (x 66B)
Class jdk.internal.jimage.decompressor.ResourceDecompressorFactory                    : loaded 2 times (x 70B)
Class org.apache.commons.io.output.NullWriter                                         : loaded 2 times (x 95B)
Class com.google.common.util.concurrent.internal.InternalFutureFailureAccess          : loaded 2 times (x 68B)
Class com.google.common.collect.ImmutableSet$JdkBackedSetBuilderImpl                  : loaded 2 times (x 72B)
Class com.google.common.base.Splitter$SplittingIterator                               : loaded 2 times (x 80B)
Class com.android.tools.idea.gradle.project.sync.DefaultVariantsKt                    : loaded 2 times (x 67B)
Class com.google.common.cache.LocalCache$Strength$3                                   : loaded 2 times (x 77B)
Class com.google.common.collect.TransformedIterator                                   : loaded 2 times (x 76B)
Class com.google.common.io.ByteStreams                                                : loaded 2 times (x 67B)
Class [Lcom.google.common.collect.Maps$EntryFunction;                                 : loaded 2 times (x 65B)
Class com.intellij.openapi.util.Pair                                                  : loaded 2 times (x 68B)
Class com.android.tools.idea.gradle.model.IdeJavaArtifactCore                         : loaded 2 times (x 66B)
Class com.android.tools.idea.gradle.project.sync.FetchedVariantResult                 : loaded 2 times (x 67B)
Class org.jetbrains.kotlin.idea.gradleTooling.model.assignment.AssignmentModelBuilderService: loaded 2 times (x 81B)
Class com.android.tools.idea.gradle.project.sync.LibraryIdentity$LibraryIdentityProvider$Companion: loaded 2 times (x 67B)
Class org.jetbrains.kotlin.idea.gradleTooling.model.annotation.AnnotationBasedPluginModel: loaded 2 times (x 66B)
Class org.objectweb.asm.FieldWriter                                                   : loaded 2 times (x 74B)
Class org.jetbrains.plugins.gradle.tooling.MessageReporter                            : loaded 2 times (x 66B)
Class org.jetbrains.plugins.gradle.tooling.serialization.internal.adapter.Suppliers   : loaded 2 times (x 67B)
Class com.google.common.collect.Iterators$6                                           : loaded 2 times (x 77B)
Class com.google.common.collect.HashBiMap$Inverse                                     : loaded 2 times (x 138B)
Class com.google.common.io.Closer$SuppressingSuppressor                               : loaded 2 times (x 71B)
Class org.jetbrains.kotlin.name.FqNameUnsafe                                          : loaded 2 times (x 68B)
Class com.google.common.collect.ImmutableMultimap$Values                              : loaded 2 times (x 122B)
Class com.google.common.util.concurrent.AbstractFuture$UnsafeAtomicHelper             : loaded 2 times (x 74B)
Class com.google.common.cache.LocalCache$LocalManualCache$1                           : loaded 2 times (x 71B)
Class com.intellij.gradle.toolingExtension.impl.model.dependencyDownloadPolicyModel.GradleDependencyDownloadPolicyCache: loaded 2 times (x 71B)
Class org.gradle.internal.impldep.com.google.common.collect.Multimap                  : loaded 2 times (x 66B)
Class com.android.ide.gradle.model.impl.GradlePropertiesModelImpl                     : loaded 2 times (x 73B)
Class com.google.common.cache.LocalCache$ComputingValueReference                      : loaded 2 times (x 92B)
Class com.google.common.reflect.TypeToken$1                                           : loaded 2 times (x 106B)
Class com.android.tools.idea.gradle.project.sync.ModelResult$Context                  : loaded 2 times (x 66B)
Class com.android.tools.idea.gradle.project.sync.NativeVariantAbiResult$V1            : loaded 2 times (x 68B)
Class com.intellij.gradle.toolingExtension.modelAction.GradleModelFetchPhase          : loaded 2 times (x 75B)
Class com.android.tools.idea.gradle.model.impl.IdeBuildTypeContainerImpl              : loaded 2 times (x 75B)
Class com.android.tools.idea.gradle.project.sync.AndroidExtraModelProviderWorker      : loaded 2 times (x 68B)
Class com.google.common.cache.CacheBuilder$NullListener                               : loaded 2 times (x 78B)
Class com.google.common.collect.SortedLists$KeyPresentBehavior                        : loaded 2 times (x 76B)
Class com.android.tools.idea.gradle.model.IdeAndroidProjectType                       : loaded 2 times (x 75B)
Class com.android.ide.common.repository.AgpVersion$PreviewKind$WhenMappings           : loaded 2 times (x 67B)
Class org.jetbrains.plugins.gradle.tooling.serialization.internal.adapter.InternalJavaEnvironment: loaded 2 times (x 72B)
Class org.gradle.tooling.internal.consumer.converters.BasicGradleProjectIdentifierMixin: loaded 2 times (x 69B)
Class org.gradle.tooling.model.idea.BasicIdeaProject                                  : loaded 2 times (x 66B)
Class org.gradle.tooling.internal.consumer.versioning.ModelMapping                    : loaded 2 times (x 69B)
Class jdk.internal.jimage.ImageReader$Node                                            : loaded 2 times (x 80B)
Class org.jetbrains.kotlin.config.AnalysisFlag                                        : loaded 2 times (x 68B)
Class org.gradle.api.internal.classpath.DefaultModuleRegistry                         : loaded 2 times (x 82B)
Class org.jetbrains.plugins.gradle.model.DefaultExternalLibraryDependency             : loaded 2 times (x 107B)
Class com.android.tools.idea.gradle.project.sync.DeliverableGradleModule$ModelConsumer: loaded 2 times (x 68B)
Class JetGradlePlugin$getJetModelBuilderOrRegisterIfAbsent                            : loaded 2 times (x 142B)
Class com.intellij.gradle.toolingExtension.impl.util.GradleProjectUtil                : loaded 2 times (x 67B)
Class org.jetbrains.plugins.gradle.tooling.util.GradleVersionComparator               : loaded 2 times (x 71B)
Class com.android.tools.idea.gradle.project.sync.NativeVariantAbiResult$V2            : loaded 2 times (x 68B)
Class com.android.tools.idea.gradle.model.IdeExtraSourceProvider                      : loaded 2 times (x 66B)
Class com.android.tools.idea.gradle.project.sync.AndroidProjectResult                 : loaded 2 times (x 72B)
Class org.jetbrains.plugins.gradle.tooling.serialization.GradleExtensionsSerializationService$1: loaded 2 times (x 72B)
Class org.jetbrains.kotlin.idea.gradleTooling.reflect.ReflectionReceiver              : loaded 2 times (x 66B)
Class com.android.tools.idea.gradle.project.sync.BuildId                              : loaded 2 times (x 68B)
Class org.gradle.internal.classpath.TransformedClassPath                              : loaded 2 times (x 92B)
Class com.android.tools.idea.gradle.model.impl.IdeTestOptionsImpl                     : loaded 2 times (x 73B)
Class jdk.internal.jimage.BasicImageReader$1                                          : loaded 2 times (x 73B)
Class com.google.common.util.concurrent.ListenableFuture                              : loaded 2 times (x 66B)
Class com.google.common.cache.ReferenceEntry                                          : loaded 2 times (x 66B)
Class com.google.common.base.Converter                                                : loaded 2 times (x 86B)
Class com.google.common.base.CharMatcher$Any                                          : loaded 2 times (x 108B)
Class com.android.ide.gradle.model.builder.AndroidStudioToolingPlugin                 : loaded 2 times (x 71B)
Class com.google.common.cache.LocalCache$Strength$2                                   : loaded 2 times (x 77B)
Class com.google.common.util.concurrent.SettableFuture                                : loaded 2 times (x 110B)
Class org.apache.commons.io.output.QueueOutputStream                                  : loaded 2 times (x 83B)
Class com.intellij.gradle.toolingExtension.impl.model.taskModel.GradleTaskModelBuilder: loaded 2 times (x 82B)
Class org.jetbrains.kotlin.idea.gradleTooling.model.annotation.AnnotationBasedPluginModelBuilderService: loaded 2 times (x 81B)
Class com.android.tools.idea.gradle.project.sync.GradleProject                        : loaded 2 times (x 71B)
Class com.intellij.openapi.util.io.FileTooBigException                                : loaded 2 times (x 78B)
Class com.android.tools.idea.gradle.model.IdeUnresolvedAndroidLibrary                 : loaded 2 times (x 66B)
Class com.android.tools.idea.gradle.project.sync.ModelResult                          : loaded 2 times (x 68B)
Class com.android.tools.idea.gradle.model.impl.IdeAndroidLibraryImpl$Companion        : loaded 2 times (x 67B)
Class com.android.builder.model.v2.ide.SyncIssue                                      : loaded 2 times (x 66B)
Class com.google.common.collect.SortedLists$KeyAbsentBehavior                         : loaded 2 times (x 76B)
Class org.jetbrains.kotlin.cli.common.messages.CompilerMessageSeverity                : loaded 2 times (x 75B)
Class com.google.common.collect.Collections2$FilteredCollection                       : loaded 2 times (x 115B)
Class com.android.tools.idea.gradle.project.sync.ModelFetchersKt                      : loaded 2 times (x 67B)
Class org.gradle.tooling.internal.consumer.converters.BackwardsCompatibleIdeaModuleDependency: loaded 2 times (x 66B)
Class com.android.tools.idea.gradle.project.sync.SelectedVariant                      : loaded 2 times (x 68B)
Class com.google.common.util.concurrent.AbstractFuture                                : loaded 2 times (x 102B)
Class com.google.common.base.FunctionalEquivalence                                    : loaded 2 times (x 79B)
Class com.google.common.collect.AbstractMapBasedMultimap                              : loaded 2 times (x 135B)
Class com.google.common.reflect.Types$ClassOwnership$3                                : loaded 2 times (x 67B)
Class org.jetbrains.kotlin.idea.gradleTooling.IdeaKotlinDependenciesContainer         : loaded 2 times (x 66B)
Class org.gradle.internal.classloader.InstrumentingClassLoader                        : loaded 2 times (x 66B)
Class com.intellij.gradle.toolingExtension.impl.util.GradleExecutorServiceUtil$SimpleThreadFactory: loaded 2 times (x 71B)
Class org.jetbrains.plugins.gradle.model.ProjectImportModelProvider$GradleModelConsumer$1: loaded 2 times (x 73B)
Class com.android.tools.idea.gradle.project.sync.AndroidExtraModelProviderKt$flattenDag$2: loaded 2 times (x 91B)
Class com.android.ide.gradle.model.composites.BuildMapImpl                            : loaded 2 times (x 71B)
Class com.android.ide.common.gradle.Module                                            : loaded 2 times (x 68B)
Class com.google.common.base.Suppliers$SupplierOfInstance                             : loaded 2 times (x 75B)
Class com.android.tools.idea.gradle.project.sync.AndroidSyncException                 : loaded 2 times (x 78B)
Class org.objectweb.asm.Edge                                                          : loaded 2 times (x 68B)
Class org.gradle.tooling.model.GradleProject                                          : loaded 2 times (x 66B)
Class com.google.common.reflect.TypeResolver$TypeTable                                : loaded 2 times (x 69B)
Class org.jetbrains.kotlin.config.ExplicitApiMode                                     : loaded 2 times (x 75B)
Class com.google.common.collect.ImmutableMultiset                                     : loaded 2 times (x 159B)
Class org.objectweb.asm.RecordComponentVisitor                                        : loaded 2 times (x 73B)
Class com.google.common.cache.CacheLoader$SupplierToCacheLoader                       : loaded 2 times (x 71B)
Class org.jetbrains.kotlin.idea.gradleTooling.GetAdditionalVisibleSourceSetsKt        : loaded 2 times (x 67B)
Class com.android.tools.idea.gradle.model.IdeVariantBuildInformation                  : loaded 2 times (x 66B)
Class org.jetbrains.plugins.gradle.model.DefaultGradleProperty                        : loaded 2 times (x 74B)
Class org.jetbrains.plugins.gradle.tooling.builder.DependencyAccessorsModelBuilder    : loaded 2 times (x 77B)
Class com.intellij.gradle.toolingExtension.impl.util.GradleIdeaPluginUtil             : loaded 2 times (x 67B)
Class com.android.tools.idea.gradle.project.sync.VariantDetailsKt                     : loaded 2 times (x 67B)
Class com.android.tools.idea.gradle.model.impl.IdeJavaLibraryImpl                     : loaded 2 times (x 89B)
Class jdk.internal.jimage.ImageStringsReader                                          : loaded 2 times (x 76B)
Class io.opentelemetry.context.ThreadLocalContextStorage                              : loaded 2 times (x 81B)
Class org.gradle.tooling.model.eclipse.EclipseClasspathEntry                          : loaded 2 times (x 66B)
Class com.android.tools.idea.gradle.project.sync.ModelCacheV2ImplKt$modelCacheV2Impl$1: loaded 2 times (x 76B)
Class [Lcom.android.tools.idea.gradle.project.upgrade.AndroidGradlePluginCompatibility;: loaded 2 times (x 65B)
Class org.gradle.internal.impldep.com.google.common.base.Optional                     : loaded 2 times (x 76B)
Class com.android.tools.idea.gradle.project.sync.ActionToRun                          : loaded 2 times (x 68B)
Class com.android.tools.idea.gradle.model.impl.IdeCompositeBuildMapImpl               : loaded 2 times (x 72B)
Class org.jetbrains.kotlin.idea.gradleTooling.KotlinTaskPropertiesImpl                : loaded 2 times (x 74B)
Class org.gradle.tooling.internal.adapter.ProtocolToModelAdapter$MixInTypeMappingAction: loaded 2 times (x 77B)
Class com.android.tools.idea.gradle.model.impl.IdeAndroidGradlePluginProjectFlagsImpl : loaded 2 times (x 79B)
Class com.intellij.gradle.toolingExtension.impl.telemetry.GradleOpenTelemetry         : loaded 2 times (x 68B)
Class jdk.internal.jimage.decompressor.Decompressor                                   : loaded 2 times (x 68B)
Class jdk.internal.jimage.ImageReader$Resource                                        : loaded 2 times (x 80B)
Class com.google.common.reflect.TypeResolver$TypeTable$1                              : loaded 2 times (x 69B)
Class org.jetbrains.kotlin.cli.common.CompilerSystemProperties$value$1                : loaded 2 times (x 121B)
Class com.google.common.collect.Maps$EntryTransformer                                 : loaded 2 times (x 66B)
Class org.gradle.internal.service.ServiceLookupException                              : loaded 2 times (x 78B)
Class org.gradle.internal.impldep.com.google.common.base.ExtraObjectsMethodsForWeb    : loaded 2 times (x 67B)
Class [Lorg.jetbrains.kotlin.tooling.core.KotlinToolingVersion$Maturity;              : loaded 2 times (x 65B)
Class com.android.ide.gradle.model.impl.GradlePluginModelImpl$Companion               : loaded 2 times (x 67B)
Class com.google.common.cache.LocalCache$Strength$1                                   : loaded 2 times (x 77B)
Class org.objectweb.asm.ModuleVisitor                                                 : loaded 2 times (x 77B)
Class org.jetbrains.plugins.gradle.tooling.builder.ProjectExtensionsDataBuilderImpl$Companion: loaded 2 times (x 67B)
Class [Lcom.intellij.openapi.diagnostic.LogLevel;                                     : loaded 2 times (x 65B)
Class org.gradle.internal.impldep.com.google.common.collect.UnmodifiableListIterator  : loaded 2 times (x 91B)
Class com.google.common.collect.Sets$4                                                : loaded 2 times (x 135B)
Class com.android.tools.idea.gradle.model.impl.IdeProjectPathImpl                     : loaded 2 times (x 73B)
Class com.android.tools.idea.gradle.project.sync.GradleModule                         : loaded 2 times (x 70B)
Class org.jetbrains.kotlin.config.JvmDefaultMode                                      : loaded 2 times (x 75B)
Class com.android.tools.idea.gradle.project.sync.BasicNonAndroidIncompleteGradleModule: loaded 2 times (x 69B)
Class io.opentelemetry.context.ContextStorage                                         : loaded 2 times (x 66B)
Class com.intellij.gradle.toolingExtension.impl.model.projectModel.GradleExternalProjectModelProvider: loaded 2 times (x 79B)
Class jdk.internal.jrtfs.JrtFileAttributes                                            : loaded 2 times (x 79B)
Class [Lcom.google.common.cache.LocalCache$EntryFactory;                              : loaded 2 times (x 65B)
Class com.google.common.base.CharMatcher$JavaLetter                                   : loaded 2 times (x 107B)
Class org.gradle.internal.classloader.ClassLoaderFactory                              : loaded 2 times (x 66B)
Class com.android.ide.gradle.model.builder.LegacyAndroidGradlePluginPropertiesModelBuilder$PluginType: loaded 2 times (x 75B)
Class com.google.common.io.ByteArrayDataInput                                         : loaded 2 times (x 66B)
Class com.google.common.reflect.TypeResolver                                          : loaded 2 times (x 68B)
Class com.google.common.reflect.Types$ClassOwnership$2                                : loaded 2 times (x 76B)
Class org.jetbrains.plugins.gradle.tooling.serialization.internal.adapter.InternalGradleEnvironment: loaded 2 times (x 72B)
Class com.android.tools.idea.gradle.model.impl.IdeSourceProviderImpl                  : loaded 2 times (x 84B)
Class com.android.ide.gradle.model.builder.AndroidStudioToolingPluginKt               : loaded 2 times (x 67B)
Class com.android.tools.idea.gradle.model.IdeVariantHeader                            : loaded 2 times (x 66B)
Class [Lcom.android.tools.idea.gradle.model.IdeModuleWellKnownSourceSet;              : loaded 2 times (x 65B)
Class com.android.tools.idea.gradle.model.IdeJavaLibrary                              : loaded 2 times (x 66B)
Class com.android.tools.idea.gradle.model.ClasspathType                               : loaded 2 times (x 75B)
Class org.jetbrains.kotlin.idea.gradleTooling.model.noarg.NoArgModelBuilderService    : loaded 2 times (x 81B)
Class com.android.tools.idea.gradle.project.sync.AndroidVariantResolver               : loaded 2 times (x 66B)
Class com.android.tools.idea.gradle.model.impl.IdeDependenciesInfoImpl                : loaded 2 times (x 71B)
Class org.gradle.tooling.internal.consumer.converters.EclipseProjectHasAutoBuildMixin : loaded 2 times (x 68B)
Class org.gradle.tooling.UnknownModelException                                        : loaded 2 times (x 78B)
Class org.apache.commons.io.CloseableURLConnection                                    : loaded 2 times (x 112B)
Class com.google.common.cache.LocalCache$LocalManualCache                             : loaded 2 times (x 95B)
Class com.google.common.base.CommonPattern                                            : loaded 2 times (x 70B)
Class org.gradle.internal.service.CachingServiceLocator                               : loaded 2 times (x 78B)
Class org.jetbrains.kotlin.tooling.core.KotlinToolingVersionKt                        : loaded 2 times (x 67B)
Class org.jetbrains.kotlin.tooling.core.InternerImpl$Store                            : loaded 2 times (x 66B)
Class org.gradle.internal.impldep.com.google.common.collect.Iterators$5               : loaded 2 times (x 78B)
Class com.intellij.openapi.externalSystem.model.project.dependencies.UnknownDependencyNode: loaded 2 times (x 83B)
Class com.intellij.gradle.toolingExtension.impl.model.sourceSetModel.GradleSourceSetResolutionContext: loaded 2 times (x 69B)
Class com.android.tools.idea.gradle.project.sync.DependencyGraphCompat$AdjacencyList  : loaded 2 times (x 68B)
Class kotlin.jvm.internal.Intrinsics$Kotlin                                           : loaded 2 times (x 67B)
Class com.android.tools.idea.gradle.model.IdeProjectPath                              : loaded 2 times (x 66B)
Class org.gradle.internal.service.UnknownServiceException                             : loaded 2 times (x 79B)
Class org.jetbrains.plugins.gradle.tooling.serialization.GradleExtensionsSerializationService$3: loaded 2 times (x 72B)
Class org.gradle.internal.impldep.com.google.common.collect.Iterators$9               : loaded 2 times (x 77B)
Class org.gradle.tooling.model.idea.IdeaModule                                        : loaded 2 times (x 66B)
Class io.opentelemetry.sdk.trace.SpanProcessor                                        : loaded 2 times (x 66B)
Class com.google.common.collect.Streams                                               : loaded 2 times (x 67B)
Class com.google.common.collect.AbstractMapBasedMultimap$KeySet                       : loaded 2 times (x 133B)
Class com.google.common.math.IntMath                                                  : loaded 2 times (x 67B)
Class com.intellij.gradle.toolingExtension.impl.model.buildScriptClasspathModel.GradleBuildScriptClasspathSerializationService$1: loaded 2 times (x 72B)
Class com.google.common.base.AbstractIterator$State                                   : loaded 2 times (x 75B)
Class com.google.common.cache.LocalCache$LocalLoadingCache                            : loaded 2 times (x 130B)
Class com.google.common.util.concurrent.AbstractFuture$SafeAtomicHelper               : loaded 2 times (x 75B)
Class com.intellij.gradle.toolingExtension.impl.modelBuilder.DefaultMessageReporter   : loaded 2 times (x 71B)
Class org.gradle.internal.impldep.com.google.common.collect.UnmodifiableIterator      : loaded 2 times (x 76B)
Class com.android.tools.idea.gradle.model.IdeArtifactName$Companion$WhenMappings      : loaded 2 times (x 67B)
Class com.google.common.collect.Sets$3                                                : loaded 2 times (x 135B)
Class org.jetbrains.kotlin.idea.gradleTooling.reflect.KotlinLanguageSettingsReflection: loaded 2 times (x 66B)
Class org.jetbrains.plugins.gradle.DefaultExternalDependencyId                        : loaded 2 times (x 76B)
Class com.android.tools.idea.gradle.project.sync.VariantDiscovery$prepareRequestedOrDefaultModuleConfigurations$$inlined$sortedBy$1: loaded 2 times (x 85B)
Class com.google.common.util.concurrent.AbstractFuture$AtomicHelper                   : loaded 2 times (x 74B)
Class com.google.common.reflect.Types$TypeVariableInvocationHandler                   : loaded 2 times (x 71B)
Class [Lcom.google.common.collect.HashBiMap$BiEntry;                                  : loaded 2 times (x 65B)
Class com.google.common.collect.Iterators$10                                          : loaded 2 times (x 77B)
Class com.google.common.base.CharMatcher$JavaDigit                                    : loaded 2 times (x 107B)
Class [Lorg.objectweb.asm.AnnotationVisitor;                                          : loaded 2 times (x 65B)
Class org.jetbrains.kotlin.cli.common.CompilerSystemProperties                        : loaded 2 times (x 76B)
Class com.google.common.reflect.Types$ClassOwnership$1                                : loaded 2 times (x 76B)
Class org.jetbrains.plugins.gradle.tooling.builder.EarModelBuilderImpl                : loaded 2 times (x 82B)
Class org.jetbrains.plugins.gradle.tooling.ModelBuilderService$ParameterizedModelBuilderService: loaded 2 times (x 66B)
Class jdk.internal.jrtfs.SystemImage                                                  : loaded 2 times (x 70B)
Class com.android.tools.idea.gradle.project.sync.IdeSyncExecutionReport               : loaded 2 times (x 67B)
Class com.android.tools.idea.gradle.project.sync.FetchedVariantResult$Finished        : loaded 2 times (x 68B)
Class com.android.tools.idea.gradle.project.sync.ModelCacheV2ImplKt$WhenMappings      : loaded 2 times (x 67B)
Class com.android.tools.idea.gradle.project.sync.SyncTestMode                         : loaded 2 times (x 75B)
Class org.objectweb.asm.SymbolTable$Entry                                             : loaded 2 times (x 70B)
Class org.jetbrains.plugins.gradle.model.ExternalSourceDirectorySet                   : loaded 2 times (x 66B)
Class org.gradle.tooling.model.idea.IdeaSourceDirectory                               : loaded 2 times (x 66B)
Class [Lio.opentelemetry.context.ContextStorage;                                      : loaded 2 times (x 65B)
Class [Lio.opentelemetry.api.trace.TraceFlags;                                        : loaded 2 times (x 65B)
Class com.google.common.base.Predicates                                               : loaded 2 times (x 67B)
Class org.jetbrains.kotlin.name.FqName                                                : loaded 2 times (x 68B)
Class com.google.common.base.Equivalence                                              : loaded 2 times (x 78B)
Class org.jetbrains.plugins.gradle.tooling.serialization.internal.adapter.kotlin.dsl.InternalKotlinDslScriptModel: loaded 2 times (x 80B)
Class org.jetbrains.kotlin.idea.gradleTooling.reflect.TypeToken                       : loaded 2 times (x 68B)
Class com.android.tools.idea.gradle.model.IdeTestOptions$Execution                    : loaded 2 times (x 75B)
Class com.android.tools.idea.gradle.project.sync.ModelResult$Companion                : loaded 2 times (x 67B)
Class com.intellij.gradle.toolingExtension.impl.javaModel.manifestModel.JavaGradleManifestModelBuilder: loaded 2 times (x 82B)
Class org.jetbrains.kotlin.idea.gradleTooling.KotlinDslScriptTaskModelBuilder$Companion: loaded 2 times (x 67B)
Class com.android.tools.idea.gradle.model.CodeShrinker                                : loaded 2 times (x 75B)
Class com.android.tools.idea.gradle.project.sync.SyncVariantResultSuccess             : loaded 2 times (x 68B)
Class com.android.tools.idea.gradle.project.sync.FetchedVariant                       : loaded 2 times (x 68B)
Class com.android.tools.idea.gradle.model.impl.IdeSigningConfigImpl                   : loaded 2 times (x 74B)
Class com.android.builder.model.v2.ide.UnresolvedDependency                           : loaded 2 times (x 66B)
Class com.android.tools.idea.gradle.project.sync.SyncProjectActionWorker              : loaded 2 times (x 68B)
Class com.android.tools.idea.gradle.project.sync.AndroidProjectResultKt               : loaded 2 times (x 67B)
Class org.jetbrains.plugins.gradle.model.ExternalFilter                               : loaded 2 times (x 66B)
Class com.android.tools.idea.gradle.project.sync.AndroidProjectPathResolver           : loaded 2 times (x 66B)
Class com.android.tools.idea.gradle.model.impl.IdeDependenciesCoreImpl                : loaded 2 times (x 66B)
Class com.android.tools.idea.gradle.project.sync.SingleVariantSyncActionOptions       : loaded 2 times (x 69B)
Class com.google.common.collect.IndexedImmutableSet$1                                 : loaded 2 times (x 208B)
Class org.jetbrains.kotlin.name.ClassId$Companion                                     : loaded 2 times (x 67B)
Class [Lorg.jetbrains.kotlin.cli.common.CompilerSystemProperties;                     : loaded 2 times (x 65B)
Class org.apache.commons.io.output.AbstractByteArrayOutputStream                      : loaded 2 times (x 98B)
Class com.google.common.cache.CacheBuilder$OneWeigher                                 : loaded 2 times (x 78B)
Class com.android.tools.idea.gradle.project.sync.ModelCache                           : loaded 2 times (x 66B)
Class org.jetbrains.kotlin.idea.gradleTooling.AndroidAwareGradleModelProvider$Result  : loaded 2 times (x 68B)
Class org.jetbrains.kotlin.idea.gradleTooling.reflect.ReflectionKt                    : loaded 2 times (x 67B)
Class com.android.tools.idea.gradle.project.sync.ModuleConfiguration                  : loaded 2 times (x 68B)
Class com.android.tools.idea.gradle.model.IdePrivacySandboxSdkInfo                    : loaded 2 times (x 66B)
Class com.android.tools.idea.gradle.model.IdeDependencyCore                           : loaded 2 times (x 66B)
Class com.android.tools.idea.gradle.project.sync.AndroidModule                        : loaded 2 times (x 70B)
Class com.android.ide.gradle.model.artifacts.impl.ModuleIdentifierImpl                : loaded 2 times (x 72B)
Class com.android.ide.gradle.model.artifacts.builder.AdditionalClassifierArtifactsModelBuilder$ArtifactsPaths: loaded 2 times (x 68B)
Class com.android.tools.idea.projectsystem.gradle.sync.Counter$time$1                 : loaded 2 times (x 74B)
Class org.jetbrains.plugins.gradle.model.MavenRepositoryModel                         : loaded 2 times (x 66B)
Class com.google.common.base.JdkPattern                                               : loaded 2 times (x 71B)
Class org.jetbrains.kotlin.gradle.idea.tcs.IdeaKotlinDependency                       : loaded 2 times (x 66B)
Class jdk.internal.jimage.ImageBufferCache                                            : loaded 2 times (x 67B)
Class jdk.internal.jrtfs.JrtPath                                                      : loaded 2 times (x 114B)
Class com.google.common.reflect.Types$ClassOwnership$1LocalClass                      : loaded 2 times (x 67B)
Class com.google.common.collect.Maps$EntryFunction                                    : loaded 2 times (x 87B)
Class com.google.common.collect.ImmutableBiMapFauxverideShim                          : loaded 2 times (x 116B)
Class org.gradle.internal.classloader.ClasspathUtil                                   : loaded 2 times (x 67B)
Class [Lcom.android.ide.gradle.model.builder.LegacyAndroidGradlePluginPropertiesModelBuilder$PluginType;: loaded 2 times (x 65B)
Class com.intellij.gradle.toolingExtension.impl.model.buildScriptClasspathModel.DefaultGradleBuildScriptClasspathModel: loaded 2 times (x 79B)
Class org.jetbrains.kotlin.idea.gradleTooling.reflect.KotlinSourceSetReflectionImpl$Companion: loaded 2 times (x 67B)
Class com.intellij.gradle.toolingExtension.impl.model.sourceSetDependencyModel.GradleSourceSetDependencyResolver: loaded 2 times (x 68B)
Class org.jetbrains.plugins.gradle.model.DefaultExternalProject                       : loaded 2 times (x 91B)
Class org.gradle.internal.impldep.com.google.common.collect.Iterators$4               : loaded 2 times (x 78B)
Class com.intellij.gradle.toolingExtension.impl.model.sourceSetDependencyModel.GradleSourceSetDependencyModelBuilder: loaded 2 times (x 82B)
Class com.google.common.io.Files$FileByteSource                                       : loaded 2 times (x 81B)
Class com.android.tools.idea.gradle.model.IdeAndroidGradlePluginProjectFlags          : loaded 2 times (x 66B)
Class [Lcom.google.common.reflect.Types$JavaVersion;                                  : loaded 2 times (x 65B)
Class com.android.tools.idea.gradle.project.sync.SwitchVariantRequest                 : loaded 2 times (x 68B)
Class com.android.tools.idea.gradle.project.sync.AgpCompatibilityKt$WhenMappings      : loaded 2 times (x 67B)
Class org.gradle.tooling.internal.consumer.connection.StreamingAwareBuildControllerAdapter: loaded 2 times (x 97B)
Class com.android.tools.idea.projectsystem.gradle.sync.Counter$time$2                 : loaded 2 times (x 74B)
Class org.gradle.tooling.internal.consumer.converters.GradleProjectIdentifierMixin    : loaded 2 times (x 69B)
Class com.intellij.util.ReflectionUtilRt                                              : loaded 2 times (x 67B)
Class com.android.tools.idea.projectsystem.gradle.sync.PerformanceMeasurementUtilKt   : loaded 2 times (x 67B)
Class org.jetbrains.kotlin.idea.gradleTooling.KotlinMPPGradleModel$Companion          : loaded 2 times (x 67B)
Class com.google.common.base.Charsets                                                 : loaded 2 times (x 67B)
Class com.google.common.util.concurrent.Uninterruptibles                              : loaded 2 times (x 67B)
Class com.intellij.gradle.toolingExtension.impl.model.dependencyModel.auxiliary.LegacyAuxiliaryArtifactResolver: loaded 2 times (x 72B)
Class org.jetbrains.kotlin.idea.gradleTooling.reflect.KotlinMultiplatformImportReflection: loaded 2 times (x 66B)
Class com.android.ide.gradle.model.builder.LegacyV1AgpVersionModelBuilder             : loaded 2 times (x 71B)
Class org.gradle.api.internal.ClassPathProvider                                       : loaded 2 times (x 66B)
Class org.jetbrains.plugins.gradle.tooling.AbstractModelBuilderService                : loaded 2 times (x 82B)
Class org.gradle.internal.impldep.com.google.common.collect.ImmutableList             : loaded 2 times (x 202B)
Class kotlin.sequences.DistinctSequence                                               : loaded 2 times (x 71B)
Class com.android.tools.idea.gradle.project.sync.FetchedVariantResult$InProgress      : loaded 2 times (x 67B)
Class com.android.tools.idea.gradle.model.IdeBuild                                    : loaded 2 times (x 66B)
Class [Lorg.gradle.tooling.internal.adapter.MethodInvoker;                            : loaded 2 times (x 65B)
Class [Lcom.intellij.gradle.toolingExtension.impl.telemetry.GradleTelemetryFormat;    : loaded 2 times (x 65B)
Class com.android.tools.idea.gradle.project.sync.AgpVersionTooNew                     : loaded 2 times (x 78B)
Class com.android.tools.idea.gradle.model.impl.IdeDependenciesCoreDirect              : loaded 2 times (x 74B)
Class com.android.tools.idea.gradle.project.sync.SyncActionOptions                    : loaded 2 times (x 68B)
Class com.google.common.io.CharSource                                                 : loaded 2 times (x 81B)
Class com.google.common.collect.Maps                                                  : loaded 2 times (x 67B)
Class com.google.common.base.CharMatcher$JavaUpperCase                                : loaded 2 times (x 107B)
Class org.gradle.api.specs.Spec                                                       : loaded 2 times (x 66B)
Class org.jetbrains.kotlin.tooling.core.InternerImpl                                  : loaded 2 times (x 72B)
Class [Lorg.gradle.api.internal.ClassPathProvider;                                    : loaded 2 times (x 65B)
Class com.google.common.collect.Sets$2                                                : loaded 2 times (x 135B)
Class com.google.common.collect.Maps$ViewCachingAbstractMap                           : loaded 2 times (x 121B)
Class [Lcom.google.common.base.Function;                                              : loaded 2 times (x 65B)
Class kotlin.sequences.SequencesKt___SequencesKt$distinct$1                           : loaded 2 times (x 74B)
Class io.opentelemetry.context.ThreadLocalContextStorage$ScopeImpl                    : loaded 2 times (x 75B)
Class jdk.internal.jimage.ImageReader$SharedImageReader$LocationVisitor               : loaded 2 times (x 66B)
Class com.google.common.reflect.Types$JavaVersion                                     : loaded 2 times (x 79B)
Class org.jetbrains.kotlin.name.Name                                                  : loaded 2 times (x 71B)
Class com.intellij.gradle.toolingExtension.impl.telemetry.TelemetryHolder             : loaded 2 times (x 70B)
Class org.jetbrains.kotlin.idea.gradleTooling.model.kapt.KaptModelBuilderService      : loaded 2 times (x 82B)
Class com.intellij.gradle.toolingExtension.impl.model.sourceSetArtifactIndex.GradleSourceSetArtifactIndexBuilder: loaded 2 times (x 82B)
Class org.jetbrains.plugins.gradle.tooling.builder.WarModelBuilderImpl                : loaded 2 times (x 82B)
Class com.intellij.gradle.toolingExtension.impl.modelBuilder.ExtraModelBuilder        : loaded 2 times (x 81B)
Class com.intellij.openapi.externalSystem.model.project.ExternalSystemSourceType      : loaded 2 times (x 81B)
Class com.android.tools.idea.gradle.model.IdeUnresolvedLibrary                        : loaded 2 times (x 66B)
Class com.android.tools.idea.gradle.model.impl.BuildFolderPaths                       : loaded 2 times (x 68B)
Class com.intellij.gradle.toolingExtension.impl.modelAction.GradleModelHolderState    : loaded 2 times (x 76B)
Class com.google.common.collect.Sets$3$1                                              : loaded 2 times (x 78B)
Class com.google.common.cache.LocalCache$LoadingValueReference                        : loaded 2 times (x 92B)
Class com.intellij.gradle.toolingExtension.impl.javaModel.manifestModel.DefaultJavaGradleManifestModel: loaded 2 times (x 72B)
Class org.jetbrains.kotlin.idea.gradleTooling.reflect.Parameter                       : loaded 2 times (x 68B)
Class org.jetbrains.kotlin.idea.gradleTooling.reflect.KotlinSourceSetReflection       : loaded 2 times (x 66B)
Class com.android.builder.model.AndroidProject                                        : loaded 2 times (x 66B)
Class org.gradle.internal.classpath.ClassPath                                         : loaded 2 times (x 66B)
Class org.jetbrains.kotlin.idea.gradleTooling.PrepareKotlinIdeaImportTaskModelBuilder$KotlinNativePlatformDependenciesKt: loaded 2 times (x 67B)
Class com.google.common.collect.TreeRangeSet                                          : loaded 2 times (x 111B)
Class com.intellij.gradle.toolingExtension.impl.model.buildScriptClasspathModel.GradleBuildScriptClasspathModelBuilder: loaded 2 times (x 82B)
Class Settings_gradle$1                                                               : loaded 2 times (x 70B)
Class com.google.common.cache.CacheBuilder                                            : loaded 2 times (x 68B)
Class org.jetbrains.kotlin.config.JvmDefaultMode$Companion                            : loaded 2 times (x 67B)
Class com.intellij.gradle.toolingExtension.impl.modelSerialization.DefaultSerializationService: loaded 2 times (x 72B)
Class io.opentelemetry.api.trace.SpanBuilder                                          : loaded 2 times (x 66B)
Class io.opentelemetry.api.DefaultOpenTelemetry                                       : loaded 2 times (x 85B)
Class com.google.common.io.ByteSink                                                   : loaded 2 times (x 72B)
Class org.gradle.tooling.model.BuildModel                                             : loaded 2 times (x 66B)
Class jdk.internal.jimage.decompressor.ResourceDecompressorRepository                 : loaded 2 times (x 67B)
Class com.google.common.reflect.Invokable$MethodInvokable                             : loaded 2 times (x 103B)
Class com.google.common.collect.CollectSpliterators                                   : loaded 2 times (x 67B)
Class com.google.common.base.Platform                                                 : loaded 2 times (x 67B)
Class io.opentelemetry.api.trace.ImmutableTraceFlags                                  : loaded 2 times (x 73B)
Class org.jetbrains.kotlin.idea.gradleTooling.KotlinGradlePluginVersionImpl           : loaded 2 times (x 74B)
Class org.jetbrains.plugins.gradle.tooling.serialization.RepositoriesModelSerializationService$1: loaded 2 times (x 72B)
Class com.android.tools.idea.gradle.project.sync.DefaultVariantsKt$getDefaultVariant$$inlined$thenBy$2: loaded 2 times (x 86B)
Class org.gradle.tooling.internal.consumer.versioning.ModelMapping$DefaultModelIdentifier: loaded 2 times (x 72B)
Class org.gradle.internal.impldep.com.google.common.collect.ImmutableCollection       : loaded 2 times (x 121B)
Class com.android.tools.idea.gradle.model.IdeDependenciesCore                         : loaded 2 times (x 66B)
Class com.android.tools.idea.gradle.model.impl.IdeDependenciesImplKt                  : loaded 2 times (x 67B)
Class com.intellij.gradle.toolingExtension.impl.modelSerialization.ToolingSerializer$1: loaded 2 times (x 72B)
Class com.intellij.openapi.util.io.FileUtilRt$RepeatableIOOperation                   : loaded 2 times (x 66B)
Class com.android.tools.idea.gradle.project.sync.BasicIncompleteGradleModule          : loaded 2 times (x 69B)
Class com.android.tools.idea.gradle.project.sync.AgpVersionIncompatible               : loaded 2 times (x 78B)
Class com.android.tools.idea.gradle.project.sync.ModelCacheV1ImplKt                   : loaded 2 times (x 67B)
Class com.android.tools.idea.gradle.project.sync.ModelVersion                         : loaded 2 times (x 71B)
Class com.android.tools.idea.gradle.model.ndk.v2.IdeNativeModule                      : loaded 2 times (x 66B)
Class org.jetbrains.plugins.gradle.tooling.ModelBuilderService                        : loaded 2 times (x 66B)
Class io.opentelemetry.context.propagation.TextMapPropagator                          : loaded 2 times (x 66B)
Class org.jetbrains.kotlin.idea.gradleTooling.PrepareKotlinIdeaImportTaskModelBuilder$Companion: loaded 2 times (x 67B)
Class com.android.tools.idea.gradle.project.sync.SelectedVariants                     : loaded 2 times (x 68B)
Class jdk.internal.jrtfs.SystemImage$1                                                : loaded 2 times (x 74B)
Class org.apache.commons.io.IOUtils                                                   : loaded 2 times (x 67B)
Class com.google.common.base.ExtraObjectsMethodsForWeb                                : loaded 2 times (x 67B)
Class jdk.internal.jimage.ImageReader$Directory                                       : loaded 2 times (x 80B)
Class com.google.common.collect.AbstractMapBasedMultimap$WrappedList                  : loaded 2 times (x 201B)
Class [Lorg.objectweb.asm.AnnotationWriter;                                           : loaded 2 times (x 65B)
Class com.google.common.primitives.Ints$IntConverter                                  : loaded 2 times (x 86B)
Class com.google.common.collect.Maps$8                                                : loaded 2 times (x 78B)
Class com.android.tools.idea.gradle.model.impl.IdeAndroidProjectImpl                  : loaded 2 times (x 101B)
Class com.google.common.reflect.TypeToken                                             : loaded 2 times (x 69B)
Class org.jetbrains.kotlin.idea.gradleTooling.reflect.KotlinMultiplatformImportReflectionImpl$Companion: loaded 2 times (x 67B)
Class com.android.tools.idea.gradle.project.sync.VariantDiscovery                     : loaded 2 times (x 68B)
Class com.android.tools.idea.gradle.project.sync.DependencyGraphCompat                : loaded 2 times (x 67B)
Class org.jetbrains.kotlin.idea.gradleTooling.KotlinMPPGradleModelBuilder             : loaded 2 times (x 82B)
Class com.intellij.openapi.util.io.FileUtilRt$SymlinkResolver                         : loaded 2 times (x 66B)
Class com.intellij.gradle.toolingExtension.impl.model.utilTurnOffDefaultTasksModel.TurnOffDefaultTasksModelBuilder: loaded 2 times (x 82B)
Class com.android.tools.idea.gradle.model.IdeJavaCompileOptions                       : loaded 2 times (x 66B)
Class com.android.tools.idea.gradle.model.IdeArtifactName$Companion                   : loaded 2 times (x 67B)
Class jdk.internal.jimage.decompressor.ResourceDecompressor                           : loaded 2 times (x 66B)
Class org.jetbrains.plugins.gradle.tooling.serialization.internal.adapter.InternalProjectIdentifier: loaded 2 times (x 72B)
Class com.intellij.gradle.toolingExtension.impl.model.warmUp.GradleTaskWarmUpModelProvider: loaded 2 times (x 77B)
Class org.gradle.tooling.model.cpp.CppComponent                                       : loaded 2 times (x 66B)
Class io.opentelemetry.context.ArrayBasedContext                                      : loaded 2 times (x 96B)
Class org.gradle.tooling.model.Launchable                                             : loaded 2 times (x 66B)
Class com.google.common.base.Predicates$CompositionPredicate                          : loaded 2 times (x 84B)
Class com.google.common.collect.Sets$SetView                                          : loaded 2 times (x 134B)
Class com.google.common.cache.LocalCache$StrongValueReference                         : loaded 2 times (x 86B)
Class com.google.common.util.concurrent.AbstractFuture$SynchronizedHelper             : loaded 2 times (x 74B)
Class com.google.common.base.CharMatcher$Invisible                                    : loaded 2 times (x 108B)
Class org.jetbrains.plugins.gradle.model.DefaultUnresolvedExternalDependency          : loaded 2 times (x 107B)
Class com.intellij.gradle.toolingExtension.impl.model.dependencyModel.GradleDependencyTraverser$Itr: loaded 2 times (x 79B)
Class org.gradle.api.internal.DefaultClassPathProvider                                : loaded 2 times (x 72B)
Class org.jetbrains.plugins.gradle.tooling.serialization.internal.IdeaProjectSerializationService$1: loaded 2 times (x 72B)
Class com.android.tools.idea.gradle.project.sync.LibraryIdentity$LibraryIdentityProvider: loaded 2 times (x 68B)
Class com.android.tools.idea.gradle.project.sync.ModelConsumerVersion                 : loaded 2 times (x 71B)
Class org.gradle.tooling.model.SourceDirectory                                        : loaded 2 times (x 66B)
Class org.jetbrains.plugins.gradle.model.GradleConvention                             : loaded 2 times (x 66B)
Class com.intellij.openapi.util.io.FileUtilRt                                         : loaded 2 times (x 67B)
Class com.google.common.reflect.Types$ParameterizedTypeImpl                           : loaded 2 times (x 77B)
Class org.gradle.tooling.model.idea.IdeaSingleEntryLibraryDependency                  : loaded 2 times (x 66B)
Class org.gradle.tooling.model.ExternalDependency                                     : loaded 2 times (x 66B)
Class com.google.common.graph.SuccessorsFunction                                      : loaded 2 times (x 66B)
Class [Lorg.jetbrains.kotlin.config.JVMAssertionsMode;                                : loaded 2 times (x 65B)
Class org.jetbrains.kotlin.config.JVMAssertionsMode                                   : loaded 2 times (x 75B)
Class org.objectweb.asm.Type                                                          : loaded 2 times (x 68B)
Class org.gradle.internal.classloader.VisitableURLClassLoader$InstrumentingVisitableURLClassLoader: loaded 2 times (x 119B)
Class com.android.tools.idea.gradle.model.impl.IdeBasicVariantImpl                    : loaded 2 times (x 75B)
Class org.jetbrains.plugins.gradle.tooling.builder.MavenRepositoriesModelBuilder      : loaded 2 times (x 77B)
Class com.google.common.base.Splitter                                                 : loaded 2 times (x 68B)
Class org.objectweb.asm.AnnotationVisitor                                             : loaded 2 times (x 74B)
Class org.jetbrains.plugins.gradle.tooling.serialization.internal.IdeaProjectSerializationService$2: loaded 2 times (x 73B)
Class com.android.tools.idea.gradle.project.sync.AllVariantsSyncActionOptions         : loaded 2 times (x 69B)
Class com.android.tools.idea.gradle.model.impl.IdeProductFlavorImpl                   : loaded 2 times (x 95B)
Class org.jetbrains.plugins.gradle.tooling.builder.EarModelBuilderImplKt              : loaded 2 times (x 67B)
Class com.google.common.collect.Maps$IteratorBasedAbstractMap$1                       : loaded 2 times (x 134B)
Class com.google.common.collect.ImmutableListMultimap                                 : loaded 2 times (x 172B)
Class org.apache.commons.io.output.UnsynchronizedByteArrayOutputStream                : loaded 2 times (x 98B)
Class com.google.common.cache.CacheLoader$FunctionToCacheLoader                       : loaded 2 times (x 71B)
Class com.android.ide.gradle.model.artifacts.builder.AdditionalClassifierArtifactsModelBuilder$ArtifactsCollector: loaded 2 times (x 68B)
Class com.intellij.gradle.toolingExtension.impl.model.dependencyModel.auxiliary.AuxiliaryArtifactResolver: loaded 2 times (x 66B)
Class org.gradle.internal.classpath.DefaultClassPath$ImmutableUniqueList              : loaded 2 times (x 195B)
Class io.opentelemetry.api.trace.SpanId                                               : loaded 2 times (x 67B)
Class com.intellij.gradle.toolingExtension.impl.model.taskModel.GradleTaskModelProvider: loaded 2 times (x 78B)
Class com.google.common.io.Files$FileByteSink                                         : loaded 2 times (x 73B)
Class org.objectweb.asm.ByteVector                                                    : loaded 2 times (x 75B)
Class [Lcom.google.common.cache.CacheBuilder$NullListener;                            : loaded 2 times (x 65B)
Class com.google.common.math.IntMath$1                                                : loaded 2 times (x 67B)
Class org.gradle.internal.classloader.VisitableURLClassLoader$Spec                    : loaded 2 times (x 70B)
Class org.gradle.internal.classpath.DefaultClassPath                                  : loaded 2 times (x 86B)
Class org.jetbrains.plugins.gradle.tooling.util.BooleanBiFunction                     : loaded 2 times (x 66B)
Class com.google.common.collect.Sets$1                                                : loaded 2 times (x 135B)
Class org.gradle.tooling.internal.consumer.converters.ConsumerTargetTypeProvider      : loaded 2 times (x 72B)
Class com.intellij.gradle.toolingExtension.impl.model.sourceSetArtifactIndex.GradleSourceSetArtifactIndex: loaded 2 times (x 74B)
Class org.jetbrains.kotlin.idea.gradleTooling.KotlinMPPGradleModelBinary              : loaded 2 times (x 66B)
Class com.google.common.collect.Cut$BelowValue                                        : loaded 2 times (x 84B)
Class com.intellij.openapi.externalSystem.model.project.dependencies.ArtifactDependencyNode: loaded 2 times (x 66B)
Class org.gradle.internal.impldep.com.google.common.collect.Iterators$MergingIterator : loaded 2 times (x 77B)
Class org.jetbrains.plugins.gradle.tooling.serialization.internal.IdeaProjectSerializationService$3: loaded 2 times (x 73B)
Class org.gradle.api.internal.ClassPathRegistry                                       : loaded 2 times (x 66B)
Class com.android.tools.idea.gradle.model.IdeAndroidLibrary                           : loaded 2 times (x 66B)
Class com.google.common.primitives.IntsMethodsForWeb                                  : loaded 2 times (x 67B)
Class [Lcom.android.tools.idea.gradle.project.sync.AndroidModule$NativeModelVersion;  : loaded 2 times (x 65B)
Class com.android.tools.idea.gradle.model.impl.IdeAaptOptionsImpl                     : loaded 2 times (x 71B)
Class com.google.common.collect.ImmutableMultimap$Keys                                : loaded 2 times (x 162B)
Class [Lorg.jetbrains.kotlin.config.JvmDefaultMode;                                   : loaded 2 times (x 65B)
Class org.jetbrains.kotlin.cli.common.messages.MessageCollector                       : loaded 2 times (x 66B)
Class org.jetbrains.kotlin.load.java.JvmAbi                                           : loaded 2 times (x 67B)
Class com.google.common.collect.Maps$EntryFunction$2                                  : loaded 2 times (x 87B)
Class com.google.common.reflect.Invokable$ConstructorInvokable                        : loaded 2 times (x 103B)
Class org.gradle.tooling.internal.consumer.connection.UnparameterizedBuildController  : loaded 2 times (x 97B)
Class org.gradle.tooling.internal.consumer.versioning.VersionDetails$R26VersionDetails: loaded 2 times (x 76B)
Class jdk.internal.jimage.decompressor.ZipDecompressorFactory                         : loaded 2 times (x 70B)
Class com.google.common.reflect.Types$ClassOwnership                                  : loaded 2 times (x 76B)
Class org.objectweb.asm.Symbol                                                        : loaded 2 times (x 69B)
Class com.google.common.base.AbstractIterator                                         : loaded 2 times (x 76B)
Class org.jetbrains.kotlin.idea.gradleTooling.UtilsKt                                 : loaded 2 times (x 67B)
Class org.jetbrains.kotlin.idea.gradleTooling.KotlinDslScriptTaskModelBuilder         : loaded 2 times (x 82B)
Class org.gradle.internal.impldep.com.google.common.collect.Lists                     : loaded 2 times (x 67B)
Class io.opentelemetry.api.internal.AutoValue_ImmutableSpanContext                    : loaded 2 times (x 88B)
Class com.android.builder.model.v2.models.ndk.NativeBuildSystem                       : loaded 2 times (x 75B)
Class com.google.common.collect.Iterators$PeekingImpl                                 : loaded 2 times (x 85B)
Class com.android.tools.idea.gradle.project.sync.JavaModule                           : loaded 2 times (x 70B)
Class com.android.tools.idea.gradle.model.IdeCompositeBuildMap                        : loaded 2 times (x 66B)
Class org.gradle.tooling.model.cpp.CppBinary                                          : loaded 2 times (x 66B)
Class [Lio.opentelemetry.context.ThreadLocalContextStorage;                           : loaded 2 times (x 65B)
Class com.google.common.collect.Sets$FilteredSet                                      : loaded 2 times (x 133B)
Class com.google.common.io.Closer                                                     : loaded 2 times (x 74B)
Class com.google.common.base.CharMatcher$Ascii                                        : loaded 2 times (x 108B)
Class org.gradle.internal.classloader.ClassLoaderSpec                                 : loaded 2 times (x 67B)
Class org.jetbrains.plugins.gradle.model.DefaultExternalProjectDependency             : loaded 2 times (x 116B)
Class org.jetbrains.kotlin.tooling.core.InternerKt                                    : loaded 2 times (x 67B)
Class com.android.tools.idea.gradle.project.sync.DefaultVariantsKt$getDefaultVariant$$inlined$thenBy$1: loaded 2 times (x 86B)
Class com.android.tools.idea.gradle.project.sync.ModelCacheV2ImplKt$modelCacheV2Impl$variantFrom$1$9: loaded 2 times (x 121B)
Class org.jetbrains.plugins.gradle.tooling.builder.IntelliJProjectSettingsBuilder     : loaded 2 times (x 74B)
Class com.android.tools.idea.gradle.model.LibraryReference                            : loaded 2 times (x 68B)
Class com.android.tools.idea.gradle.model.IdeAaptOptions                              : loaded 2 times (x 66B)
Class com.google.common.collect.SortedLists$KeyAbsentBehavior$1                       : loaded 2 times (x 76B)
Class com.intellij.gradle.toolingExtension.impl.modelSerialization.SerializationServiceNotFoundException: loaded 2 times (x 78B)
Class com.android.tools.idea.projectsystem.gradle.sync.Counter                        : loaded 2 times (x 68B)
Class org.jetbrains.kotlin.idea.gradleTooling.IdeaKpmProjectProvider                  : loaded 2 times (x 78B)
Class com.google.common.io.ByteSource$EmptyByteSource                                 : loaded 2 times (x 81B)
Class org.objectweb.asm.AnnotationWriter                                              : loaded 2 times (x 75B)
Class com.google.common.cache.CacheStats                                              : loaded 2 times (x 67B)
Class com.android.builder.model.ProjectSyncIssues                                     : loaded 2 times (x 66B)
Class com.intellij.gradle.toolingExtension.impl.model.resourceFilterModel.GradleResourceFilterModelBuilder: loaded 2 times (x 67B)
Class com.android.tools.idea.gradle.project.sync.ArtifactDependenciesCompat$AdjacencyList: loaded 2 times (x 68B)
Class org.jetbrains.kotlin.idea.gradleTooling.KotlinGradleModelBuilder                : loaded 2 times (x 82B)
Class org.jetbrains.plugins.gradle.tooling.serialization.internal.IdeaProjectSerializationService$6: loaded 2 times (x 72B)
Class org.jetbrains.kotlin.idea.gradleTooling.model.allopen.AllOpenModel              : loaded 2 times (x 66B)
Class [Lcom.android.tools.idea.gradle.model.ClasspathType;                            : loaded 2 times (x 65B)
Class com.android.tools.idea.gradle.project.sync.ModelCacheV2ImplKt$modelCacheV2Impl$variantFrom$1$12: loaded 2 times (x 121B)
Class com.android.tools.idea.gradle.project.sync.ModelCacheV2ImplKt$modelCacheV2Impl$createFromDependencies$1$LibrariesByType: loaded 2 times (x 68B)
Class [Lcom.android.builder.model.v2.models.ndk.NativeBuildSystem;                    : loaded 2 times (x 65B)
Class [Lcom.android.tools.idea.gradle.model.IdeArtifactName;                          : loaded 2 times (x 65B)
Class com.google.common.collect.SortedLists$KeyAbsentBehavior$2                       : loaded 2 times (x 76B)
Class com.google.common.collect.Cut$AboveAll                                          : loaded 2 times (x 84B)
Class org.jetbrains.plugins.gradle.tooling.serialization.internal.IdeaProjectSerializationService$JavaHomePathGetter: loaded 2 times (x 71B)
Class org.jetbrains.kotlin.idea.gradleTooling.ModelBuilderUtilsKt                     : loaded 2 times (x 67B)
Class com.intellij.gradle.toolingExtension.impl.model.dependencyDownloadPolicyModel.GradleDependencyDownloadPolicyBuilder: loaded 2 times (x 82B)
Class com.android.tools.idea.gradle.project.sync.SyncCounters                         : loaded 2 times (x 68B)
Class org.jetbrains.plugins.gradle.model.DefaultBuildController                       : loaded 2 times (x 94B)
Class com.intellij.gradle.toolingExtension.impl.model.sourceSetModel.GradleSourceSetModelBuilder: loaded 2 times (x 82B)
Class io.opentelemetry.api.trace.Tracer                                               : loaded 2 times (x 66B)
Class org.jetbrains.kotlin.idea.gradleTooling.model.samWithReceiver.SamWithReceiverModelBuilderService: loaded 2 times (x 81B)
Class com.intellij.gradle.toolingExtension.modelProvider.GradleClassBuildModelProvider: loaded 2 times (x 80B)
Class com.google.common.io.Closer$Suppressor                                          : loaded 2 times (x 66B)
Class com.google.common.io.LineProcessor                                              : loaded 2 times (x 66B)
Class com.google.common.collect.ImmutableMultisetGwtSerializationDependencies         : loaded 2 times (x 121B)
Class org.objectweb.asm.RecordComponentWriter                                         : loaded 2 times (x 74B)
Class com.google.common.util.concurrent.AbstractFuture$Listener                       : loaded 2 times (x 68B)
Class Settings_gradle$1$1                                                             : loaded 2 times (x 70B)
Class com.android.ide.gradle.model.composites.BuildMapModelBuilder                    : loaded 2 times (x 71B)
Class org.jetbrains.kotlin.idea.gradleTooling.reflect.KotlinSourceSetReflectionKt     : loaded 2 times (x 67B)
Class com.intellij.gradle.toolingExtension.impl.model.warmUp.GradleTaskWarmUpService  : loaded 2 times (x 82B)
Class com.intellij.gradle.toolingExtension.impl.modelBuilder.DefaultModelBuilderContext: loaded 2 times (x 73B)
Class org.jetbrains.plugins.gradle.tooling.serialization.internal.IdeaProjectSerializationService$7: loaded 2 times (x 72B)
Class com.android.tools.idea.gradle.project.sync.DeliverableJavaModule                : loaded 2 times (x 72B)
Class com.intellij.openapi.util.io.FileUtil                                           : loaded 2 times (x 67B)
Class org.gradle.api.internal.DefaultClassPathRegistry                                : loaded 2 times (x 72B)
Class com.google.common.cache.RemovalListener                                         : loaded 2 times (x 66B)
Class com.google.common.collect.SortedLists$KeyAbsentBehavior$3                       : loaded 2 times (x 76B)
Class com.google.common.collect.AbstractMapBasedMultimap$WrappedCollection$WrappedIterator: loaded 2 times (x 80B)
Class com.intellij.gradle.toolingExtension.impl.modelAction.GradleDaemonModelHolder$1 : loaded 2 times (x 74B)
Class com.google.common.base.Present                                                  : loaded 2 times (x 77B)
Class io.opentelemetry.api.trace.ArrayBasedTraceState                                 : loaded 2 times (x 82B)
Class io.opentelemetry.context.ContextKey                                             : loaded 2 times (x 66B)
Class com.android.tools.idea.gradle.project.sync.AndroidExtraModelProviderImpl        : loaded 2 times (x 68B)
Class org.objectweb.asm.Attribute                                                     : loaded 2 times (x 73B)
Class com.google.common.base.Supplier                                                 : loaded 2 times (x 66B)
Class org.gradle.internal.classloader.VisitableURLClassLoader                         : loaded 2 times (x 113B)
Class com.google.common.collect.ListMultimap                                          : loaded 2 times (x 66B)
Class com.google.common.collect.ImmutableEnumMap                                      : loaded 2 times (x 121B)
Class org.apache.commons.io.output.StringBuilderWriter                                : loaded 2 times (x 96B)
Class [Lorg.apache.commons.io.StandardLineSeparator;                                  : loaded 2 times (x 65B)
Class com.google.common.collect.CollectSpliterators$1WithCharacteristics              : loaded 2 times (x 86B)
Class org.jetbrains.kotlin.idea.gradleTooling.model.allopen.AllOpenModelBuilderService: loaded 2 times (x 81B)
Class com.google.common.collect.AbstractIterator$1                                    : loaded 2 times (x 67B)
Class org.jetbrains.plugins.gradle.tooling.serialization.internal.IdeaProjectSerializationService$8: loaded 2 times (x 72B)
Class com.intellij.openapi.util.io.FileUtil$1                                         : loaded 2 times (x 73B)
Class com.google.common.collect.Maps$EntryFunction$1                                  : loaded 2 times (x 87B)
Class com.android.tools.idea.gradle.project.sync.SyncActionRunnerKt                   : loaded 2 times (x 67B)
Class com.android.builder.model.Variant                                               : loaded 2 times (x 66B)
Class com.android.tools.idea.gradle.project.sync.ModelCacheKt                         : loaded 2 times (x 67B)
Class com.intellij.gradle.toolingExtension.impl.modelSerialization.ToolingSerializer  : loaded 2 times (x 68B)
Class org.jetbrains.kotlin.idea.projectModel.KotlinTarget$Companion                   : loaded 2 times (x 67B)
Class com.android.tools.idea.gradle.model.IdeLibrary                                  : loaded 2 times (x 66B)
Class org.gradle.tooling.model.eclipse.EclipseProject                                 : loaded 2 times (x 66B)
Class com.android.tools.idea.gradle.model.IdeSigningConfig                            : loaded 2 times (x 66B)
Class com.google.common.util.concurrent.AbstractFuture$Waiter                         : loaded 2 times (x 68B)
Class Settings_gradle                                                                 : loaded 2 times (x 124B)
Class com.intellij.gradle.toolingExtension.impl.model.dependencyModel.GradleDependencyResolver$1: loaded 2 times (x 72B)
Class org.gradle.tooling.internal.adapter.ProtocolToModelAdapter$ClassMixInMethodInvoker: loaded 2 times (x 72B)
Class org.jetbrains.kotlin.idea.gradleTooling.PrepareKotlinIdeaImportTaskModelBuilder : loaded 2 times (x 82B)
Class org.gradle.internal.impldep.com.google.common.collect.Lists$StringAsImmutableList: loaded 2 times (x 203B)
Class com.android.tools.idea.gradle.project.sync.IndexedModels                        : loaded 2 times (x 68B)
Class com.android.tools.idea.gradle.project.sync.ModelCacheV2ImplKt                   : loaded 2 times (x 67B)
Class com.intellij.openapi.util.io.FileUtil$2                                         : loaded 2 times (x 78B)
Class com.android.tools.idea.gradle.model.IdeUnresolvedUnknownLibrary                 : loaded 2 times (x 66B)
Class com.google.common.base.NullnessCasts                                            : loaded 2 times (x 67B)
Class com.android.tools.idea.gradle.project.sync.ModelCacheV2ImplKt$modelCacheV2Impl$variantFrom$1$15: loaded 2 times (x 121B)
Class com.android.tools.idea.gradle.model.IdeAndroidProject                           : loaded 2 times (x 66B)
Class com.google.common.util.concurrent.AbstractFuture$Cancellation                   : loaded 2 times (x 68B)
Class com.google.common.io.Files$2                                                    : loaded 2 times (x 72B)
Class org.gradle.tooling.internal.adapter.ProtocolToModelAdapter$BeanMixInMethodInvoker: loaded 2 times (x 72B)
Class org.jetbrains.kotlin.gradle.idea.kpm.IdeaKpmProjectContainer                    : loaded 2 times (x 66B)
Class org.jetbrains.plugins.gradle.tooling.serialization.internal.adapter.Suppliers$SupplierOfInstance: loaded 2 times (x 72B)
Class com.intellij.gradle.toolingExtension.impl.modelAction.GradleModelId             : loaded 2 times (x 68B)
Class jdk.internal.jimage.decompressor.ZipDecompressor                                : loaded 2 times (x 71B)
Class com.google.common.collect.HashBiMap                                             : loaded 2 times (x 139B)
Class com.google.common.base.Strings                                                  : loaded 2 times (x 67B)
Class com.google.common.collect.Sets                                                  : loaded 2 times (x 67B)
Class org.objectweb.asm.Handler                                                       : loaded 2 times (x 68B)
Class com.google.common.base.Ticker                                                   : loaded 2 times (x 68B)
Class org.jetbrains.plugins.gradle.model.DefaultExternalTask                          : loaded 2 times (x 79B)
Class com.android.tools.idea.gradle.project.sync.AndroidModule$V2                     : loaded 2 times (x 70B)
Class com.android.tools.idea.gradle.model.IdeViewBindingOptions                       : loaded 2 times (x 66B)
Class com.android.tools.idea.gradle.model.IdeBaseArtifactCore                         : loaded 2 times (x 66B)
Class org.jetbrains.plugins.gradle.tooling.builder.WarModelBuilderImplKt              : loaded 2 times (x 67B)
Class com.android.tools.idea.gradle.project.sync.SyncProjectActionWorker$populateAndroidModels$2$variantDiscovery$1: loaded 2 times (x 74B)
Class com.android.tools.idea.gradle.project.sync.BuildInfo                            : loaded 2 times (x 68B)
Class com.google.common.cache.Cache                                                   : loaded 2 times (x 66B)
Class com.android.tools.idea.gradle.model.impl.IdeSourceProviderContainerImpl         : loaded 2 times (x 72B)
Class com.android.tools.idea.gradle.model.IdeModuleWellKnownSourceSet                 : loaded 2 times (x 80B)
Class com.android.tools.idea.gradle.project.sync.BasicModulesKt                       : loaded 2 times (x 67B)
Class com.android.tools.idea.gradle.project.upgrade.AndroidGradlePluginCompatibility  : loaded 2 times (x 75B)
Class com.google.common.collect.Cut$AboveValue                                        : loaded 2 times (x 84B)
Class com.android.tools.idea.gradle.model.impl.IdeUnresolvedLibraryTable              : loaded 2 times (x 66B)
Class com.android.tools.idea.gradle.project.sync.ModelVersions                        : loaded 2 times (x 68B)
Class com.google.common.cache.LocalCache$Strength                                     : loaded 2 times (x 77B)
Class io.opentelemetry.api.trace.ArrayBasedTraceStateBuilder                          : loaded 2 times (x 73B)
Class com.android.tools.idea.gradle.project.sync.SyncProjectActionOptions             : loaded 2 times (x 69B)
Class org.gradle.tooling.BuildController                                              : loaded 2 times (x 66B)
Class [Lcom.google.common.cache.LocalCache$Segment;                                   : loaded 2 times (x 65B)
Class [Lcom.google.common.cache.LocalCache$Strength;                                  : loaded 2 times (x 65B)
Class com.google.common.cache.CacheBuilder$1                                          : loaded 2 times (x 81B)
Class org.gradle.internal.classpath.DefaultClassPath$ImmutableUniqueList$Builder      : loaded 2 times (x 71B)
Class org.jetbrains.plugins.gradle.tooling.internal.ClasspathEntryModelImpl           : loaded 2 times (x 76B)
Class org.gradle.internal.impldep.com.google.common.collect.Iterators$1               : loaded 2 times (x 77B)
Class com.intellij.openapi.externalSystem.model.project.dependencies.DependencyNode   : loaded 2 times (x 66B)
Class org.gradle.api.internal.classpath.EffectiveClassPath                            : loaded 2 times (x 86B)
Class com.android.tools.idea.gradle.model.ndk.v1.IdeNativeVariantAbi                  : loaded 2 times (x 66B)
Class org.jetbrains.kotlin.gradle.idea.tcs.IdeaKotlinDependencyCoordinates            : loaded 2 times (x 66B)
Class com.android.tools.idea.gradle.project.sync.ModelCacheV2ImplKt$modelCacheV2Impl$createFromDependencies$1$LibraryWithDependencies: loaded 2 times (x 68B)
Class com.android.tools.idea.gradle.model.impl.IdeViewBindingOptionsImpl              : loaded 2 times (x 70B)
Class com.intellij.gradle.toolingExtension.impl.model.sourceSetDependencyModel.GradleSourceSetDependencyModelProvider: loaded 2 times (x 79B)
Class com.google.common.base.Stopwatch                                                : loaded 2 times (x 68B)
Class io.opentelemetry.api.trace.TracerProvider                                       : loaded 2 times (x 66B)
Class org.jetbrains.kotlin.config.ApiVersion                                          : loaded 2 times (x 82B)
Class com.google.common.cache.LocalCache                                              : loaded 2 times (x 183B)
Class com.google.common.cache.CacheBuilder$2                                          : loaded 2 times (x 68B)
Class com.intellij.gradle.toolingExtension.impl.model.buildScriptClasspathModel.GradleBuildScriptClasspathCache: loaded 2 times (x 71B)
Class com.intellij.openapi.externalSystem.model.project.dependencies.ProjectDependenciesImpl: loaded 2 times (x 73B)
Class jdk.internal.jimage.ImageHeader                                                 : loaded 2 times (x 67B)
Class io.opentelemetry.api.trace.TraceStateBuilder                                    : loaded 2 times (x 66B)
Class org.jetbrains.kotlin.idea.gradleTooling.model.samWithReceiver.SamWithReceiverModel: loaded 2 times (x 66B)
Class org.jetbrains.plugins.gradle.model.GradleLightBuild                             : loaded 2 times (x 66B)
Class com.android.tools.idea.gradle.project.sync.VariantSelectionKt                   : loaded 2 times (x 67B)
Class org.jetbrains.plugins.gradle.model.DefaultGradleLightProject                    : loaded 2 times (x 78B)
Class com.android.tools.idea.gradle.project.sync.AndroidProjectResult$V2Project       : loaded 2 times (x 73B)
Class com.android.tools.idea.gradle.model.IdeBuildTypeContainer                       : loaded 2 times (x 66B)
Class com.android.tools.idea.gradle.project.sync.AndroidModule$V1                     : loaded 2 times (x 70B)
Class com.android.tools.idea.gradle.project.sync.LibraryIdentity$LibraryIdentityProvider$special$$inlined$thenBy$1: loaded 2 times (x 86B)
Class com.intellij.openapi.util.SystemInfoRt                                          : loaded 2 times (x 67B)
Class com.intellij.openapi.diagnostic.Logger                                          : loaded 2 times (x 95B)
Class io.opentelemetry.api.trace.AutoValue_ArrayBasedTraceState                       : loaded 2 times (x 83B)
Class com.android.tools.idea.gradle.model.impl.IdeJavaArtifactCoreImpl                : loaded 2 times (x 87B)
Class kotlin.sequences.DistinctIterator                                               : loaded 2 times (x 79B)
Class com.android.tools.idea.gradle.project.sync.DeliverableAndroidModule             : loaded 2 times (x 72B)
Class org.gradle.internal.impldep.com.google.common.collect.PeekingIterator           : loaded 2 times (x 66B)
Class org.jetbrains.kotlin.config.LanguageVersion                                     : loaded 2 times (x 87B)
Class com.google.common.collect.ArrayListMultimap                                     : loaded 2 times (x 168B)
Class com.google.common.base.AbstractIterator$1                                       : loaded 2 times (x 67B)
Class com.google.common.base.CharMatcher$Digit                                        : loaded 2 times (x 108B)
Class org.jetbrains.plugins.gradle.tooling.util.BiFunction                            : loaded 2 times (x 66B)
Class org.jetbrains.plugins.gradle.model.AbstractExternalDependency                   : loaded 2 times (x 102B)
Class org.jetbrains.kotlin.idea.gradleTooling.model.kapt.KaptGradleModelImpl          : loaded 2 times (x 73B)
Class org.jetbrains.kotlin.tooling.core.Interner                                      : loaded 2 times (x 66B)
Class org.jetbrains.kotlin.idea.gradleTooling.PrepareKotlinIdeaImportTaskModelBuilder$Messages: loaded 2 times (x 67B)
Class com.intellij.gradle.toolingExtension.impl.model.dependencyModel.DefaultModuleIdentifier: loaded 2 times (x 74B)
Class com.android.ide.gradle.model.builder.GradlePluginModelBuilder                   : loaded 2 times (x 71B)
Class com.intellij.gradle.toolingExtension.impl.model.dependencyGraphModel.GradleDependencyReportGenerator: loaded 2 times (x 69B)
Class org.jetbrains.plugins.gradle.tooling.builder.IntelliJSettingsBuilder            : loaded 2 times (x 74B)
Class com.android.ide.common.gradle.NonNumeric                                        : loaded 2 times (x 73B)
Class org.gradle.tooling.internal.consumer.converters.IdeaProjectJavaLanguageSettingsMixin: loaded 2 times (x 69B)
Class com.android.tools.idea.gradle.model.impl.IdeAndroidLibraryImpl                  : loaded 2 times (x 103B)
Class jdk.internal.jrtfs.SystemImage$2                                                : loaded 2 times (x 72B)
Class com.android.tools.idea.gradle.model.IdeAaptOptions$Namespacing                  : loaded 2 times (x 75B)
Class org.gradle.api.internal.classpath.UnknownModuleException                        : loaded 2 times (x 78B)
Class com.android.tools.idea.gradle.model.IdeApiVersion                               : loaded 2 times (x 66B)
Class com.google.common.cache.Weigher                                                 : loaded 2 times (x 66B)
Class com.android.tools.idea.gradle.project.sync.AndroidExtraModelProvider            : loaded 2 times (x 78B)
Class org.gradle.tooling.internal.consumer.versioning.VersionDetails$R48VersionDetails: loaded 2 times (x 76B)
Class org.gradle.tooling.model.eclipse.EclipseExternalDependency                      : loaded 2 times (x 66B)
Class org.gradle.tooling.internal.adapter.ProtocolToModelAdapter$TypeSpecificMappingAction: loaded 2 times (x 77B)
Class io.opentelemetry.api.trace.TraceState                                           : loaded 2 times (x 66B)
Class org.gradle.tooling.model.eclipse.HierarchicalEclipseProject                     : loaded 2 times (x 66B)
Class org.gradle.tooling.internal.consumer.versioning.VersionDetails$R35VersionDetails: loaded 2 times (x 76B)
Class jdk.internal.jimage.ImageStrings                                                : loaded 2 times (x 66B)
Class com.google.common.base.Suppliers$MemoizingSupplier                              : loaded 2 times (x 75B)
Class org.apache.commons.io.StandardLineSeparator                                     : loaded 2 times (x 75B)
Class com.google.common.collect.CollectPreconditions                                  : loaded 2 times (x 67B)
Class com.google.common.base.CharMatcher$JavaIsoControl                               : loaded 2 times (x 108B)
Class org.jetbrains.plugins.gradle.model.ModelFactory                                 : loaded 2 times (x 67B)
Class org.jetbrains.plugins.gradle.tooling.serialization.ToolingStreamApiUtilsKt      : loaded 2 times (x 67B)
Class org.gradle.internal.classloader.ClassLoaderVisitor                              : loaded 2 times (x 72B)
Class org.jetbrains.plugins.gradle.tooling.ModelBuilderContext$DataProvider           : loaded 2 times (x 66B)
Class org.gradle.internal.impldep.com.google.common.collect.AbstractIndexedListIterator: loaded 2 times (x 92B)
Class com.google.common.base.CharMatcher$None                                         : loaded 2 times (x 108B)
Class com.android.tools.idea.gradle.project.sync.IdeModelFactoryV2Kt                  : loaded 2 times (x 67B)
Class com.intellij.gradle.toolingExtension.impl.telemetry.GradleTelemetryFormat       : loaded 2 times (x 75B)
Class com.android.tools.idea.gradle.project.sync.BuildModelsAndMap                    : loaded 2 times (x 68B)
Class [Lcom.android.tools.idea.gradle.model.IdeAaptOptions$Namespacing;               : loaded 2 times (x 65B)
Class com.android.tools.idea.gradle.model.impl.IdeDependencyCoreImpl                  : loaded 2 times (x 72B)
Class io.opentelemetry.context.LazyStorage                                            : loaded 2 times (x 67B)
Class com.google.common.collect.Maps$AbstractFilteredMap                              : loaded 2 times (x 123B)
Class [Lcom.google.common.io.FileWriteMode;                                           : loaded 2 times (x 65B)
Class com.google.common.collect.SortedMapDifference                                   : loaded 2 times (x 66B)
Class com.google.common.base.CharMatcher$JavaLowerCase                                : loaded 2 times (x 107B)
Class com.intellij.openapi.util.Comparing                                             : loaded 2 times (x 67B)
Class org.jetbrains.kotlin.tooling.core.KotlinToolingVersion$Maturity                 : loaded 2 times (x 75B)
Class org.jetbrains.kotlin.config.LanguageVersionSettings                             : loaded 2 times (x 66B)
Class com.google.common.io.ByteSource$ConcatenatedByteSource                          : loaded 2 times (x 81B)
Class [Lcom.google.common.collect.AbstractIterator$State;                             : loaded 2 times (x 65B)
Class [Lcom.intellij.openapi.externalSystem.model.project.IExternalSystemSourceType;  : loaded 2 times (x 65B)
Class com.intellij.openapi.externalSystem.model.project.dependencies.ArtifactDependencyNodeImpl: loaded 2 times (x 91B)
Class com.android.tools.idea.gradle.project.sync.IdeAndroidModels                     : loaded 2 times (x 68B)
Class com.android.tools.idea.gradle.project.sync.SyncProjectActionWorker$populateAndroidModels$3$1: loaded 2 times (x 121B)
Class com.intellij.gradle.toolingExtension.impl.util.GradleObjectUtil                 : loaded 2 times (x 67B)
Class com.android.tools.idea.gradle.model.IdeUnresolvedArtifactLibrary                : loaded 2 times (x 66B)
Class [Lcom.android.tools.idea.gradle.model.IdeAndroidProjectType;                    : loaded 2 times (x 65B)
Class com.android.tools.idea.gradle.model.IdeBuildTasksAndOutputInformation           : loaded 2 times (x 66B)
Class com.google.common.reflect.TypeResolver$TypeVariableKey                          : loaded 2 times (x 68B)
Class org.jetbrains.kotlin.config.LanguageFeature                                     : loaded 2 times (x 76B)
Class org.jetbrains.kotlin.idea.gradleTooling.KotlinDslScriptModelProvider            : loaded 2 times (x 79B)
Class com.google.common.io.Files                                                      : loaded 2 times (x 67B)
Class com.google.common.cache.LocalCache$EntryFactory                                 : loaded 2 times (x 79B)
Class org.jetbrains.kotlin.idea.gradleTooling.KotlinGradleModelImpl                   : loaded 2 times (x 80B)
Class [Lorg.jetbrains.kotlin.idea.gradleTooling.reflect.Parameter;                    : loaded 2 times (x 65B)
Class io.opentelemetry.context.Scope                                                  : loaded 2 times (x 66B)
Class org.gradle.tooling.model.kotlin.dsl.EditorPosition                              : loaded 2 times (x 66B)
Class org.gradle.api.internal.classpath.Module                                        : loaded 2 times (x 66B)
Class org.jetbrains.kotlin.idea.gradleTooling.model.assignment.AssignmentModel        : loaded 2 times (x 66B)
Class com.intellij.openapi.externalSystem.model.project.dependencies.ComponentDependencies: loaded 2 times (x 66B)
Class org.jetbrains.plugins.gradle.tooling.ModelBuilderService$Ex                     : loaded 2 times (x 66B)
Class org.apache.commons.io.output.NullOutputStream                                   : loaded 2 times (x 81B)
Class org.gradle.tooling.model.java.InstalledJdk                                      : loaded 2 times (x 66B)
Class com.google.common.collect.EmptyImmutableListMultimap                            : loaded 2 times (x 172B)
Class org.gradle.tooling.model.Task                                                   : loaded 2 times (x 66B)
Class com.intellij.openapi.diagnostic.Logger$Factory                                  : loaded 2 times (x 66B)
Class org.apache.commons.io.output.ByteArrayOutputStream                              : loaded 2 times (x 98B)
Class com.google.common.base.MoreObjects                                              : loaded 2 times (x 67B)
Class org.gradle.internal.impldep.com.google.common.collect.AbstractIterator          : loaded 2 times (x 78B)
Class org.jetbrains.kotlin.idea.projectModel.ExtraFeatures                            : loaded 2 times (x 66B)
Class com.google.common.reflect.Types$NativeTypeVariableEquals                        : loaded 2 times (x 67B)
Class com.google.common.reflect.TypeParameter                                         : loaded 2 times (x 68B)
Class com.google.common.collect.Iterables$5                                           : loaded 2 times (x 77B)
Class com.google.common.cache.LocalCache$AbstractReferenceEntry                       : loaded 2 times (x 103B)
Class com.google.common.base.Splitter$1$1                                             : loaded 2 times (x 82B)
Class com.google.common.base.CharMatcher$Whitespace                                   : loaded 2 times (x 108B)
Class sync_studio_tooling6_eatyj9052a9o4dq194dqb8ad8                                  : loaded 2 times (x 175B)
Class com.intellij.gradle.toolingExtension.impl.model.sourceSetArtifactIndex.GradleSourceSetArtifactModel: loaded 2 times (x 72B)
Class com.android.tools.idea.gradle.project.sync.VariantSelectionChange$Companion     : loaded 2 times (x 67B)
Class com.android.tools.idea.gradle.project.sync.ModelCacheV2ImplKt$modelCacheV2Impl$variantFrom$1$6: loaded 2 times (x 121B)
Class org.jetbrains.plugins.gradle.model.web.WebConfiguration                         : loaded 2 times (x 66B)
Class gnu.trove.TObjectCanonicalHashingStrategy                                       : loaded 2 times (x 74B)
Class com.android.tools.idea.gradle.model.IdeMultiVariantData                         : loaded 2 times (x 66B)
Class com.android.tools.idea.gradle.model.impl.IdeBuildTasksAndOutputInformationImpl  : loaded 2 times (x 76B)
Class com.android.tools.idea.gradle.project.sync.BuildTypeDef                         : loaded 2 times (x 68B)
Class com.android.tools.idea.gradle.project.sync.IdeModelFactoryV2                    : loaded 2 times (x 68B)
Class com.android.tools.idea.gradle.model.IdePreResolvedModuleLibrary                 : loaded 2 times (x 66B)
Class org.jetbrains.plugins.gradle.tooling.builder.ExternalTestsModelBuilderImpl      : loaded 2 times (x 74B)
Class com.android.tools.idea.gradle.project.sync.NativeVariantAbiResult$None          : loaded 2 times (x 67B)
Class com.android.tools.idea.gradle.project.sync.SyncActionRunner$Companion           : loaded 2 times (x 67B)
Class com.android.tools.idea.gradle.project.sync.SyncActionRunner                     : loaded 2 times (x 72B)
Class io.opentelemetry.context.propagation.NoopTextMapPropagator                      : loaded 2 times (x 72B)
Class com.android.tools.idea.gradle.project.sync.GradleSyncStudioFlags                : loaded 2 times (x 68B)
Class org.objectweb.asm.SymbolTable                                                   : loaded 2 times (x 68B)
Class com.google.common.cache.CacheLoader$InvalidCacheLoadException                   : loaded 2 times (x 78B)
Class com.google.common.base.CharMatcher$SingleWidth                                  : loaded 2 times (x 108B)
Class org.gradle.internal.classloader.SystemClassLoaderSpec                           : loaded 2 times (x 67B)
Class com.android.ide.common.gradle.Version$Companion$ParseState$NONNUMERIC           : loaded 2 times (x 70B)
Class org.jetbrains.plugins.gradle.tooling.internal.VersionCatalogsModelImpl          : loaded 2 times (x 72B)
Class org.gradle.internal.classloader.DefaultClassLoaderFactory                       : loaded 2 times (x 78B)
Class com.intellij.gradle.toolingExtension.impl.model.taskModel.DefaultGradleTaskModel: loaded 2 times (x 71B)
Class JetGradlePlugin$findJetModelBuilder$0                                           : loaded 2 times (x 142B)
Class com.android.tools.idea.gradle.project.sync.AndroidArtifactRef                   : loaded 2 times (x 68B)
Class com.google.common.collect.ArrayListMultimapGwtSerializationDependencies         : loaded 2 times (x 168B)
Class com.google.common.collect.Multiset                                              : loaded 2 times (x 66B)
Class com.google.common.math.MathPreconditions                                        : loaded 2 times (x 67B)
Class com.google.common.collect.FluentIterable$3                                      : loaded 2 times (x 77B)
Class com.intellij.openapi.externalSystem.model.ExternalSystemException               : loaded 2 times (x 82B)
Class org.jetbrains.kotlin.idea.projectModel.KotlinTarget                             : loaded 2 times (x 66B)
Class com.android.tools.idea.gradle.project.sync.IdeModelWithPostProcessor            : loaded 2 times (x 68B)
Class com.android.tools.idea.gradle.project.sync.AndroidModule$NativeModelVersion     : loaded 2 times (x 75B)
Class com.android.tools.idea.gradle.model.ResolverType                                : loaded 2 times (x 75B)
Class org.jetbrains.kotlin.idea.gradleTooling.MultiplatformModelImportingChecker      : loaded 2 times (x 66B)
Class com.google.common.collect.FluentIterable                                        : loaded 2 times (x 77B)
Class com.google.common.cache.LocalCache$StrongEntry                                  : loaded 2 times (x 104B)
Class com.google.common.util.concurrent.AbstractFuture$TrustedFuture                  : loaded 2 times (x 110B)
Class com.google.common.cache.LoadingCache                                            : loaded 2 times (x 66B)
Class com.google.common.collect.TreeRangeSet$AsRanges                                 : loaded 2 times (x 145B)
Class com.android.tools.idea.gradle.project.sync.SyncActionRunnerKt$toMeasuringController$1: loaded 2 times (x 82B)
Class com.intellij.gradle.toolingExtension.impl.model.sourceSetModel.GradleSourceSetModelBuilder$1: loaded 2 times (x 79B)
Class com.google.common.base.Suppliers                                                : loaded 2 times (x 67B)
Class [Lcom.google.common.cache.CacheBuilder$OneWeigher;                              : loaded 2 times (x 65B)
Class org.jetbrains.kotlin.idea.gradleTooling.model.parcelize.ParcelizeGradleModel    : loaded 2 times (x 66B)
Class org.jetbrains.plugins.gradle.tooling.builder.AnnotationProcessingModelBuilder   : loaded 2 times (x 82B)
Class com.android.tools.idea.gradle.project.sync.ModelConverter                       : loaded 2 times (x 67B)
Class com.intellij.openapi.diagnostic.Logger$DefaultFactory                           : loaded 2 times (x 70B)
Class com.android.tools.idea.gradle.project.sync.LibraryIdentity$Companion            : loaded 2 times (x 67B)
Class org.objectweb.asm.MethodTooLargeException                                       : loaded 2 times (x 79B)
Class com.android.tools.idea.gradle.project.sync.InternedModels                       : loaded 2 times (x 68B)
Class com.android.tools.idea.gradle.project.sync.BasicV2AndroidModuleGradleProject    : loaded 2 times (x 69B)
Class io.opentelemetry.context.ContextStorageWrappers                                 : loaded 2 times (x 67B)
Class io.opentelemetry.context.propagation.DefaultContextPropagators                  : loaded 2 times (x 71B)
Class com.google.common.primitives.Ints                                               : loaded 2 times (x 67B)
Class org.gradle.tooling.internal.consumer.connection.NestedActionAwareBuildControllerAdapter: loaded 2 times (x 97B)
Class org.gradle.tooling.internal.consumer.versioning.VersionDetails$R51VersionDetails: loaded 2 times (x 76B)
Class org.gradle.tooling.model.gradle.GradleBuild                                     : loaded 2 times (x 66B)
Class org.jetbrains.kotlin.name.ClassId                                               : loaded 2 times (x 68B)
Class io.opentelemetry.api.trace.Span                                                 : loaded 2 times (x 66B)
Class org.gradle.tooling.internal.consumer.versioning.VersionDetails                  : loaded 2 times (x 76B)
Class jdk.internal.jrtfs.JrtFileSystem                                                : loaded 2 times (x 98B)
Class com.google.common.io.ByteStreams$LimitedInputStream                             : loaded 2 times (x 88B)
Class com.google.common.base.Suppliers$NonSerializableMemoizingSupplier               : loaded 2 times (x 75B)
Class org.objectweb.asm.MethodWriter                                                  : loaded 2 times (x 102B)
Class [Lcom.google.common.cache.Weigher;                                              : loaded 2 times (x 65B)
Class com.google.common.base.Absent                                                   : loaded 2 times (x 76B)
Class com.google.common.base.Platform$JdkPatternCompiler                              : loaded 2 times (x 71B)
Class org.jetbrains.kotlin.name.FqNameUnsafe$1                                        : loaded 2 times (x 70B)
Class com.intellij.gradle.toolingExtension.impl.modelAction.GradleDaemonModelHolder   : loaded 2 times (x 72B)
Class io.opentelemetry.sdk.trace.export.SpanExporter                                  : loaded 2 times (x 66B)
Class com.intellij.gradle.toolingExtension.impl.model.sourceSetModel.GradleSourceSetModelBuilder$2: loaded 2 times (x 79B)
Class org.jetbrains.plugins.gradle.tooling.MessageReportBuilder                       : loaded 2 times (x 66B)
Class com.android.tools.idea.gradle.project.sync.DeliverableGradleModule              : loaded 2 times (x 72B)
Class com.intellij.openapi.diagnostic.LogLevel                                        : loaded 2 times (x 75B)
Class com.google.common.collect.FluentIterable$2                                      : loaded 2 times (x 77B)
Class com.android.tools.idea.gradle.project.sync.VariantDiscoveryKt                   : loaded 2 times (x 67B)
Class com.google.common.reflect.Reflection                                            : loaded 2 times (x 67B)
Class com.google.common.collect.Cut                                                   : loaded 2 times (x 84B)
Class org.gradle.tooling.internal.consumer.connection.InternalPhasedActionAdapter     : loaded 2 times (x 74B)
Class io.opentelemetry.context.DefaultContextKey                                      : loaded 2 times (x 68B)
Class jdk.internal.jimage.decompressor.CompressedResourceHeader                       : loaded 2 times (x 67B)
Class com.google.common.collect.AbstractMapBasedMultimap$RandomAccessWrappedList      : loaded 2 times (x 201B)
Class org.jetbrains.kotlin.cli.common.CompilerSystemProperties$Companion              : loaded 2 times (x 67B)
Class com.google.common.collect.ImmutableMultimap$1                                   : loaded 2 times (x 78B)
Class org.gradle.tooling.model.kotlin.dsl.EditorReport                                : loaded 2 times (x 66B)
Class com.intellij.gradle.toolingExtension.impl.model.sourceSetModel.GradleSourceSetModelBuilder$3: loaded 2 times (x 79B)
Class com.android.tools.idea.gradle.model.IdeBaseConfig                               : loaded 2 times (x 66B)
Class com.intellij.gradle.toolingExtension.impl.util.GradleTreeTraverserUtil          : loaded 2 times (x 67B)
Class com.android.tools.idea.gradle.project.sync.GradleModelCollection                : loaded 2 times (x 66B)
Class org.jetbrains.kotlin.idea.gradleTooling.KotlinMPPGradleModelBinaryBuilder       : loaded 2 times (x 82B)
Class com.google.common.collect.Range$RangeLexOrdering                                : loaded 2 times (x 111B)
Class org.gradle.tooling.internal.consumer.connection.ParameterAwareBuildControllerAdapter: loaded 2 times (x 97B)
Class org.gradle.internal.impldep.com.google.common.collect.Iterators$ArrayItr        : loaded 2 times (x 93B)
Class org.jetbrains.kotlin.idea.gradleTooling.model.lombok.LombokModel                : loaded 2 times (x 66B)
Class org.jetbrains.plugins.gradle.tooling.internal.DefaultRepositoryModels           : loaded 2 times (x 72B)
Class org.jetbrains.kotlin.idea.gradleTooling.reflect.ReflectionLogger                : loaded 2 times (x 66B)
Class io.opentelemetry.api.OpenTelemetry                                              : loaded 2 times (x 66B)
Class org.jetbrains.kotlin.config.LanguageOrApiVersion                                : loaded 2 times (x 66B)
Class com.android.tools.idea.gradle.project.sync.VariantDetails                       : loaded 2 times (x 68B)
Class com.google.common.reflect.Types$JavaVersion$1                                   : loaded 2 times (x 79B)
Class com.google.common.collect.AbstractIterator$State                                : loaded 2 times (x 75B)
Class [Lorg.jetbrains.kotlin.config.ExplicitApiMode;                                  : loaded 2 times (x 65B)
Class com.google.common.collect.ImmutableMultimap$2                                   : loaded 2 times (x 77B)
Class com.google.common.collect.RegularImmutableBiMap                                 : loaded 2 times (x 144B)
Class com.google.common.cache.LocalCache$ValueReference                               : loaded 2 times (x 66B)
Class org.jetbrains.kotlin.idea.gradleTooling.model.noarg.NoArgModel                  : loaded 2 times (x 66B)
Class [Lcom.intellij.openapi.externalSystem.model.project.ExternalSystemSourceType;   : loaded 2 times (x 65B)
Class org.objectweb.asm.ClassVisitor                                                  : loaded 2 times (x 84B)
Class org.jetbrains.kotlin.idea.gradleTooling.ResolveCompilerArgumentsKt              : loaded 2 times (x 67B)
Class [Lcom.android.tools.idea.gradle.model.IdeModuleSourceSet;                       : loaded 2 times (x 65B)
Class com.android.tools.idea.gradle.project.sync.VariantDependenciesCompat            : loaded 2 times (x 68B)
Class org.jetbrains.kotlin.idea.gradleTooling.reflect.KotlinMultiplatformImportReflectionImpl: loaded 2 times (x 72B)
Class com.android.tools.idea.gradle.model.IdeDependenciesInfo                         : loaded 2 times (x 66B)
Class [Lorg.objectweb.asm.Symbol;                                                     : loaded 2 times (x 65B)
Class org.jetbrains.kotlin.idea.gradleTooling.reflect.ReflectionReceiver$Instance     : loaded 2 times (x 73B)
Class org.gradle.api.internal.classpath.DefaultModuleRegistry$DefaultModule           : loaded 2 times (x 82B)
Class org.jetbrains.plugins.gradle.model.tests.ExternalTestSourceMapping              : loaded 2 times (x 66B)
Class io.opentelemetry.api.trace.PropagatedSpan                                       : loaded 2 times (x 108B)
Class org.objectweb.asm.FieldVisitor                                                  : loaded 2 times (x 73B)
Class com.google.common.reflect.Types$JavaVersion$2                                   : loaded 2 times (x 79B)
Class com.google.common.reflect.Types                                                 : loaded 2 times (x 67B)
Class com.google.common.hash.PrimitiveSink                                            : loaded 2 times (x 66B)
Class com.google.common.base.PatternCompiler                                          : loaded 2 times (x 66B)
Class com.google.common.util.concurrent.AbstractFuture$Failure                        : loaded 2 times (x 68B)
Class com.google.common.base.Equivalence$Equals                                       : loaded 2 times (x 78B)
Class com.google.common.collect.Hashing                                               : loaded 2 times (x 67B)
Class com.android.ide.gradle.model.builder.LegacyAndroidGradlePluginPropertiesModelBuilder$Companion: loaded 2 times (x 67B)
Class com.intellij.gradle.toolingExtension.impl.model.dependencyModel.auxiliary.AuxiliaryConfigurationArtifacts: loaded 2 times (x 70B)
Class org.jetbrains.kotlin.config.ExplicitApiMode$Companion                           : loaded 2 times (x 67B)
Class com.google.common.reflect.TypeCapture                                           : loaded 2 times (x 67B)
Class jdk.internal.jimage.decompressor.StringSharingDecompressorFactory               : loaded 2 times (x 70B)
Class com.google.common.base.Objects                                                  : loaded 2 times (x 67B)
Class org.jetbrains.plugins.gradle.model.DefaultGradleConfiguration                   : loaded 2 times (x 75B)
Class io.opentelemetry.api.internal.OtelEncodingUtils                                 : loaded 2 times (x 67B)
Class org.gradle.tooling.internal.consumer.converters.IdeaModuleDependencyTargetNameMixin: loaded 2 times (x 69B)
Class com.google.common.collect.FluentIterable$1                                      : loaded 2 times (x 77B)
Class [Lcom.android.tools.idea.gradle.model.ResolverType;                             : loaded 2 times (x 65B)
Class com.android.tools.idea.gradle.project.sync.LibraryIdentity                      : loaded 2 times (x 68B)
Class com.android.tools.idea.gradle.model.IdeVariantCore                              : loaded 2 times (x 66B)
Class jdk.internal.jimage.ImageBufferCache$2                                          : loaded 2 times (x 87B)
Class io.opentelemetry.context.ImplicitContextKeyed                                   : loaded 2 times (x 66B)
Class com.android.tools.idea.gradle.project.upgrade.AndroidGradlePluginCompatibilityKt: loaded 2 times (x 67B)
Class com.android.tools.idea.gradle.project.sync.BasicIncompleteAndroidModule         : loaded 2 times (x 69B)
Class com.android.tools.idea.gradle.project.sync.AgpVersionsMismatch                  : loaded 2 times (x 78B)
Class com.android.tools.idea.gradle.project.sync.ModuleId                             : loaded 2 times (x 68B)
Class com.android.tools.idea.gradle.project.sync.ActionToRun$toSafeController$1       : loaded 2 times (x 82B)
Class org.gradle.tooling.model.GradleTask                                             : loaded 2 times (x 66B)
Class [Lorg.objectweb.asm.Type;                                                       : loaded 2 times (x 65B)
Class org.gradle.internal.service.ServiceLocator                                      : loaded 2 times (x 66B)
Class io.opentelemetry.api.trace.TraceFlags                                           : loaded 2 times (x 66B)
Class org.jetbrains.kotlin.idea.gradleTooling.reflect.KotlinCompilerArgumentsResolverReflection: loaded 2 times (x 66B)
Class com.google.common.reflect.Types$JavaVersion$3                                   : loaded 2 times (x 79B)
Class com.google.common.io.CharSink                                                   : loaded 2 times (x 75B)
Class org.objectweb.asm.Label                                                         : loaded 2 times (x 69B)
Class org.objectweb.asm.CurrentFrame                                                  : loaded 2 times (x 69B)
Class org.objectweb.asm.ClassTooLargeException                                        : loaded 2 times (x 79B)
Class org.jetbrains.kotlin.idea.gradleTooling.reflect.TypeToken$Companion             : loaded 2 times (x 67B)
Class org.jetbrains.plugins.gradle.model.tests.DefaultExternalTestsModel              : loaded 2 times (x 73B)
Class [Lcom.android.tools.idea.gradle.project.sync.ModelFeature;                      : loaded 2 times (x 65B)
Class com.android.tools.idea.gradle.model.IdeBuildType                                : loaded 2 times (x 66B)
Class com.android.tools.idea.gradle.project.sync.ArtifactRef                          : loaded 2 times (x 67B)
Class com.android.tools.idea.gradle.project.sync.ModelCache$V2                        : loaded 2 times (x 66B)
Class org.jetbrains.kotlin.idea.gradleTooling.model.parcelize.ParcelizeModelBuilderService: loaded 2 times (x 77B)
Class JetGradlePlugin                                                                 : loaded 2 times (x 92B)
Class kotlin.jvm.internal.FunctionAdapter                                             : loaded 2 times (x 66B)
Class com.android.ide.common.gradle.Module$Companion                                  : loaded 2 times (x 67B)
Class com.android.tools.idea.gradle.project.sync.VariantSelectionChange               : loaded 2 times (x 68B)
Class com.android.tools.idea.gradle.project.sync.VariantNameResolutionKt$buildVariantNameResolver$1: loaded 2 times (x 71B)
Class com.android.tools.idea.gradle.model.impl.IdeVariantBuildInformationImpl         : loaded 2 times (x 72B)
Class com.android.tools.idea.gradle.model.impl.IdePreResolvedModuleLibraryImpl        : loaded 2 times (x 77B)
Class org.jetbrains.plugins.gradle.model.ear.EarConfiguration                         : loaded 2 times (x 66B)
Class com.android.tools.idea.gradle.project.sync.GradleModulesKt                      : loaded 2 times (x 67B)
Class com.android.tools.idea.gradle.project.sync.InternedModels$nameLibraries$IdeModelAndReferenceAndIdentity: loaded 2 times (x 71B)
Class org.jetbrains.plugins.gradle.tooling.serialization.internal.IdeaProjectSerializationService$WriteContext$FilePathComparator: loaded 2 times (x 87B)
Class com.intellij.gradle.toolingExtension.impl.util.GradleModelProviderUtil          : loaded 2 times (x 67B)
Class com.google.common.reflect.Types$JavaVersion$4                                   : loaded 2 times (x 79B)
Class com.google.common.io.ByteSource$AsCharSource                                    : loaded 2 times (x 82B)
Class com.google.common.collect.Maps$IteratorBasedAbstractMap                         : loaded 2 times (x 121B)
Class org.jetbrains.kotlin.cli.common.messages.MessageCollector$Companion$NONE$1      : loaded 2 times (x 72B)
Class org.objectweb.asm.Frame                                                         : loaded 2 times (x 69B)
Class org.objectweb.asm.MethodVisitor                                                 : loaded 2 times (x 101B)
Class com.google.common.cache.LocalCache$EntryFactory$1                               : loaded 2 times (x 79B)
Class [Lcom.google.common.cache.RemovalListener;                                      : loaded 2 times (x 65B)
Class com.android.ide.gradle.model.artifacts.impl.AdditionalClassifierArtifactsImpl   : loaded 2 times (x 74B)
Class com.android.ide.gradle.model.artifacts.builder.SourcesCompatibilityRule         : loaded 2 times (x 72B)
Class org.jetbrains.kotlin.idea.gradleTooling.reflect.KotlinCompilerArgumentsResolverReflectionKt: loaded 2 times (x 67B)
Class com.google.common.io.ByteArrayDataOutput                                        : loaded 2 times (x 66B)
Class org.jetbrains.kotlin.idea.gradleTooling.KotlinMPPGradleModelBuilder$Companion   : loaded 2 times (x 67B)
Class io.opentelemetry.context.ContextStorageProvider                                 : loaded 2 times (x 66B)
Class org.jetbrains.kotlin.idea.gradleTooling.OrphanSourceSetImportingChecker         : loaded 2 times (x 70B)
Class com.android.tools.idea.gradle.project.sync.SyncVariantResult                    : loaded 2 times (x 68B)
Class com.intellij.gradle.toolingExtension.impl.model.projectModel.GradleExternalProjectModelBuilder: loaded 2 times (x 82B)
Class com.android.tools.idea.gradle.model.impl.IdeVectorDrawablesOptionsImpl          : loaded 2 times (x 71B)
Class org.jetbrains.kotlin.idea.gradleTooling.model.kapt.KaptSourceSetModel           : loaded 2 times (x 66B)
Class org.gradle.tooling.internal.consumer.connection.ToolingParameterProxy           : loaded 2 times (x 72B)
Class org.jetbrains.kotlin.tooling.core.InternerImpl$Store$Strong                     : loaded 2 times (x 72B)
Class org.gradle.tooling.internal.consumer.versioning.VersionDetails$R28VersionDetails: loaded 2 times (x 76B)
Class com.google.common.reflect.Types$JavaVersion$5                                   : loaded 2 times (x 67B)
Class [Lcom.google.common.reflect.Types$ClassOwnership;                               : loaded 2 times (x 65B)
Class com.google.common.cache.LocalCache$EntryFactory$2                               : loaded 2 times (x 79B)
Class org.gradle.api.internal.classpath.GlobalCacheRootsProvider                      : loaded 2 times (x 66B)
Class org.gradle.internal.impldep.com.google.common.base.Objects                      : loaded 2 times (x 67B)
Class org.jetbrains.plugins.gradle.tooling.serialization.ExternalTestsSerializationService$1: loaded 2 times (x 72B)
Class com.android.tools.idea.gradle.project.sync.VariantDef                           : loaded 2 times (x 68B)
Class org.jetbrains.kotlin.idea.gradleTooling.reflect.KotlinAndroidSourceSetInfoReflection: loaded 2 times (x 66B)
Class com.android.tools.idea.gradle.project.sync.ClasspathIdentifier                  : loaded 2 times (x 68B)
Class com.android.tools.idea.gradle.project.sync.VariantDiscovery$toTraverseAction$1$1$moduleDependencies$1: loaded 2 times (x 121B)
Class com.intellij.openapi.externalSystem.model.project.dependencies.ProjectDependencyNode: loaded 2 times (x 66B)
Class org.jetbrains.kotlin.idea.gradleTooling.model.lombok.LombokModelBuilderService  : loaded 2 times (x 83B)
Class com.android.ide.common.gradle.Component$Companion                               : loaded 2 times (x 67B)
Class com.android.tools.idea.gradle.model.IdeLintOptions                              : loaded 2 times (x 66B)
Class com.intellij.gradle.toolingExtension.impl.model.dependencyModel.GradleDependencyResolver: loaded 2 times (x 68B)
Class com.android.tools.idea.gradle.project.sync.DefaultVariantsKt$getDefaultVariant$$inlined$compareBy$1: loaded 2 times (x 86B)
Class com.android.builder.model.v2.dsl.ClassField                                     : loaded 2 times (x 66B)
Class com.google.common.collect.Cut$BelowAll                                          : loaded 2 times (x 84B)
Class com.android.tools.idea.gradle.project.sync.AndroidExtraModelProviderWorkerKt    : loaded 2 times (x 67B)
Class org.gradle.internal.classloader.ClasspathUtil$1                                 : loaded 2 times (x 72B)
Class org.jetbrains.plugins.gradle.tooling.util.ClassMap                              : loaded 2 times (x 68B)
Class com.google.common.cache.CacheLoader$UnsupportedLoadingOperationException        : loaded 2 times (x 78B)
Class io.opentelemetry.context.propagation.ContextPropagators                         : loaded 2 times (x 66B)
Class com.google.common.collect.CollectCollectors                                     : loaded 2 times (x 67B)
Class org.objectweb.asm.ModuleWriter                                                  : loaded 2 times (x 78B)
Class com.google.common.cache.LocalCache$EntryFactory$3                               : loaded 2 times (x 79B)
Class com.google.common.base.Ticker$1                                                 : loaded 2 times (x 68B)
Class com.google.common.collect.Maps$BiMapConverter                                   : loaded 2 times (x 86B)
Class org.jetbrains.kotlin.idea.gradleTooling.reflect.GradleReflectionLogger          : loaded 2 times (x 71B)
Class org.gradle.api.internal.classpath.ManifestUtil                                  : loaded 2 times (x 67B)
Class com.google.common.util.concurrent.ExecutionError                                : loaded 2 times (x 78B)
Class com.google.common.collect.ImmutableEnumSet                                      : loaded 2 times (x 142B)
Class com.google.common.collect.AbstractMapBasedMultimap$WrappedCollection            : loaded 2 times (x 120B)
Class com.intellij.gradle.toolingExtension.modelProvider.GradleClassProjectModelProvider: loaded 2 times (x 80B)
Class [Lio.opentelemetry.api.trace.ImmutableTraceFlags;                               : loaded 2 times (x 65B)
Class com.android.tools.idea.gradle.model.IdeAndroidArtifactCore                      : loaded 2 times (x 66B)
Class com.android.tools.idea.gradle.model.impl.IdeApiVersionImpl                      : loaded 2 times (x 73B)
Class com.android.tools.idea.gradle.project.sync.AndroidProjectResult$Companion       : loaded 2 times (x 67B)
Class org.objectweb.asm.ClassWriter                                                   : loaded 2 times (x 102B)
Class com.google.common.collect.SortedLists$KeyPresentBehavior$1                      : loaded 2 times (x 76B)
Class org.gradle.tooling.model.kotlin.dsl.EditorReportSeverity                        : loaded 2 times (x 75B)
Class com.intellij.gradle.toolingExtension.impl.modelAction.GradleDaemonModelHolder$ConvertedModel: loaded 2 times (x 68B)
Class org.gradle.tooling.internal.consumer.converters.EclipseExternalDependencyUnresolvedMixin: loaded 2 times (x 69B)
Class org.gradle.tooling.model.BuildableElement                                       : loaded 2 times (x 66B)
Class org.gradle.tooling.model.HasGradleProject                                       : loaded 2 times (x 66B)
Class org.gradle.tooling.internal.consumer.versioning.VersionDetails$R44VersionDetails: loaded 2 times (x 76B)
Class org.jetbrains.kotlin.idea.projectModel.KotlinPlatform                           : loaded 2 times (x 75B)
Class [Lcom.intellij.gradle.toolingExtension.modelAction.GradleModelFetchPhase;       : loaded 2 times (x 65B)
Class com.google.common.cache.LocalCache$EntryFactory$4                               : loaded 2 times (x 79B)
Class com.google.common.collect.AbstractMapBasedMultimap$KeySet$1                     : loaded 2 times (x 78B)
Class com.intellij.gradle.toolingExtension.impl.model.dependencyModel.GradleDependencyTraverser: loaded 2 times (x 76B)
Class jdk.internal.jimage.ImageBufferCache$1                                          : loaded 2 times (x 79B)
Class com.intellij.gradle.toolingExtension.impl.model.sourceSetDependencyModel.DefaultGradleSourceSetDependencyModel: loaded 2 times (x 73B)
Class org.jetbrains.kotlin.idea.gradleTooling.AbstractKotlinGradleModelBuilder$Companion: loaded 2 times (x 67B)
Class com.android.tools.idea.gradle.model.IdeArtifactLibrary                          : loaded 2 times (x 66B)
Class com.android.tools.idea.gradle.project.sync.MeasurementCheckpoint                : loaded 2 times (x 75B)
Class com.android.tools.idea.gradle.model.impl.IdeLintOptionsImpl                     : loaded 2 times (x 99B)
Class com.android.tools.idea.gradle.model.IdeSourceProviderContainer                  : loaded 2 times (x 66B)
Class org.gradle.tooling.internal.consumer.connection.NestedActionAwareBuildControllerAdapter$1: loaded 2 times (x 72B)
Class com.google.common.collect.SortedLists$KeyPresentBehavior$2                      : loaded 2 times (x 76B)
Class org.gradle.internal.impldep.com.google.common.collect.Iterators                 : loaded 2 times (x 67B)
Class com.android.tools.idea.gradle.project.sync.VariantDependenciesCompat$AdjacencyList: loaded 2 times (x 68B)
Class org.jetbrains.plugins.gradle.model.DefaultDependencyAccessorsModel              : loaded 2 times (x 72B)
Class com.intellij.gradle.toolingExtension.impl.model.sourceSetModel.GradleSourceSetModelProvider: loaded 2 times (x 79B)
Class org.gradle.tooling.model.build.BuildEnvironment                                 : loaded 2 times (x 66B)
Class com.google.common.io.ByteStreams$1                                              : loaded 2 times (x 81B)
Class com.google.common.cache.LocalCache$EntryFactory$5                               : loaded 2 times (x 79B)
Class com.android.ide.gradle.model.artifacts.impl.AdditionalClassifierArtifactsModelImpl: loaded 2 times (x 72B)
Class com.android.tools.idea.gradle.model.IdeVectorDrawablesOptions                   : loaded 2 times (x 66B)
Class com.android.tools.idea.gradle.model.IdeSourceProvider                           : loaded 2 times (x 66B)
Class com.android.tools.idea.gradle.model.IdeTestOptions                              : loaded 2 times (x 66B)
Class org.jetbrains.plugins.gradle.tooling.serialization.internal.IdeaProjectSerializationService$TargetBytecodeVersionGetter: loaded 2 times (x 71B)
Class [Lcom.android.tools.idea.gradle.model.IdeTestOptions$Execution;                 : loaded 2 times (x 65B)
Class org.gradle.internal.InternalTransformer                                         : loaded 2 times (x 66B)
Class com.google.common.collect.SortedLists$KeyPresentBehavior$3                      : loaded 2 times (x 76B)
Class org.gradle.internal.impldep.com.google.common.base.Present                      : loaded 2 times (x 77B)
Class org.gradle.tooling.internal.consumer.connection.HasCompatibilityMapping         : loaded 2 times (x 69B)
Class com.google.common.base.CharMatcher$JavaLetterOrDigit                            : loaded 2 times (x 107B)
Class com.google.common.collect.ImmutableSortedSetFauxverideShim                      : loaded 2 times (x 143B)
Class org.gradle.tooling.internal.consumer.connection.InternalBuildActionAdapter      : loaded 2 times (x 76B)
Class org.jetbrains.kotlin.config.JVMAssertionsMode$Companion                         : loaded 2 times (x 67B)
Class org.apache.commons.io.output.AppendableWriter                                   : loaded 2 times (x 96B)
Class com.google.common.cache.LocalCache$EntryFactory$6                               : loaded 2 times (x 79B)
Class org.gradle.internal.installation.CurrentGradleInstallationLocator               : loaded 2 times (x 67B)
Class com.android.ide.gradle.model.impl.GradlePluginModelImpl                         : loaded 2 times (x 71B)
Class com.intellij.openapi.diagnostic.DefaultLogger                                   : loaded 2 times (x 96B)
Class com.android.tools.idea.gradle.model.impl.IdePrivacySandboxSdkInfoImpl           : loaded 2 times (x 76B)
Class com.android.tools.idea.gradle.project.sync.AllKotlinModels                      : loaded 2 times (x 68B)
Class com.android.tools.idea.gradle.model.IdeModuleSourceSet                          : loaded 2 times (x 66B)
Class org.jetbrains.plugins.gradle.model.DefaultGradleLightBuild                      : loaded 2 times (x 78B)
Class com.google.common.collect.SortedLists                                           : loaded 2 times (x 67B)
Class [Lcom.google.common.collect.SortedLists$KeyPresentBehavior;                     : loaded 2 times (x 65B)
Class com.google.common.collect.SortedLists$KeyPresentBehavior$4                      : loaded 2 times (x 76B)
Class com.intellij.openapi.diagnostic.Attachment                                      : loaded 2 times (x 68B)
Class com.android.builder.model.NativeAndroidProject                                  : loaded 2 times (x 66B)
Class org.gradle.tooling.model.idea.IdeaJavaLanguageSettings                          : loaded 2 times (x 66B)
Class org.jetbrains.plugins.gradle.tooling.serialization.internal.adapter.kotlin.dsl.InternalKotlinDslScriptsModel: loaded 2 times (x 72B)
Class org.gradle.tooling.internal.adapter.ProtocolToModelAdapter$ChainedMethodInvoker : loaded 2 times (x 72B)
Class com.android.tools.idea.gradle.project.sync.Modules                              : loaded 2 times (x 67B)
Class com.android.tools.idea.gradle.model.impl.IdeUnresolvedLibraryTableImpl          : loaded 2 times (x 71B)
Class com.google.common.collect.Iterators$SingletonIterator                           : loaded 2 times (x 77B)
Class com.google.common.io.ByteSource$SlicedByteSource                                : loaded 2 times (x 81B)
Class org.jetbrains.kotlin.cli.common.messages.CompilerMessageSeverity$Companion      : loaded 2 times (x 67B)
Class com.google.common.collect.ImmutableMultimap$Builder                             : loaded 2 times (x 79B)
Class org.apache.commons.io.output.ThresholdingOutputStream                           : loaded 2 times (x 91B)
Class com.google.common.collect.Maps$KeySet                                           : loaded 2 times (x 133B)
Class com.google.common.cache.LocalCache$EntryFactory$7                               : loaded 2 times (x 79B)
Class com.google.common.collect.ImmutableSet$EmptySetBuilderImpl                      : loaded 2 times (x 72B)
Class org.gradle.internal.service.DefaultServiceLocator                               : loaded 2 times (x 79B)
Class org.jetbrains.kotlin.idea.gradleTooling.KotlinGradlePluginVersion$Companion     : loaded 2 times (x 67B)
Class [Lcom.android.tools.idea.gradle.model.impl.IdeDependenciesCoreImpl;             : loaded 2 times (x 65B)
Class com.android.tools.idea.gradle.project.sync.GradleProject$ModelConsumer          : loaded 2 times (x 68B)
Class com.intellij.gradle.toolingExtension.impl.model.utilDummyModel.DefaultDummyModel: loaded 2 times (x 69B)
Class org.gradle.internal.classloader.ClassLoaderHierarchy                            : loaded 2 times (x 66B)
Class [Lcom.google.common.base.AbstractIterator$State;                                : loaded 2 times (x 65B)
Class org.jetbrains.plugins.gradle.tooling.builder.ScalaModelBuilderImpl              : loaded 2 times (x 77B)
Class org.jetbrains.plugins.gradle.tooling.ModelBuilderContext                        : loaded 2 times (x 66B)
Class com.android.tools.idea.gradle.project.sync.VariantNameResolutionKt              : loaded 2 times (x 67B)
Class com.android.tools.idea.gradle.model.impl.IdeDependenciesImplKt$throwingIdeDependencies$1: loaded 2 times (x 168B)
Class org.jetbrains.kotlin.idea.gradleTooling.reflect.ReflectionReceiver$Static       : loaded 2 times (x 73B)
Class com.google.common.collect.SortedLists$KeyPresentBehavior$5                      : loaded 2 times (x 76B)
Class com.google.common.util.concurrent.UncheckedExecutionException                   : loaded 2 times (x 78B)
Class com.google.common.io.FileWriteMode                                              : loaded 2 times (x 75B)
Class com.google.common.io.ByteSink$AsCharSink                                        : loaded 2 times (x 76B)
Class org.jetbrains.plugins.gradle.model.FilePatternSet                               : loaded 2 times (x 66B)
Class org.jetbrains.plugins.gradle.model.GradleLightProject                           : loaded 2 times (x 66B)
Class io.opentelemetry.api.trace.SpanContextKey                                       : loaded 2 times (x 67B)
Class com.android.tools.idea.gradle.project.sync.AdditionalClassifierArtifactsActionOptions: loaded 2 times (x 68B)
Class jdk.internal.jrtfs.JrtDirectoryStream$1                                         : loaded 2 times (x 79B)
Class jdk.internal.jrtfs.JrtDirectoryStream                                           : loaded 2 times (x 85B)
Class com.google.common.collect.Maps$EntrySet                                         : loaded 2 times (x 132B)
Class com.google.common.collect.ImmutableMultimap$EntryCollection                     : loaded 2 times (x 123B)
Class org.jetbrains.kotlin.util.capitalizeDecapitalize.CapitalizeDecapitalizeKt       : loaded 2 times (x 67B)
Class com.google.common.cache.LocalCache$EntryFactory$8                               : loaded 2 times (x 79B)
Class org.gradle.internal.installation.CurrentGradleInstallation                      : loaded 2 times (x 69B)
Class org.jetbrains.kotlin.idea.gradleTooling.KotlinTasksPropertyUtilsKt              : loaded 2 times (x 67B)
Class jdk.internal.jimage.BasicImageReader                                            : loaded 2 times (x 91B)
Class org.gradle.tooling.model.gradle.BasicGradleProject                              : loaded 2 times (x 66B)
Class jdk.internal.jimage.ImageLocation                                               : loaded 2 times (x 86B)
Class io.opentelemetry.api.trace.DefaultTracerProvider                                : loaded 2 times (x 75B)
Class org.gradle.tooling.internal.consumer.converters.FixedBuildIdentifierProvider    : loaded 2 times (x 71B)
Class org.jetbrains.plugins.gradle.model.scala.ScalaModel                             : loaded 2 times (x 66B)
Class com.intellij.openapi.externalSystem.model.project.dependencies.ProjectDependencyNodeImpl: loaded 2 times (x 89B)
Class com.android.tools.idea.gradle.model.IdeUnknownLibrary                           : loaded 2 times (x 66B)
Class io.opentelemetry.context.ForwardingExecutorService                              : loaded 2 times (x 100B)
Class com.android.tools.idea.gradle.project.sync.LibraryIdentity$LibraryIdentityProvider$special$$inlined$compareBy$1: loaded 2 times (x 86B)
Class com.intellij.gradle.toolingExtension.impl.util.GradleExecutorServiceUtil        : loaded 2 times (x 67B)
Class jdk.internal.jrtfs.JrtFileSystemProvider                                        : loaded 2 times (x 97B)
Class com.google.common.collect.HashBiMap$BiEntry                                     : loaded 2 times (x 79B)
Class com.android.tools.idea.gradle.project.sync.GradleInjectedSyncActionRunner       : loaded 2 times (x 66B)
Class com.google.common.base.Ascii                                                    : loaded 2 times (x 67B)
Class com.google.common.collect.SingletonImmutableBiMap                               : loaded 2 times (x 139B)
Class org.jetbrains.kotlin.idea.gradleTooling.reflect.ParameterList$Companion         : loaded 2 times (x 67B)
Class org.gradle.tooling.model.gradle.ProjectPublications                             : loaded 2 times (x 66B)
Class org.jetbrains.kotlin.idea.projectModel.KotlinTargetJar                          : loaded 2 times (x 66B)
Class com.intellij.gradle.toolingExtension.impl.telemetry.GradleTracingContext        : loaded 2 times (x 130B)
Class com.google.common.cache.CacheLoader$1                                           : loaded 2 times (x 71B)
Class org.gradle.util.internal.GUtil                                                  : loaded 2 times (x 67B)
Class com.android.tools.idea.gradle.model.impl.IdeUnknownLibraryImpl                  : loaded 2 times (x 79B)
Class org.jetbrains.plugins.gradle.model.DefaultGradleExtensions                      : loaded 2 times (x 84B)
Class org.jetbrains.plugins.gradle.tooling.serialization.internal.IdeaProjectSerializationService$11: loaded 2 times (x 72B)
Class com.android.tools.idea.gradle.model.ndk.v1.IdeNativeAndroidProject              : loaded 2 times (x 66B)
Class com.intellij.gradle.toolingExtension.impl.model.dependencyDownloadPolicyModel.DefaultGradleDependencyDownloadPolicy: loaded 2 times (x 73B)
Class com.intellij.gradle.toolingExtension.impl.util.collectionUtil.GradleCollectionVisitor: loaded 2 times (x 66B)
Class com.intellij.gradle.toolingExtension.impl.model.dependencyGraphModel.GradleDependencyGraphModelBuilder: loaded 2 times (x 78B)
Class com.intellij.gradle.toolingExtension.impl.model.utilTurnOffDefaultTasksModel.DefaultTurnOffDefaultTasks: loaded 2 times (x 67B)
Class org.gradle.internal.impldep.com.google.common.collect.Iterators$10              : loaded 2 times (x 77B)
Class com.google.common.cache.LocalCache$1                                            : loaded 2 times (x 85B)
Class com.android.tools.idea.gradle.project.sync.AndroidSdkBootClasspathUtilKt        : loaded 2 times (x 67B)
Class com.android.tools.idea.gradle.model.impl.IdeVariantCoreImpl                     : loaded 2 times (x 101B)
Class com.android.tools.idea.gradle.model.impl.IdeExtraSourceProviderImpl             : loaded 2 times (x 72B)
Class com.google.common.base.CharMatcher$RangesMatcher                                : loaded 2 times (x 108B)
Class com.android.tools.idea.gradle.project.sync.AgpVersionTooOld                     : loaded 2 times (x 78B)
Class com.google.common.util.concurrent.AbstractFuture$Trusted                        : loaded 2 times (x 66B)
Class io.opentelemetry.api.trace.TraceId                                              : loaded 2 times (x 67B)
Class com.google.common.io.ByteSource                                                 : loaded 2 times (x 80B)
Class com.google.common.util.concurrent.AbstractFuture$SetFuture                      : loaded 2 times (x 71B)
Class com.google.common.cache.AbstractCache$StatsCounter                              : loaded 2 times (x 66B)
Class org.jetbrains.kotlin.idea.gradleTooling.reflect.KotlinSourceSetReflectionImpl   : loaded 2 times (x 78B)
Class com.intellij.gradle.toolingExtension.impl.model.sourceSetModel.DefaultGradleSourceSetModel: loaded 2 times (x 76B)
Class org.gradle.internal.classloader.FilteringClassLoader                            : loaded 2 times (x 101B)
Class org.jetbrains.kotlin.cli.common.messages.MessageCollector$Companion             : loaded 2 times (x 67B)
Class com.google.common.base.Optional                                                 : loaded 2 times (x 76B)
Class com.google.common.base.Equivalence$Identity                                     : loaded 2 times (x 78B)
Class com.google.common.base.PairwiseEquivalence                                      : loaded 2 times (x 79B)
Class com.android.tools.idea.gradle.model.impl.IdeBuildImpl                           : loaded 2 times (x 72B)
Class com.intellij.gradle.toolingExtension.impl.util.javaPluginUtil.JavaPluginUtil    : loaded 2 times (x 67B)
Class org.gradle.tooling.internal.consumer.converters.IncludedBuildsMixin             : loaded 2 times (x 70B)
Class io.opentelemetry.api.internal.ImmutableSpanContext                              : loaded 2 times (x 87B)
Class com.android.tools.idea.gradle.model.IdeModuleWellKnownSourceSet$Companion       : loaded 2 times (x 67B)
Class org.jetbrains.plugins.gradle.tooling.builder.ProjectExtensionsDataBuilderImpl   : loaded 2 times (x 74B)
Class com.google.common.reflect.TypeToken$SimpleTypeToken                             : loaded 2 times (x 69B)
Class com.google.common.io.ByteSource$ByteArrayByteSource                             : loaded 2 times (x 81B)
Class com.google.common.reflect.Types$TypeVariableImpl                                : loaded 2 times (x 68B)
Class org.gradle.internal.installation.GradleInstallation                             : loaded 2 times (x 71B)
Class org.jetbrains.plugins.gradle.model.DefaultFileCollectionDependency              : loaded 2 times (x 106B)
Class org.jetbrains.plugins.gradle.model.ProjectImportModelProvider$GradleModelConsumer: loaded 2 times (x 66B)
Class com.google.common.collect.Sets$ImprovedAbstractSet                              : loaded 2 times (x 131B)
Class com.intellij.gradle.toolingExtension.impl.util.javaPluginUtil.ExtensionJavaPluginAccessor: loaded 2 times (x 78B)
Class com.google.common.cache.LocalCache$2                                            : loaded 2 times (x 138B)
Class com.android.tools.idea.gradle.project.sync.StandaloneDeliverableModel$Companion : loaded 2 times (x 67B)
Class [Lcom.android.tools.idea.gradle.model.IdeDependenciesCore;                      : loaded 2 times (x 65B)
Class org.jetbrains.kotlin.idea.gradleTooling.reflect.KotlinExtensionReflection$Companion: loaded 2 times (x 67B)
Class com.android.tools.idea.gradle.project.sync.AgpCompatibilityKt                   : loaded 2 times (x 67B)
Class org.jetbrains.kotlin.idea.gradleTooling.reflect.KotlinExtensionReflection       : loaded 2 times (x 68B)
Class com.intellij.gradle.toolingExtension.impl.util.collectionUtil.GradleCollections : loaded 2 times (x 67B)
Class io.opentelemetry.api.trace.DefaultTracer                                        : loaded 2 times (x 70B)
Class org.gradle.tooling.internal.adapter.ProtocolToModelAdapter$2                    : loaded 2 times (x 74B)
Class com.google.common.util.concurrent.AbstractFuture$UnsafeAtomicHelper$1           : loaded 2 times (x 72B)
Class jdk.internal.jimage.decompressor.ResourceDecompressor$StringsProvider           : loaded 2 times (x 66B)
Class org.jetbrains.kotlin.config.LanguageFeature$State                               : loaded 2 times (x 78B)
Class com.google.common.base.Splitter$Strategy                                        : loaded 2 times (x 66B)
Class io.opentelemetry.api.trace.DefaultTracer$NoopSpanBuilder                        : loaded 2 times (x 85B)
Class org.jetbrains.plugins.gradle.tooling.util.GradleContainerUtil                   : loaded 2 times (x 67B)
Class org.jetbrains.kotlin.idea.gradleTooling.reflect.KotlinCompilerArgumentsResolverReflectionImpl: loaded 2 times (x 71B)
Class com.android.tools.idea.gradle.project.sync.ModelFeature                         : loaded 2 times (x 75B)
Class io.opentelemetry.api.trace.SpanContext                                          : loaded 2 times (x 66B)
Class org.jetbrains.plugins.gradle.model.DefaultGradleExtension                       : loaded 2 times (x 76B)
Class com.intellij.gradle.toolingExtension.impl.util.javaPluginUtil.JavaPluginAccessor: loaded 2 times (x 66B)
Class com.android.tools.idea.gradle.model.impl.IdeBuildTypeImpl                       : loaded 2 times (x 88B)
Class com.android.tools.idea.gradle.model.impl.IdeAndroidArtifactCoreImpl             : loaded 2 times (x 98B)
Class com.android.tools.idea.gradle.project.sync.ArtifactDependenciesCompat           : loaded 2 times (x 68B)
Class org.jetbrains.plugins.gradle.tooling.serialization.internal.IdeaProjectSerializationService$10: loaded 2 times (x 72B)
Class org.jetbrains.kotlin.idea.gradleTooling.AbstractKotlinGradleModelBuilder        : loaded 2 times (x 77B)
Class org.jetbrains.plugins.gradle.tooling.serialization.internal.IdeaProjectSerializationService$TestResourceDirectoriesGetter: loaded 2 times (x 71B)
Class com.android.tools.idea.gradle.model.IdeBasicVariant                             : loaded 2 times (x 66B)
Class com.intellij.gradle.toolingExtension.impl.model.dependencyModel.DefaultModuleComponentIdentifier: loaded 2 times (x 82B)
Class com.android.tools.idea.gradle.model.impl.IdeJavaCompileOptionsImpl              : loaded 2 times (x 74B)
Class com.android.ide.gradle.model.builder.GradlePropertiesModelBuilder               : loaded 2 times (x 71B)
Class com.android.ide.common.gradle.Component                                         : loaded 2 times (x 68B)
Class org.gradle.tooling.model.internal.Exceptions                                    : loaded 2 times (x 67B)
Class org.gradle.tooling.UnsupportedVersionException                                  : loaded 2 times (x 78B)
Class com.intellij.gradle.toolingExtension.impl.model.buildScriptClasspathModel.GradleBuildScriptClasspathModelProvider: loaded 2 times (x 79B)
Class com.intellij.gradle.toolingExtension.impl.modelAction.GradleModelFetchAction    : loaded 2 times (x 83B)
Class org.gradle.tooling.BuildAction                                                  : loaded 2 times (x 66B)

---------------  S Y S T E M  ---------------

OS:
 Windows 11 , 64 bit Build 26100 (10.0.26100.6725)
OS uptime: 0 days 22:21 hours
Hyper-V role detected

CPU: total 16 (initial active 16) (8 cores per cpu, 2 threads per core) family 6 model 183 stepping 1 microcode 0x12c, cx8, cmov, fxsr, ht, mmx, 3dnowpref, sse, sse2, sse3, ssse3, sse4.1, sse4.2, popcnt, lzcnt, tsc, tscinvbit, avx, avx2, aes, erms, clmul, bmi1, bmi2, adx, sha, fma, vzeroupper, clflush, clflushopt, clwb, hv, serialize, rdtscp, rdpid, fsrm, f16c, cet_ibt, cet_ss
Processor Information for processor 0
  Max Mhz: 2400, Current Mhz: 2400, Mhz Limit: 2400
Processor Information for processor 1
  Max Mhz: 2400, Current Mhz: 2400, Mhz Limit: 2400
Processor Information for processor 2
  Max Mhz: 2400, Current Mhz: 2400, Mhz Limit: 2400
Processor Information for processor 3
  Max Mhz: 2400, Current Mhz: 2400, Mhz Limit: 2400
Processor Information for processor 4
  Max Mhz: 2400, Current Mhz: 2400, Mhz Limit: 2400
Processor Information for processor 5
  Max Mhz: 2400, Current Mhz: 2400, Mhz Limit: 2400
Processor Information for processor 6
  Max Mhz: 2400, Current Mhz: 2400, Mhz Limit: 2400
Processor Information for processor 7
  Max Mhz: 2400, Current Mhz: 2400, Mhz Limit: 2400
Processor Information for processor 8
  Max Mhz: 2400, Current Mhz: 2400, Mhz Limit: 2400
Processor Information for processor 9
  Max Mhz: 2400, Current Mhz: 2400, Mhz Limit: 2400
Processor Information for processor 10
  Max Mhz: 2400, Current Mhz: 2400, Mhz Limit: 2400
Processor Information for processor 11
  Max Mhz: 2400, Current Mhz: 2400, Mhz Limit: 2400
Processor Information for processor 12
  Max Mhz: 2400, Current Mhz: 2400, Mhz Limit: 2400
Processor Information for processor 13
  Max Mhz: 2400, Current Mhz: 1466, Mhz Limit: 2400
Processor Information for processor 14
  Max Mhz: 2400, Current Mhz: 2400, Mhz Limit: 2400
Processor Information for processor 15
  Max Mhz: 2400, Current Mhz: 2400, Mhz Limit: 2400

Memory: 4k page, system-wide physical 7876M (694M free)
TotalPageFile size 18478M (AvailPageFile size 4M)
current process WorkingSet (physical memory assigned to process): 514M, peak: 1115M
current process commit charge ("private bytes"): 1871M, peak: 1873M

vm_info: OpenJDK 64-Bit Server VM (21.0.5+-12932927-b750.29) for windows-amd64 JRE (21.0.5+-12932927-b750.29), built on 2025-01-17T02:01:10Z by "builder" with MS VC++ 16.10 / 16.11 (VS2019)

END.
